Keyword,Current Target URL,Primary/Secondary,Intent,Current Page Type,Priority,Content Strength,Intent Match,Internal Link Strength,CTR Opportunity,Cannibalization Risk,Recommended Action,Expected SEO Impact,Implementation Status
"agency management software","/","Primary","Commercial","Commercial landing page","P1 — commercial owner","Established commercial hub","Mapped to stated intent","Supported by primary navigation and commercial cluster","No Search Console export available","Protected canonical owner","Strengthen canonical owner with answer-first copy, related-hub links, FAQ and CTA alignment.","High","Mapped to existing page"
"best agency management software","/","Secondary","Commercial","Commercial landing page","P1 — commercial owner","Established commercial hub","Mapped to stated intent","Supported by primary navigation and commercial cluster","No Search Console export available","Protected canonical owner","Strengthen canonical owner with answer-first copy, related-hub links, FAQ and CTA alignment.","High","Mapped to existing page"
"agency management platform","/","Secondary","Commercial","Commercial landing page","P1 — commercial owner","Established commercial hub","Mapped to stated intent","Supported by primary navigation and commercial cluster","No Search Console export available","Protected canonical owner","Strengthen canonical owner with answer-first copy, related-hub links, FAQ and CTA alignment.","High","Mapped to existing page"
"agency management system","/","Secondary","Commercial","Commercial landing page","P1 — commercial owner","Established commercial hub","Mapped to stated intent","Supported by primary navigation and commercial cluster","No Search Console export available","Protected canonical owner","Strengthen canonical owner with answer-first copy, related-hub links, FAQ and CTA alignment.","High","Mapped to existing page"
"agency software","/","Secondary","Commercial","Commercial landing page","P1 — commercial owner","Established commercial hub","Mapped to stated intent","Supported by primary navigation and commercial cluster","No Search Console export available","Protected canonical owner","Strengthen canonical owner with answer-first copy, related-hub links, FAQ and CTA alignment.","High","Mapped to existing page"
"software for agencies","/","Secondary","Commercial","Commercial landing page","P1 — commercial owner","Established commercial hub","Mapped to stated intent","Supported by primary navigation and commercial cluster","No Search Console export available","Protected canonical owner","Strengthen canonical owner with answer-first copy, related-hub links, FAQ and CTA alignment.","High","Mapped to existing page"
"all in one agency software","/","Secondary","Commercial","Commercial landing page","P1 — commercial owner","Established commercial hub","Mapped to stated intent","Supported by primary navigation and commercial cluster","No Search Console export available","Protected canonical owner","Strengthen canonical owner with answer-first copy, related-hub links, FAQ and CTA alignment.","High","Mapped to existing page"
"agency operations software","/","Secondary","Commercial","Commercial landing page","P1 — commercial owner","Established commercial hub","Mapped to stated intent","Supported by primary navigation and commercial cluster","No Search Console export available","Protected canonical owner","Strengthen canonical owner with answer-first copy, related-hub links, FAQ and CTA alignment.","High","Mapped to existing page"
"agency workflow software","/","Secondary","Commercial","Commercial landing page","P1 — commercial owner","Established commercial hub","Mapped to stated intent","Supported by primary navigation and commercial cluster","No Search Console export available","Protected canonical owner","Strengthen canonical owner with answer-first copy, related-hub links, FAQ and CTA alignment.","High","Mapped to existing page"
"agency management tool","/","Secondary","Commercial","Commercial landing page","P1 — commercial owner","Established commercial hub","Mapped to stated intent","Supported by primary navigation and commercial cluster","No Search Console export available","Protected canonical owner","Strengthen canonical owner with answer-first copy, related-hub links, FAQ and CTA alignment.","High","Mapped to existing page"
"agency software platform","/","Secondary","Commercial","Commercial landing page","P1 — commercial owner","Established commercial hub","Mapped to stated intent","Supported by primary navigation and commercial cluster","No Search Console export available","Protected canonical owner","Strengthen canonical owner with answer-first copy, related-hub links, FAQ and CTA alignment.","High","Mapped to existing page"
"agency business software","/","Secondary","Commercial","Commercial landing page","P1 — commercial owner","Established commercial hub","Mapped to stated intent","Supported by primary navigation and commercial cluster","No Search Console export available","Protected canonical owner","Strengthen canonical owner with answer-first copy, related-hub links, FAQ and CTA alignment.","High","Mapped to existing page"
"agency operations platform","/","Secondary","Commercial","Commercial landing page","P1 — commercial owner","Established commercial hub","Mapped to stated intent","Supported by primary navigation and commercial cluster","No Search Console export available","Protected canonical owner","Strengthen canonical owner with answer-first copy, related-hub links, FAQ and CTA alignment.","High","Mapped to existing page"
"agency operating system","/","Secondary","Commercial","Commercial landing page","P1 — commercial owner","Established commercial hub","Mapped to stated intent","Supported by primary navigation and commercial cluster","No Search Console export available","Protected canonical owner","Strengthen canonical owner with answer-first copy, related-hub links, FAQ and CTA alignment.","High","Mapped to existing page"
"agency workflow management","/","Secondary","Commercial","Commercial landing page","P1 — commercial owner","Established commercial hub","Mapped to stated intent","Supported by primary navigation and commercial cluster","No Search Console export available","Protected canonical owner","Strengthen canonical owner with answer-first copy, related-hub links, FAQ and CTA alignment.","High","Mapped to existing page"
"agency workflow platform","/","Secondary","Commercial","Commercial landing page","P1 — commercial owner","Established commercial hub","Mapped to stated intent","Supported by primary navigation and commercial cluster","No Search Console export available","Protected canonical owner","Strengthen canonical owner with answer-first copy, related-hub links, FAQ and CTA alignment.","High","Mapped to existing page"
"agency productivity software","/","Secondary","Commercial","Commercial landing page","P1 — commercial owner","Established commercial hub","Mapped to stated intent","Supported by primary navigation and commercial cluster","No Search Console export available","Protected canonical owner","Strengthen canonical owner with answer-first copy, related-hub links, FAQ and CTA alignment.","High","Mapped to existing page"
"agency administration software","/","Secondary","Commercial","Commercial landing page","P1 — commercial owner","Established commercial hub","Mapped to stated intent","Supported by primary navigation and commercial cluster","No Search Console export available","Protected canonical owner","Strengthen canonical owner with answer-first copy, related-hub links, FAQ and CTA alignment.","High","Mapped to existing page"
"agency organization software","/","Secondary","Commercial","Commercial landing page","P1 — commercial owner","Established commercial hub","Mapped to stated intent","Supported by primary navigation and commercial cluster","No Search Console export available","Protected canonical owner","Strengthen canonical owner with answer-first copy, related-hub links, FAQ and CTA alignment.","High","Mapped to existing page"
"agency office management software","/","Secondary","Commercial","Commercial landing page","P1 — commercial owner","Established commercial hub","Mapped to stated intent","Supported by primary navigation and commercial cluster","No Search Console export available","Protected canonical owner","Strengthen canonical owner with answer-first copy, related-hub links, FAQ and CTA alignment.","High","Mapped to existing page"
"online agency management software","/","Secondary","Commercial","Commercial landing page","P1 — commercial owner","Established commercial hub","Mapped to stated intent","Supported by primary navigation and commercial cluster","No Search Console export available","Protected canonical owner","Strengthen canonical owner with answer-first copy, related-hub links, FAQ and CTA alignment.","High","Mapped to existing page"
"cloud agency management software","/","Secondary","Commercial","Commercial landing page","P1 — commercial owner","Established commercial hub","Mapped to stated intent","Supported by primary navigation and commercial cluster","No Search Console export available","Protected canonical owner","Strengthen canonical owner with answer-first copy, related-hub links, FAQ and CTA alignment.","High","Mapped to existing page"
"SaaS agency management software","/","Secondary","Commercial","Commercial landing page","P1 — commercial owner","Established commercial hub","Mapped to stated intent","Supported by primary navigation and commercial cluster","No Search Console export available","Protected canonical owner","Strengthen canonical owner with answer-first copy, related-hub links, FAQ and CTA alignment.","High","Mapped to existing page"
"modern agency management software","/","Secondary","Commercial","Commercial landing page","P1 — commercial owner","Established commercial hub","Mapped to stated intent","Supported by primary navigation and commercial cluster","No Search Console export available","Protected canonical owner","Strengthen canonical owner with answer-first copy, related-hub links, FAQ and CTA alignment.","High","Mapped to existing page"
"simple agency management software","/","Secondary","Commercial","Commercial landing page","P1 — commercial owner","Established commercial hub","Mapped to stated intent","Supported by primary navigation and commercial cluster","No Search Console export available","Protected canonical owner","Strengthen canonical owner with answer-first copy, related-hub links, FAQ and CTA alignment.","High","Mapped to existing page"
"easy agency management software","/","Secondary","Commercial","Commercial landing page","P1 — commercial owner","Established commercial hub","Mapped to stated intent","Supported by primary navigation and commercial cluster","No Search Console export available","Protected canonical owner","Strengthen canonical owner with answer-first copy, related-hub links, FAQ and CTA alignment.","High","Mapped to existing page"
"affordable agency management software","/","Secondary","Commercial","Commercial landing page","P1 — commercial owner","Established commercial hub","Mapped to stated intent","Supported by primary navigation and commercial cluster","No Search Console export available","Protected canonical owner","Strengthen canonical owner with answer-first copy, related-hub links, FAQ and CTA alignment.","High","Mapped to existing page"
"low cost agency management software","/","Secondary","Commercial","Commercial landing page","P1 — commercial owner","Established commercial hub","Mapped to stated intent","Supported by primary navigation and commercial cluster","No Search Console export available","Protected canonical owner","Strengthen canonical owner with answer-first copy, related-hub links, FAQ and CTA alignment.","High","Mapped to existing page"
"free agency management software","/","Secondary","Commercial","Commercial landing page","P1 — commercial owner","Established commercial hub","Mapped to stated intent","Supported by primary navigation and commercial cluster","No Search Console export available","Protected canonical owner","Strengthen canonical owner with answer-first copy, related-hub links, FAQ and CTA alignment.","High","Mapped to existing page"
"agency management software free","/","Secondary","Commercial","Commercial landing page","P1 — commercial owner","Established commercial hub","Mapped to stated intent","Supported by primary navigation and commercial cluster","No Search Console export available","Protected canonical owner","Strengthen canonical owner with answer-first copy, related-hub links, FAQ and CTA alignment.","High","Mapped to existing page"
"agency management software free trial","/","Secondary","Commercial","Commercial landing page","P1 — commercial owner","Established commercial hub","Mapped to stated intent","Supported by primary navigation and commercial cluster","No Search Console export available","Protected canonical owner","Strengthen canonical owner with answer-first copy, related-hub links, FAQ and CTA alignment.","High","Mapped to existing page"
"agency management software for small business","/","Secondary","Commercial","Commercial landing page","P1 — commercial owner","Established commercial hub","Mapped to stated intent","Supported by primary navigation and commercial cluster","No Search Console export available","Protected canonical owner","Strengthen canonical owner with answer-first copy, related-hub links, FAQ and CTA alignment.","High","Mapped to existing page"
"agency management software for startups","/","Secondary","Commercial","Commercial landing page","P1 — commercial owner","Established commercial hub","Mapped to stated intent","Supported by primary navigation and commercial cluster","No Search Console export available","Protected canonical owner","Strengthen canonical owner with answer-first copy, related-hub links, FAQ and CTA alignment.","High","Mapped to existing page"
"agency management software for small agencies","/","Secondary","Commercial","Commercial landing page","P1 — commercial owner","Established commercial hub","Mapped to stated intent","Supported by primary navigation and commercial cluster","No Search Console export available","Protected canonical owner","Strengthen canonical owner with answer-first copy, related-hub links, FAQ and CTA alignment.","High","Mapped to existing page"
"agency management software for growing agencies","/","Secondary","Commercial","Commercial landing page","P1 — commercial owner","Established commercial hub","Mapped to stated intent","Supported by primary navigation and commercial cluster","No Search Console export available","Protected canonical owner","Strengthen canonical owner with answer-first copy, related-hub links, FAQ and CTA alignment.","High","Mapped to existing page"
"agency management software for teams","/","Secondary","Commercial","Commercial landing page","P1 — commercial owner","Established commercial hub","Mapped to stated intent","Supported by primary navigation and commercial cluster","No Search Console export available","Protected canonical owner","Strengthen canonical owner with answer-first copy, related-hub links, FAQ and CTA alignment.","High","Mapped to existing page"
"agency management software for freelancers","/","Secondary","Commercial","Commercial landing page","P1 — commercial owner","Established commercial hub","Mapped to stated intent","Supported by primary navigation and commercial cluster","No Search Console export available","Protected canonical owner","Strengthen canonical owner with answer-first copy, related-hub links, FAQ and CTA alignment.","High","Mapped to existing page"
"agency management software with CRM","/","Secondary","Commercial","Commercial landing page","P1 — commercial owner","Established commercial hub","Mapped to stated intent","Supported by primary navigation and commercial cluster","No Search Console export available","Protected canonical owner","Strengthen canonical owner with answer-first copy, related-hub links, FAQ and CTA alignment.","High","Mapped to existing page"
"agency management software with invoicing","/","Secondary","Commercial","Commercial landing page","P1 — commercial owner","Established commercial hub","Mapped to stated intent","Supported by primary navigation and commercial cluster","No Search Console export available","Protected canonical owner","Strengthen canonical owner with answer-first copy, related-hub links, FAQ and CTA alignment.","High","Mapped to existing page"
"agency management software with client portal","/","Secondary","Commercial","Commercial landing page","P1 — commercial owner","Established commercial hub","Mapped to stated intent","Supported by primary navigation and commercial cluster","No Search Console export available","Protected canonical owner","Strengthen canonical owner with answer-first copy, related-hub links, FAQ and CTA alignment.","High","Mapped to existing page"
"agency management software with project management","/","Secondary","Commercial","Commercial landing page","P1 — commercial owner","Established commercial hub","Mapped to stated intent","Supported by primary navigation and commercial cluster","No Search Console export available","Protected canonical owner","Strengthen canonical owner with answer-first copy, related-hub links, FAQ and CTA alignment.","High","Mapped to existing page"
"agency management software with billing","/","Secondary","Commercial","Commercial landing page","P1 — commercial owner","Established commercial hub","Mapped to stated intent","Supported by primary navigation and commercial cluster","No Search Console export available","Protected canonical owner","Strengthen canonical owner with answer-first copy, related-hub links, FAQ and CTA alignment.","High","Mapped to existing page"
"agency management software with task management","/","Secondary","Commercial","Commercial landing page","P1 — commercial owner","Established commercial hub","Mapped to stated intent","Supported by primary navigation and commercial cluster","No Search Console export available","Protected canonical owner","Strengthen canonical owner with answer-first copy, related-hub links, FAQ and CTA alignment.","High","Mapped to existing page"
"agency management software with reporting","/","Secondary","Commercial","Commercial landing page","P1 — commercial owner","Established commercial hub","Mapped to stated intent","Supported by primary navigation and commercial cluster","No Search Console export available","Protected canonical owner","Strengthen canonical owner with answer-first copy, related-hub links, FAQ and CTA alignment.","High","Mapped to existing page"
"agency management software with team management","/","Secondary","Commercial","Commercial landing page","P1 — commercial owner","Established commercial hub","Mapped to stated intent","Supported by primary navigation and commercial cluster","No Search Console export available","Protected canonical owner","Strengthen canonical owner with answer-first copy, related-hub links, FAQ and CTA alignment.","High","Mapped to existing page"
"agency management software with CRM and invoicing","/","Secondary","Commercial","Commercial landing page","P1 — commercial owner","Established commercial hub","Mapped to stated intent","Supported by primary navigation and commercial cluster","No Search Console export available","Protected canonical owner","Strengthen canonical owner with answer-first copy, related-hub links, FAQ and CTA alignment.","High","Mapped to existing page"
"best all in one agency software","/","Secondary","Commercial","Commercial landing page","P1 — commercial owner","Established commercial hub","Mapped to stated intent","Supported by primary navigation and commercial cluster","No Search Console export available","Protected canonical owner","Strengthen canonical owner with answer-first copy, related-hub links, FAQ and CTA alignment.","High","Mapped to existing page"
"complete agency management software","/","Secondary","Commercial","Commercial landing page","P1 — commercial owner","Established commercial hub","Mapped to stated intent","Supported by primary navigation and commercial cluster","No Search Console export available","Protected canonical owner","Strengthen canonical owner with answer-first copy, related-hub links, FAQ and CTA alignment.","High","Mapped to existing page"
"integrated agency management software","/","Secondary","Commercial","Commercial landing page","P1 — commercial owner","Established commercial hub","Mapped to stated intent","Supported by primary navigation and commercial cluster","No Search Console export available","Protected canonical owner","Strengthen canonical owner with answer-first copy, related-hub links, FAQ and CTA alignment.","High","Mapped to existing page"
"client agency management software","/","Secondary","Commercial","Commercial landing page","P1 — commercial owner","Established commercial hub","Mapped to stated intent","Supported by primary navigation and commercial cluster","No Search Console export available","Protected canonical owner","Strengthen canonical owner with answer-first copy, related-hub links, FAQ and CTA alignment.","High","Mapped to existing page"
"professional services agency software","/","Secondary","Commercial","Commercial landing page","P1 — commercial owner","Established commercial hub","Mapped to stated intent","Supported by primary navigation and commercial cluster","No Search Console export available","Protected canonical owner","Strengthen canonical owner with answer-first copy, related-hub links, FAQ and CTA alignment.","High","Mapped to existing page"
"client service management software","/","Secondary","Commercial","Commercial landing page","P1 — commercial owner","Established commercial hub","Mapped to stated intent","Supported by primary navigation and commercial cluster","No Search Console export available","Protected canonical owner","Strengthen canonical owner with answer-first copy, related-hub links, FAQ and CTA alignment.","High","Mapped to existing page"
"client service agency software","/","Secondary","Commercial","Commercial landing page","P1 — commercial owner","Established commercial hub","Mapped to stated intent","Supported by primary navigation and commercial cluster","No Search Console export available","Protected canonical owner","Strengthen canonical owner with answer-first copy, related-hub links, FAQ and CTA alignment.","High","Mapped to existing page"
"client delivery software","/","Secondary","Commercial","Commercial landing page","P1 — commercial owner","Established commercial hub","Mapped to stated intent","Supported by primary navigation and commercial cluster","No Search Console export available","Protected canonical owner","Strengthen canonical owner with answer-first copy, related-hub links, FAQ and CTA alignment.","High","Mapped to existing page"
"client delivery platform","/","Secondary","Commercial","Commercial landing page","P1 — commercial owner","Established commercial hub","Mapped to stated intent","Supported by primary navigation and commercial cluster","No Search Console export available","Protected canonical owner","Strengthen canonical owner with answer-first copy, related-hub links, FAQ and CTA alignment.","High","Mapped to existing page"
"client delivery management software","/","Secondary","Commercial","Commercial landing page","P1 — commercial owner","Established commercial hub","Mapped to stated intent","Supported by primary navigation and commercial cluster","No Search Console export available","Protected canonical owner","Strengthen canonical owner with answer-first copy, related-hub links, FAQ and CTA alignment.","High","Mapped to existing page"
"agency delivery software","/","Secondary","Commercial","Commercial landing page","P1 — commercial owner","Established commercial hub","Mapped to stated intent","Supported by primary navigation and commercial cluster","No Search Console export available","Protected canonical owner","Strengthen canonical owner with answer-first copy, related-hub links, FAQ and CTA alignment.","High","Mapped to existing page"
"agency delivery platform","/","Secondary","Commercial","Commercial landing page","P1 — commercial owner","Established commercial hub","Mapped to stated intent","Supported by primary navigation and commercial cluster","No Search Console export available","Protected canonical owner","Strengthen canonical owner with answer-first copy, related-hub links, FAQ and CTA alignment.","High","Mapped to existing page"
"agency CRM","/agency-crm","Primary","Commercial","CRM hub / landing page","P1 — commercial owner","Established commercial hub","Mapped to stated intent","Supported by primary navigation and commercial cluster","No Search Console export available","Protected canonical owner","Strengthen canonical owner with answer-first copy, related-hub links, FAQ and CTA alignment.","High","Mapped to new page"
"agency CRM software","/agency-crm","Secondary","Commercial","CRM hub / landing page","P1 — commercial owner","Established commercial hub","Mapped to stated intent","Supported by primary navigation and commercial cluster","No Search Console export available","Protected canonical owner","Strengthen canonical owner with answer-first copy, related-hub links, FAQ and CTA alignment.","High","Mapped to new page"
"CRM for agencies","/agency-crm","Secondary","Commercial","CRM hub / landing page","P1 — commercial owner","Established commercial hub","Mapped to stated intent","Supported by primary navigation and commercial cluster","No Search Console export available","Protected canonical owner","Strengthen canonical owner with answer-first copy, related-hub links, FAQ and CTA alignment.","High","Mapped to new page"
"CRM software for agencies","/agency-crm","Secondary","Commercial","CRM hub / landing page","P1 — commercial owner","Established commercial hub","Mapped to stated intent","Supported by primary navigation and commercial cluster","No Search Console export available","Protected canonical owner","Strengthen canonical owner with answer-first copy, related-hub links, FAQ and CTA alignment.","High","Mapped to new page"
"best agency CRM","/agency-crm","Secondary","Commercial","CRM hub / landing page","P1 — commercial owner","Established commercial hub","Mapped to stated intent","Supported by primary navigation and commercial cluster","No Search Console export available","Protected canonical owner","Strengthen canonical owner with answer-first copy, related-hub links, FAQ and CTA alignment.","High","Mapped to new page"
"best CRM for agencies","/agency-crm","Secondary","Commercial","CRM hub / landing page","P1 — commercial owner","Established commercial hub","Mapped to stated intent","Supported by primary navigation and commercial cluster","No Search Console export available","Protected canonical owner","Strengthen canonical owner with answer-first copy, related-hub links, FAQ and CTA alignment.","High","Mapped to new page"
"best CRM software for agencies","/agency-crm","Secondary","Commercial","CRM hub / landing page","P1 — commercial owner","Established commercial hub","Mapped to stated intent","Supported by primary navigation and commercial cluster","No Search Console export available","Protected canonical owner","Strengthen canonical owner with answer-first copy, related-hub links, FAQ and CTA alignment.","High","Mapped to new page"
"free agency CRM","/agency-crm","Secondary","Commercial","CRM hub / landing page","P1 — commercial owner","Established commercial hub","Mapped to stated intent","Supported by primary navigation and commercial cluster","No Search Console export available","Protected canonical owner","Strengthen canonical owner with answer-first copy, related-hub links, FAQ and CTA alignment.","High","Mapped to new page"
"free CRM for agencies","/agency-crm","Secondary","Commercial","CRM hub / landing page","P1 — commercial owner","Established commercial hub","Mapped to stated intent","Supported by primary navigation and commercial cluster","No Search Console export available","Protected canonical owner","Strengthen canonical owner with answer-first copy, related-hub links, FAQ and CTA alignment.","High","Mapped to new page"
"affordable agency CRM","/agency-crm","Secondary","Commercial","CRM hub / landing page","P1 — commercial owner","Established commercial hub","Mapped to stated intent","Supported by primary navigation and commercial cluster","No Search Console export available","Protected canonical owner","Strengthen canonical owner with answer-first copy, related-hub links, FAQ and CTA alignment.","High","Mapped to new page"
"simple CRM for agencies","/agency-crm","Secondary","Commercial","CRM hub / landing page","P1 — commercial owner","Established commercial hub","Mapped to stated intent","Supported by primary navigation and commercial cluster","No Search Console export available","Protected canonical owner","Strengthen canonical owner with answer-first copy, related-hub links, FAQ and CTA alignment.","High","Mapped to new page"
"easy CRM for agencies","/agency-crm","Secondary","Commercial","CRM hub / landing page","P1 — commercial owner","Established commercial hub","Mapped to stated intent","Supported by primary navigation and commercial cluster","No Search Console export available","Protected canonical owner","Strengthen canonical owner with answer-first copy, related-hub links, FAQ and CTA alignment.","High","Mapped to new page"
"lightweight agency CRM","/agency-crm","Secondary","Commercial","CRM hub / landing page","P1 — commercial owner","Established commercial hub","Mapped to stated intent","Supported by primary navigation and commercial cluster","No Search Console export available","Protected canonical owner","Strengthen canonical owner with answer-first copy, related-hub links, FAQ and CTA alignment.","High","Mapped to new page"
"modern agency CRM","/agency-crm","Secondary","Commercial","CRM hub / landing page","P1 — commercial owner","Established commercial hub","Mapped to stated intent","Supported by primary navigation and commercial cluster","No Search Console export available","Protected canonical owner","Strengthen canonical owner with answer-first copy, related-hub links, FAQ and CTA alignment.","High","Mapped to new page"
"small agency CRM","/agency-crm","Secondary","Commercial","CRM hub / landing page","P1 — commercial owner","Established commercial hub","Mapped to stated intent","Supported by primary navigation and commercial cluster","No Search Console export available","Protected canonical owner","Strengthen canonical owner with answer-first copy, related-hub links, FAQ and CTA alignment.","High","Mapped to new page"
"CRM for small agencies","/agency-crm","Secondary","Commercial","CRM hub / landing page","P1 — commercial owner","Established commercial hub","Mapped to stated intent","Supported by primary navigation and commercial cluster","No Search Console export available","Protected canonical owner","Strengthen canonical owner with answer-first copy, related-hub links, FAQ and CTA alignment.","High","Mapped to new page"
"CRM for growing agencies","/agency-crm","Secondary","Commercial","CRM hub / landing page","P1 — commercial owner","Established commercial hub","Mapped to stated intent","Supported by primary navigation and commercial cluster","No Search Console export available","Protected canonical owner","Strengthen canonical owner with answer-first copy, related-hub links, FAQ and CTA alignment.","High","Mapped to new page"
"CRM for creative agencies","/agency-crm","Secondary","Commercial","CRM hub / landing page","P1 — commercial owner","Established commercial hub","Mapped to stated intent","Supported by primary navigation and commercial cluster","No Search Console export available","Protected canonical owner","Strengthen canonical owner with answer-first copy, related-hub links, FAQ and CTA alignment.","High","Mapped to new page"
"CRM for digital agencies","/agency-crm","Secondary","Commercial","CRM hub / landing page","P1 — commercial owner","Established commercial hub","Mapped to stated intent","Supported by primary navigation and commercial cluster","No Search Console export available","Protected canonical owner","Strengthen canonical owner with answer-first copy, related-hub links, FAQ and CTA alignment.","High","Mapped to new page"
"CRM for marketing agencies","/agency-crm","Secondary","Commercial","CRM hub / landing page","P1 — commercial owner","Established commercial hub","Mapped to stated intent","Supported by primary navigation and commercial cluster","No Search Console export available","Protected canonical owner","Strengthen canonical owner with answer-first copy, related-hub links, FAQ and CTA alignment.","High","Mapped to new page"
"CRM for advertising agencies","/agency-crm","Secondary","Commercial","CRM hub / landing page","P1 — commercial owner","Established commercial hub","Mapped to stated intent","Supported by primary navigation and commercial cluster","No Search Console export available","Protected canonical owner","Strengthen canonical owner with answer-first copy, related-hub links, FAQ and CTA alignment.","High","Mapped to new page"
"CRM for branding agencies","/agency-crm","Secondary","Commercial","CRM hub / landing page","P1 — commercial owner","Established commercial hub","Mapped to stated intent","Supported by primary navigation and commercial cluster","No Search Console export available","Protected canonical owner","Strengthen canonical owner with answer-first copy, related-hub links, FAQ and CTA alignment.","High","Mapped to new page"
"CRM for design agencies","/agency-crm","Secondary","Commercial","CRM hub / landing page","P1 — commercial owner","Established commercial hub","Mapped to stated intent","Supported by primary navigation and commercial cluster","No Search Console export available","Protected canonical owner","Strengthen canonical owner with answer-first copy, related-hub links, FAQ and CTA alignment.","High","Mapped to new page"
"CRM for web agencies","/agency-crm","Secondary","Commercial","CRM hub / landing page","P1 — commercial owner","Established commercial hub","Mapped to stated intent","Supported by primary navigation and commercial cluster","No Search Console export available","Protected canonical owner","Strengthen canonical owner with answer-first copy, related-hub links, FAQ and CTA alignment.","High","Mapped to new page"
"CRM for web development agencies","/agency-crm","Secondary","Commercial","CRM hub / landing page","P1 — commercial owner","Established commercial hub","Mapped to stated intent","Supported by primary navigation and commercial cluster","No Search Console export available","Protected canonical owner","Strengthen canonical owner with answer-first copy, related-hub links, FAQ and CTA alignment.","High","Mapped to new page"
"CRM for SEO agencies","/agency-crm","Secondary","Commercial","CRM hub / landing page","P1 — commercial owner","Established commercial hub","Mapped to stated intent","Supported by primary navigation and commercial cluster","No Search Console export available","Protected canonical owner","Strengthen canonical owner with answer-first copy, related-hub links, FAQ and CTA alignment.","High","Mapped to new page"
"CRM for social media agencies","/agency-crm","Secondary","Commercial","CRM hub / landing page","P1 — commercial owner","Established commercial hub","Mapped to stated intent","Supported by primary navigation and commercial cluster","No Search Console export available","Protected canonical owner","Strengthen canonical owner with answer-first copy, related-hub links, FAQ and CTA alignment.","High","Mapped to new page"
"CRM for PR agencies","/agency-crm","Secondary","Commercial","CRM hub / landing page","P1 — commercial owner","Established commercial hub","Mapped to stated intent","Supported by primary navigation and commercial cluster","No Search Console export available","Protected canonical owner","Strengthen canonical owner with answer-first copy, related-hub links, FAQ and CTA alignment.","High","Mapped to new page"
"CRM for content agencies","/agency-crm","Secondary","Commercial","CRM hub / landing page","P1 — commercial owner","Established commercial hub","Mapped to stated intent","Supported by primary navigation and commercial cluster","No Search Console export available","Protected canonical owner","Strengthen canonical owner with answer-first copy, related-hub links, FAQ and CTA alignment.","High","Mapped to new page"
"CRM for consulting agencies","/agency-crm","Secondary","Commercial","CRM hub / landing page","P1 — commercial owner","Established commercial hub","Mapped to stated intent","Supported by primary navigation and commercial cluster","No Search Console export available","Protected canonical owner","Strengthen canonical owner with answer-first copy, related-hub links, FAQ and CTA alignment.","High","Mapped to new page"
"CRM for consultants","/agency-crm","Secondary","Commercial","CRM hub / landing page","P1 — commercial owner","Established commercial hub","Mapped to stated intent","Supported by primary navigation and commercial cluster","No Search Console export available","Protected canonical owner","Strengthen canonical owner with answer-first copy, related-hub links, FAQ and CTA alignment.","High","Mapped to new page"
"CRM for freelancers","/agency-crm","Secondary","Commercial","CRM hub / landing page","P1 — commercial owner","Established commercial hub","Mapped to stated intent","Supported by primary navigation and commercial cluster","No Search Console export available","Protected canonical owner","Strengthen canonical owner with answer-first copy, related-hub links, FAQ and CTA alignment.","High","Mapped to new page"
"CRM for service businesses","/agency-crm","Secondary","Commercial","CRM hub / landing page","P1 — commercial owner","Established commercial hub","Mapped to stated intent","Supported by primary navigation and commercial cluster","No Search Console export available","Protected canonical owner","Strengthen canonical owner with answer-first copy, related-hub links, FAQ and CTA alignment.","High","Mapped to new page"
"service business CRM","/agency-crm","Secondary","Commercial","CRM hub / landing page","P1 — commercial owner","Established commercial hub","Mapped to stated intent","Supported by primary navigation and commercial cluster","No Search Console export available","Protected canonical owner","Strengthen canonical owner with answer-first copy, related-hub links, FAQ and CTA alignment.","High","Mapped to new page"
"client CRM software","/agency-crm","Secondary","Commercial","CRM hub / landing page","P1 — commercial owner","Established commercial hub","Mapped to stated intent","Supported by primary navigation and commercial cluster","No Search Console export available","Protected canonical owner","Strengthen canonical owner with answer-first copy, related-hub links, FAQ and CTA alignment.","High","Mapped to new page"
"client management CRM","/agency-crm","Secondary","Commercial","CRM hub / landing page","P1 — commercial owner","Established commercial hub","Mapped to stated intent","Supported by primary navigation and commercial cluster","No Search Console export available","Protected canonical owner","Strengthen canonical owner with answer-first copy, related-hub links, FAQ and CTA alignment.","High","Mapped to new page"
"agency client CRM","/agency-crm","Secondary","Commercial","CRM hub / landing page","P1 — commercial owner","Established commercial hub","Mapped to stated intent","Supported by primary navigation and commercial cluster","No Search Console export available","Protected canonical owner","Strengthen canonical owner with answer-first copy, related-hub links, FAQ and CTA alignment.","High","Mapped to new page"
"CRM with client portal","/agency-crm","Secondary","Commercial","CRM hub / landing page","P1 — commercial owner","Established commercial hub","Mapped to stated intent","Supported by primary navigation and commercial cluster","No Search Console export available","Protected canonical owner","Strengthen canonical owner with answer-first copy, related-hub links, FAQ and CTA alignment.","High","Mapped to new page"
"CRM with project management","/agency-crm","Secondary","Commercial","CRM hub / landing page","P1 — commercial owner","Established commercial hub","Mapped to stated intent","Supported by primary navigation and commercial cluster","No Search Console export available","Protected canonical owner","Strengthen canonical owner with answer-first copy, related-hub links, FAQ and CTA alignment.","High","Mapped to new page"
"CRM with project management and invoicing","/agency-crm","Secondary","Commercial","CRM hub / landing page","P1 — commercial owner","Established commercial hub","Mapped to stated intent","Supported by primary navigation and commercial cluster","No Search Console export available","Protected canonical owner","Strengthen canonical owner with answer-first copy, related-hub links, FAQ and CTA alignment.","High","Mapped to new page"
"CRM with invoicing","/agency-crm","Secondary","Commercial","CRM hub / landing page","P1 — commercial owner","Established commercial hub","Mapped to stated intent","Supported by primary navigation and commercial cluster","No Search Console export available","Protected canonical owner","Strengthen canonical owner with answer-first copy, related-hub links, FAQ and CTA alignment.","High","Mapped to new page"
"CRM with billing","/agency-crm","Secondary","Commercial","CRM hub / landing page","P1 — commercial owner","Established commercial hub","Mapped to stated intent","Supported by primary navigation and commercial cluster","No Search Console export available","Protected canonical owner","Strengthen canonical owner with answer-first copy, related-hub links, FAQ and CTA alignment.","High","Mapped to new page"
"CRM for managing clients","/agency-crm","Secondary","Commercial","CRM hub / landing page","P1 — commercial owner","Established commercial hub","Mapped to stated intent","Supported by primary navigation and commercial cluster","No Search Console export available","Protected canonical owner","Strengthen canonical owner with answer-first copy, related-hub links, FAQ and CTA alignment.","High","Mapped to new page"
"client relationship management software for agencies","/agency-crm","Secondary","Commercial","CRM hub / landing page","P1 — commercial owner","Established commercial hub","Mapped to stated intent","Supported by primary navigation and commercial cluster","No Search Console export available","Protected canonical owner","Strengthen canonical owner with answer-first copy, related-hub links, FAQ and CTA alignment.","High","Mapped to new page"
"agency relationship management software","/agency-crm","Secondary","Commercial","CRM hub / landing page","P1 — commercial owner","Established commercial hub","Mapped to stated intent","Supported by primary navigation and commercial cluster","No Search Console export available","Protected canonical owner","Strengthen canonical owner with answer-first copy, related-hub links, FAQ and CTA alignment.","High","Mapped to new page"
"post sales CRM","/agency-crm","Secondary","Commercial","CRM hub / landing page","P1 — commercial owner","Established commercial hub","Mapped to stated intent","Supported by primary navigation and commercial cluster","No Search Console export available","Protected canonical owner","Strengthen canonical owner with answer-first copy, related-hub links, FAQ and CTA alignment.","High","Mapped to new page"
"client delivery CRM","/agency-crm","Secondary","Commercial","CRM hub / landing page","P1 — commercial owner","Established commercial hub","Mapped to stated intent","Supported by primary navigation and commercial cluster","No Search Console export available","Protected canonical owner","Strengthen canonical owner with answer-first copy, related-hub links, FAQ and CTA alignment.","High","Mapped to new page"
"CRM for client delivery","/agency-crm","Secondary","Commercial","CRM hub / landing page","P1 — commercial owner","Established commercial hub","Mapped to stated intent","Supported by primary navigation and commercial cluster","No Search Console export available","Protected canonical owner","Strengthen canonical owner with answer-first copy, related-hub links, FAQ and CTA alignment.","High","Mapped to new page"
"CRM after sales pipeline","/agency-crm","Secondary","Commercial","CRM hub / landing page","P1 — commercial owner","Established commercial hub","Mapped to stated intent","Supported by primary navigation and commercial cluster","No Search Console export available","Protected canonical owner","Strengthen canonical owner with answer-first copy, related-hub links, FAQ and CTA alignment.","High","Mapped to new page"
"CRM for client projects","/agency-crm","Secondary","Commercial","CRM hub / landing page","P1 — commercial owner","Established commercial hub","Mapped to stated intent","Supported by primary navigation and commercial cluster","No Search Console export available","Protected canonical owner","Strengthen canonical owner with answer-first copy, related-hub links, FAQ and CTA alignment.","High","Mapped to new page"
"CRM for recurring clients","/agency-crm","Secondary","Commercial","CRM hub / landing page","P1 — commercial owner","Established commercial hub","Mapped to stated intent","Supported by primary navigation and commercial cluster","No Search Console export available","Protected canonical owner","Strengthen canonical owner with answer-first copy, related-hub links, FAQ and CTA alignment.","High","Mapped to new page"
"CRM for retainer clients","/agency-crm","Secondary","Commercial","CRM hub / landing page","P1 — commercial owner","Established commercial hub","Mapped to stated intent","Supported by primary navigation and commercial cluster","No Search Console export available","Protected canonical owner","Strengthen canonical owner with answer-first copy, related-hub links, FAQ and CTA alignment.","High","Mapped to new page"
"client portal","/client-portal","Secondary","Commercial","Feature / commercial landing page","P1 — commercial owner","Established commercial hub","Mapped to stated intent","Supported by primary navigation and commercial cluster","No Search Console export available","Protected canonical owner","Strengthen canonical owner with answer-first copy, related-hub links, FAQ and CTA alignment.","High","Mapped to new page"
"client portal software","/client-portal","Secondary","Commercial","Feature / commercial landing page","P1 — commercial owner","Established commercial hub","Mapped to stated intent","Supported by primary navigation and commercial cluster","No Search Console export available","Protected canonical owner","Strengthen canonical owner with answer-first copy, related-hub links, FAQ and CTA alignment.","High","Mapped to new page"
"client portal platform","/client-portal","Secondary","Commercial","Feature / commercial landing page","P1 — commercial owner","Established commercial hub","Mapped to stated intent","Supported by primary navigation and commercial cluster","No Search Console export available","Protected canonical owner","Strengthen canonical owner with answer-first copy, related-hub links, FAQ and CTA alignment.","High","Mapped to new page"
"client portal app","/client-portal","Secondary","Commercial","Feature / commercial landing page","P1 — commercial owner","Established commercial hub","Mapped to stated intent","Supported by primary navigation and commercial cluster","No Search Console export available","Protected canonical owner","Strengthen canonical owner with answer-first copy, related-hub links, FAQ and CTA alignment.","High","Mapped to new page"
"online client portal","/client-portal","Secondary","Commercial","Feature / commercial landing page","P1 — commercial owner","Established commercial hub","Mapped to stated intent","Supported by primary navigation and commercial cluster","No Search Console export available","Protected canonical owner","Strengthen canonical owner with answer-first copy, related-hub links, FAQ and CTA alignment.","High","Mapped to new page"
"client management portal","/client-portal","Secondary","Commercial","Feature / commercial landing page","P1 — commercial owner","Established commercial hub","Mapped to stated intent","Supported by primary navigation and commercial cluster","No Search Console export available","Protected canonical owner","Strengthen canonical owner with answer-first copy, related-hub links, FAQ and CTA alignment.","High","Mapped to new page"
"customer portal software","/client-portal","Secondary","Commercial","Feature / commercial landing page","P1 — commercial owner","Established commercial hub","Mapped to stated intent","Supported by primary navigation and commercial cluster","No Search Console export available","Protected canonical owner","Strengthen canonical owner with answer-first copy, related-hub links, FAQ and CTA alignment.","High","Mapped to new page"
"client dashboard software","/client-portal","Secondary","Commercial","Feature / commercial landing page","P1 — commercial owner","Established commercial hub","Mapped to stated intent","Supported by primary navigation and commercial cluster","No Search Console export available","Protected canonical owner","Strengthen canonical owner with answer-first copy, related-hub links, FAQ and CTA alignment.","High","Mapped to new page"
"customer dashboard software","/client-portal","Secondary","Commercial","Feature / commercial landing page","P1 — commercial owner","Established commercial hub","Mapped to stated intent","Supported by primary navigation and commercial cluster","No Search Console export available","Protected canonical owner","Strengthen canonical owner with answer-first copy, related-hub links, FAQ and CTA alignment.","High","Mapped to new page"
"client workspace","/client-portal","Secondary","Commercial","Feature / commercial landing page","P1 — commercial owner","Established commercial hub","Mapped to stated intent","Supported by primary navigation and commercial cluster","No Search Console export available","Protected canonical owner","Strengthen canonical owner with answer-first copy, related-hub links, FAQ and CTA alignment.","High","Mapped to new page"
"client workspace software","/client-portal","Secondary","Commercial","Feature / commercial landing page","P1 — commercial owner","Established commercial hub","Mapped to stated intent","Supported by primary navigation and commercial cluster","No Search Console export available","Protected canonical owner","Strengthen canonical owner with answer-first copy, related-hub links, FAQ and CTA alignment.","High","Mapped to new page"
"client portal for agencies","/client-portal","Primary","Commercial","Feature / commercial landing page","P1 — commercial owner","Established commercial hub","Mapped to stated intent","Supported by primary navigation and commercial cluster","No Search Console export available","Protected canonical owner","Strengthen canonical owner with answer-first copy, related-hub links, FAQ and CTA alignment.","High","Mapped to new page"
"client portal software for agencies","/client-portal","Secondary","Commercial","Feature / commercial landing page","P1 — commercial owner","Established commercial hub","Mapped to stated intent","Supported by primary navigation and commercial cluster","No Search Console export available","Protected canonical owner","Strengthen canonical owner with answer-first copy, related-hub links, FAQ and CTA alignment.","High","Mapped to new page"
"agency client portal","/client-portal","Secondary","Commercial","Feature / commercial landing page","P1 — commercial owner","Established commercial hub","Mapped to stated intent","Supported by primary navigation and commercial cluster","No Search Console export available","Protected canonical owner","Strengthen canonical owner with answer-first copy, related-hub links, FAQ and CTA alignment.","High","Mapped to new page"
"agency client portal software","/client-portal","Secondary","Commercial","Feature / commercial landing page","P1 — commercial owner","Established commercial hub","Mapped to stated intent","Supported by primary navigation and commercial cluster","No Search Console export available","Protected canonical owner","Strengthen canonical owner with answer-first copy, related-hub links, FAQ and CTA alignment.","High","Mapped to new page"
"best client portal for agencies","/client-portal","Secondary","Commercial","Feature / commercial landing page","P1 — commercial owner","Established commercial hub","Mapped to stated intent","Supported by primary navigation and commercial cluster","No Search Console export available","Protected canonical owner","Strengthen canonical owner with answer-first copy, related-hub links, FAQ and CTA alignment.","High","Mapped to new page"
"client portal for marketing agencies","/client-portal","Secondary","Commercial","Feature / commercial landing page","P1 — commercial owner","Established commercial hub","Mapped to stated intent","Supported by primary navigation and commercial cluster","No Search Console export available","Protected canonical owner","Strengthen canonical owner with answer-first copy, related-hub links, FAQ and CTA alignment.","High","Mapped to new page"
"client portal for digital agencies","/client-portal","Secondary","Commercial","Feature / commercial landing page","P1 — commercial owner","Established commercial hub","Mapped to stated intent","Supported by primary navigation and commercial cluster","No Search Console export available","Protected canonical owner","Strengthen canonical owner with answer-first copy, related-hub links, FAQ and CTA alignment.","High","Mapped to new page"
"client portal for creative agencies","/client-portal","Secondary","Commercial","Feature / commercial landing page","P1 — commercial owner","Established commercial hub","Mapped to stated intent","Supported by primary navigation and commercial cluster","No Search Console export available","Protected canonical owner","Strengthen canonical owner with answer-first copy, related-hub links, FAQ and CTA alignment.","High","Mapped to new page"
"client portal for design agencies","/client-portal","Secondary","Commercial","Feature / commercial landing page","P1 — commercial owner","Established commercial hub","Mapped to stated intent","Supported by primary navigation and commercial cluster","No Search Console export available","Protected canonical owner","Strengthen canonical owner with answer-first copy, related-hub links, FAQ and CTA alignment.","High","Mapped to new page"
"client portal for web agencies","/client-portal","Secondary","Commercial","Feature / commercial landing page","P1 — commercial owner","Established commercial hub","Mapped to stated intent","Supported by primary navigation and commercial cluster","No Search Console export available","Protected canonical owner","Strengthen canonical owner with answer-first copy, related-hub links, FAQ and CTA alignment.","High","Mapped to new page"
"client portal for SEO agencies","/client-portal","Secondary","Commercial","Feature / commercial landing page","P1 — commercial owner","Established commercial hub","Mapped to stated intent","Supported by primary navigation and commercial cluster","No Search Console export available","Protected canonical owner","Strengthen canonical owner with answer-first copy, related-hub links, FAQ and CTA alignment.","High","Mapped to new page"
"client portal for branding agencies","/client-portal","Secondary","Commercial","Feature / commercial landing page","P1 — commercial owner","Established commercial hub","Mapped to stated intent","Supported by primary navigation and commercial cluster","No Search Console export available","Protected canonical owner","Strengthen canonical owner with answer-first copy, related-hub links, FAQ and CTA alignment.","High","Mapped to new page"
"client portal for advertising agencies","/client-portal","Secondary","Commercial","Feature / commercial landing page","P1 — commercial owner","Established commercial hub","Mapped to stated intent","Supported by primary navigation and commercial cluster","No Search Console export available","Protected canonical owner","Strengthen canonical owner with answer-first copy, related-hub links, FAQ and CTA alignment.","High","Mapped to new page"
"client portal for consultants","/client-portal","Secondary","Commercial","Feature / commercial landing page","P1 — commercial owner","Established commercial hub","Mapped to stated intent","Supported by primary navigation and commercial cluster","No Search Console export available","Protected canonical owner","Strengthen canonical owner with answer-first copy, related-hub links, FAQ and CTA alignment.","High","Mapped to new page"
"client portal for freelancers","/client-portal","Secondary","Commercial","Feature / commercial landing page","P1 — commercial owner","Established commercial hub","Mapped to stated intent","Supported by primary navigation and commercial cluster","No Search Console export available","Protected canonical owner","Strengthen canonical owner with answer-first copy, related-hub links, FAQ and CTA alignment.","High","Mapped to new page"
"freelancer client portal software","/client-portal","Secondary","Commercial","Feature / commercial landing page","P1 — commercial owner","Established commercial hub","Mapped to stated intent","Supported by primary navigation and commercial cluster","No Search Console export available","Protected canonical owner","Strengthen canonical owner with answer-first copy, related-hub links, FAQ and CTA alignment.","High","Mapped to new page"
"branded client portal","/client-portal","Secondary","Commercial","Feature / commercial landing page","P1 — commercial owner","Established commercial hub","Mapped to stated intent","Supported by primary navigation and commercial cluster","No Search Console export available","Protected canonical owner","Strengthen canonical owner with answer-first copy, related-hub links, FAQ and CTA alignment.","High","Mapped to new page"
"branded client portal software","/client-portal","Secondary","Commercial","Feature / commercial landing page","P1 — commercial owner","Established commercial hub","Mapped to stated intent","Supported by primary navigation and commercial cluster","No Search Console export available","Protected canonical owner","Strengthen canonical owner with answer-first copy, related-hub links, FAQ and CTA alignment.","High","Mapped to new page"
"custom branded client portal","/client-portal","Secondary","Commercial","Feature / commercial landing page","P1 — commercial owner","Established commercial hub","Mapped to stated intent","Supported by primary navigation and commercial cluster","No Search Console export available","Protected canonical owner","Strengthen canonical owner with answer-first copy, related-hub links, FAQ and CTA alignment.","High","Mapped to new page"
"customizable client portal","/client-portal","Secondary","Commercial","Feature / commercial landing page","P1 — commercial owner","Established commercial hub","Mapped to stated intent","Supported by primary navigation and commercial cluster","No Search Console export available","Protected canonical owner","Strengthen canonical owner with answer-first copy, related-hub links, FAQ and CTA alignment.","High","Mapped to new page"
"white label client portal","/client-portal","Secondary","Commercial","Feature / commercial landing page","P1 — commercial owner","Established commercial hub","Mapped to stated intent","Supported by primary navigation and commercial cluster","No Search Console export available","Protected canonical owner","Strengthen canonical owner with answer-first copy, related-hub links, FAQ and CTA alignment.","High","Mapped to new page"
"white label client portal software","/client-portal","Secondary","Commercial","Feature / commercial landing page","P1 — commercial owner","Established commercial hub","Mapped to stated intent","Supported by primary navigation and commercial cluster","No Search Console export available","Protected canonical owner","Strengthen canonical owner with answer-first copy, related-hub links, FAQ and CTA alignment.","High","Mapped to new page"
"agency branded portal","/client-portal","Secondary","Commercial","Feature / commercial landing page","P1 — commercial owner","Established commercial hub","Mapped to stated intent","Supported by primary navigation and commercial cluster","No Search Console export available","Protected canonical owner","Strengthen canonical owner with answer-first copy, related-hub links, FAQ and CTA alignment.","High","Mapped to new page"
"client portal with custom branding","/client-portal","Secondary","Commercial","Feature / commercial landing page","P1 — commercial owner","Established commercial hub","Mapped to stated intent","Supported by primary navigation and commercial cluster","No Search Console export available","Protected canonical owner","Strengthen canonical owner with answer-first copy, related-hub links, FAQ and CTA alignment.","High","Mapped to new page"
"client portal with custom domain","/client-portal","Secondary","Commercial","Feature / commercial landing page","P1 — commercial owner","Established commercial hub","Mapped to stated intent","Supported by primary navigation and commercial cluster","No Search Console export available","Protected canonical owner","Strengthen canonical owner with answer-first copy, related-hub links, FAQ and CTA alignment.","High","Mapped to new page"
"client portal with custom subdomain","/client-portal","Secondary","Commercial","Feature / commercial landing page","P1 — commercial owner","Established commercial hub","Mapped to stated intent","Supported by primary navigation and commercial cluster","No Search Console export available","Protected canonical owner","Strengthen canonical owner with answer-first copy, related-hub links, FAQ and CTA alignment.","High","Mapped to new page"
"project management with client portal","/client-portal","Secondary","Commercial","Feature / commercial landing page","P1 — commercial owner","Established commercial hub","Mapped to stated intent","Supported by primary navigation and commercial cluster","No Search Console export available","Protected canonical owner","Strengthen canonical owner with answer-first copy, related-hub links, FAQ and CTA alignment.","High","Mapped to new page"
"project management software with client portal","/client-portal","Secondary","Commercial","Feature / commercial landing page","P1 — commercial owner","Established commercial hub","Mapped to stated intent","Supported by primary navigation and commercial cluster","No Search Console export available","Protected canonical owner","Strengthen canonical owner with answer-first copy, related-hub links, FAQ and CTA alignment.","High","Mapped to new page"
"invoicing software with client portal","/client-portal","Secondary","Commercial","Feature / commercial landing page","P1 — commercial owner","Established commercial hub","Mapped to stated intent","Supported by primary navigation and commercial cluster","No Search Console export available","Protected canonical owner","Strengthen canonical owner with answer-first copy, related-hub links, FAQ and CTA alignment.","High","Mapped to new page"
"CRM invoicing client portal software","/client-portal","Secondary","Commercial","Feature / commercial landing page","P1 — commercial owner","Established commercial hub","Mapped to stated intent","Supported by primary navigation and commercial cluster","No Search Console export available","Protected canonical owner","Strengthen canonical owner with answer-first copy, related-hub links, FAQ and CTA alignment.","High","Mapped to new page"
"client portal with invoicing","/client-portal","Secondary","Commercial","Feature / commercial landing page","P1 — commercial owner","Established commercial hub","Mapped to stated intent","Supported by primary navigation and commercial cluster","No Search Console export available","Protected canonical owner","Strengthen canonical owner with answer-first copy, related-hub links, FAQ and CTA alignment.","High","Mapped to new page"
"client portal with project management","/client-portal","Secondary","Commercial","Feature / commercial landing page","P1 — commercial owner","Established commercial hub","Mapped to stated intent","Supported by primary navigation and commercial cluster","No Search Console export available","Protected canonical owner","Strengthen canonical owner with answer-first copy, related-hub links, FAQ and CTA alignment.","High","Mapped to new page"
"client portal with file sharing","/client-portal","Secondary","Commercial","Feature / commercial landing page","P1 — commercial owner","Established commercial hub","Mapped to stated intent","Supported by primary navigation and commercial cluster","No Search Console export available","Protected canonical owner","Strengthen canonical owner with answer-first copy, related-hub links, FAQ and CTA alignment.","High","Mapped to new page"
"client portal with comments","/client-portal","Secondary","Commercial","Feature / commercial landing page","P1 — commercial owner","Established commercial hub","Mapped to stated intent","Supported by primary navigation and commercial cluster","No Search Console export available","Protected canonical owner","Strengthen canonical owner with answer-first copy, related-hub links, FAQ and CTA alignment.","High","Mapped to new page"
"client portal for project updates","/client-portal","Secondary","Commercial","Feature / commercial landing page","P1 — commercial owner","Established commercial hub","Mapped to stated intent","Supported by primary navigation and commercial cluster","No Search Console export available","Protected canonical owner","Strengthen canonical owner with answer-first copy, related-hub links, FAQ and CTA alignment.","High","Mapped to new page"
"client portal for project status","/client-portal","Secondary","Commercial","Feature / commercial landing page","P1 — commercial owner","Established commercial hub","Mapped to stated intent","Supported by primary navigation and commercial cluster","No Search Console export available","Protected canonical owner","Strengthen canonical owner with answer-first copy, related-hub links, FAQ and CTA alignment.","High","Mapped to new page"
"client portal for invoices","/client-portal","Secondary","Commercial","Feature / commercial landing page","P1 — commercial owner","Established commercial hub","Mapped to stated intent","Supported by primary navigation and commercial cluster","No Search Console export available","Protected canonical owner","Strengthen canonical owner with answer-first copy, related-hub links, FAQ and CTA alignment.","High","Mapped to new page"
"secure client portal software","/client-portal","Secondary","Commercial","Feature / commercial landing page","P1 — commercial owner","Established commercial hub","Mapped to stated intent","Supported by primary navigation and commercial cluster","No Search Console export available","Protected canonical owner","Strengthen canonical owner with answer-first copy, related-hub links, FAQ and CTA alignment.","High","Mapped to new page"
"no login client portal","/client-portal","Secondary","Commercial","Feature / commercial landing page","P1 — commercial owner","Established commercial hub","Mapped to stated intent","Supported by primary navigation and commercial cluster","No Search Console export available","Protected canonical owner","Strengthen canonical owner with answer-first copy, related-hub links, FAQ and CTA alignment.","High","Mapped to new page"
"passwordless client portal","/client-portal","Secondary","Commercial","Feature / commercial landing page","P1 — commercial owner","Established commercial hub","Mapped to stated intent","Supported by primary navigation and commercial cluster","No Search Console export available","Protected canonical owner","Strengthen canonical owner with answer-first copy, related-hub links, FAQ and CTA alignment.","High","Mapped to new page"
"agency project management","/project-management-for-agencies","Secondary","Commercial","Feature / use-case landing page","P1 — commercial owner","Established commercial hub","Mapped to stated intent","Supported by primary navigation and commercial cluster","No Search Console export available","Protected canonical owner","Strengthen canonical owner with answer-first copy, related-hub links, FAQ and CTA alignment.","High","Mapped to new page"
"agency project management software","/project-management-for-agencies","Secondary","Commercial","Feature / use-case landing page","P1 — commercial owner","Established commercial hub","Mapped to stated intent","Supported by primary navigation and commercial cluster","No Search Console export available","Protected canonical owner","Strengthen canonical owner with answer-first copy, related-hub links, FAQ and CTA alignment.","High","Mapped to new page"
"project management software for agencies","/project-management-for-agencies","Primary","Commercial","Feature / use-case landing page","P1 — commercial owner","Established commercial hub","Mapped to stated intent","Supported by primary navigation and commercial cluster","No Search Console export available","Protected canonical owner","Strengthen canonical owner with answer-first copy, related-hub links, FAQ and CTA alignment.","High","Mapped to new page"
"best project management software for agencies","/project-management-for-agencies","Secondary","Commercial","Feature / use-case landing page","P1 — commercial owner","Established commercial hub","Mapped to stated intent","Supported by primary navigation and commercial cluster","No Search Console export available","Protected canonical owner","Strengthen canonical owner with answer-first copy, related-hub links, FAQ and CTA alignment.","High","Mapped to new page"
"project management for marketing agencies","/project-management-for-agencies","Secondary","Commercial","Feature / use-case landing page","P1 — commercial owner","Established commercial hub","Mapped to stated intent","Supported by primary navigation and commercial cluster","No Search Console export available","Protected canonical owner","Strengthen canonical owner with answer-first copy, related-hub links, FAQ and CTA alignment.","High","Mapped to new page"
"project management for digital agencies","/project-management-for-agencies","Secondary","Commercial","Feature / use-case landing page","P1 — commercial owner","Established commercial hub","Mapped to stated intent","Supported by primary navigation and commercial cluster","No Search Console export available","Protected canonical owner","Strengthen canonical owner with answer-first copy, related-hub links, FAQ and CTA alignment.","High","Mapped to new page"
"project management for creative agencies","/project-management-for-agencies","Secondary","Commercial","Feature / use-case landing page","P1 — commercial owner","Established commercial hub","Mapped to stated intent","Supported by primary navigation and commercial cluster","No Search Console export available","Protected canonical owner","Strengthen canonical owner with answer-first copy, related-hub links, FAQ and CTA alignment.","High","Mapped to new page"
"project management for design agencies","/project-management-for-agencies","Secondary","Commercial","Feature / use-case landing page","P1 — commercial owner","Established commercial hub","Mapped to stated intent","Supported by primary navigation and commercial cluster","No Search Console export available","Protected canonical owner","Strengthen canonical owner with answer-first copy, related-hub links, FAQ and CTA alignment.","High","Mapped to new page"
"project management for advertising agencies","/project-management-for-agencies","Secondary","Commercial","Feature / use-case landing page","P1 — commercial owner","Established commercial hub","Mapped to stated intent","Supported by primary navigation and commercial cluster","No Search Console export available","Protected canonical owner","Strengthen canonical owner with answer-first copy, related-hub links, FAQ and CTA alignment.","High","Mapped to new page"
"project management for web agencies","/project-management-for-agencies","Secondary","Commercial","Feature / use-case landing page","P1 — commercial owner","Established commercial hub","Mapped to stated intent","Supported by primary navigation and commercial cluster","No Search Console export available","Protected canonical owner","Strengthen canonical owner with answer-first copy, related-hub links, FAQ and CTA alignment.","High","Mapped to new page"
"project management for SEO agencies","/project-management-for-agencies","Secondary","Commercial","Feature / use-case landing page","P1 — commercial owner","Established commercial hub","Mapped to stated intent","Supported by primary navigation and commercial cluster","No Search Console export available","Protected canonical owner","Strengthen canonical owner with answer-first copy, related-hub links, FAQ and CTA alignment.","High","Mapped to new page"
"project management for freelancers","/project-management-for-agencies","Secondary","Commercial","Feature / use-case landing page","P1 — commercial owner","Established commercial hub","Mapped to stated intent","Supported by primary navigation and commercial cluster","No Search Console export available","Protected canonical owner","Strengthen canonical owner with answer-first copy, related-hub links, FAQ and CTA alignment.","High","Mapped to new page"
"project management for consultants","/project-management-for-agencies","Secondary","Commercial","Feature / use-case landing page","P1 — commercial owner","Established commercial hub","Mapped to stated intent","Supported by primary navigation and commercial cluster","No Search Console export available","Protected canonical owner","Strengthen canonical owner with answer-first copy, related-hub links, FAQ and CTA alignment.","High","Mapped to new page"
"client project management software","/project-management-for-agencies","Secondary","Commercial","Feature / use-case landing page","P1 — commercial owner","Established commercial hub","Mapped to stated intent","Supported by primary navigation and commercial cluster","No Search Console export available","Protected canonical owner","Strengthen canonical owner with answer-first copy, related-hub links, FAQ and CTA alignment.","High","Mapped to new page"
"client project tracking software","/project-management-for-agencies","Secondary","Commercial","Feature / use-case landing page","P1 — commercial owner","Established commercial hub","Mapped to stated intent","Supported by primary navigation and commercial cluster","No Search Console export available","Protected canonical owner","Strengthen canonical owner with answer-first copy, related-hub links, FAQ and CTA alignment.","High","Mapped to new page"
"agency project tracking software","/project-management-for-agencies","Secondary","Commercial","Feature / use-case landing page","P1 — commercial owner","Established commercial hub","Mapped to stated intent","Supported by primary navigation and commercial cluster","No Search Console export available","Protected canonical owner","Strengthen canonical owner with answer-first copy, related-hub links, FAQ and CTA alignment.","High","Mapped to new page"
"project tracking for agencies","/project-management-for-agencies","Secondary","Commercial","Feature / use-case landing page","P1 — commercial owner","Established commercial hub","Mapped to stated intent","Supported by primary navigation and commercial cluster","No Search Console export available","Protected canonical owner","Strengthen canonical owner with answer-first copy, related-hub links, FAQ and CTA alignment.","High","Mapped to new page"
"client project tracking","/project-management-for-agencies","Secondary","Commercial","Feature / use-case landing page","P1 — commercial owner","Established commercial hub","Mapped to stated intent","Supported by primary navigation and commercial cluster","No Search Console export available","Protected canonical owner","Strengthen canonical owner with answer-first copy, related-hub links, FAQ and CTA alignment.","High","Mapped to new page"
"project status tracking software","/project-management-for-agencies","Secondary","Commercial","Feature / use-case landing page","P1 — commercial owner","Established commercial hub","Mapped to stated intent","Supported by primary navigation and commercial cluster","No Search Console export available","Protected canonical owner","Strengthen canonical owner with answer-first copy, related-hub links, FAQ and CTA alignment.","High","Mapped to new page"
"project dashboard for clients","/project-management-for-agencies","Secondary","Commercial","Feature / use-case landing page","P1 — commercial owner","Established commercial hub","Mapped to stated intent","Supported by primary navigation and commercial cluster","No Search Console export available","Protected canonical owner","Strengthen canonical owner with answer-first copy, related-hub links, FAQ and CTA alignment.","High","Mapped to new page"
"client project dashboard","/project-management-for-agencies","Secondary","Commercial","Feature / use-case landing page","P1 — commercial owner","Established commercial hub","Mapped to stated intent","Supported by primary navigation and commercial cluster","No Search Console export available","Protected canonical owner","Strengthen canonical owner with answer-first copy, related-hub links, FAQ and CTA alignment.","High","Mapped to new page"
"agency task management software","/project-management-for-agencies","Secondary","Commercial","Feature / use-case landing page","P1 — commercial owner","Established commercial hub","Mapped to stated intent","Supported by primary navigation and commercial cluster","No Search Console export available","Protected canonical owner","Strengthen canonical owner with answer-first copy, related-hub links, FAQ and CTA alignment.","High","Mapped to new page"
"task management for agencies","/project-management-for-agencies","Secondary","Commercial","Feature / use-case landing page","P1 — commercial owner","Established commercial hub","Mapped to stated intent","Supported by primary navigation and commercial cluster","No Search Console export available","Protected canonical owner","Strengthen canonical owner with answer-first copy, related-hub links, FAQ and CTA alignment.","High","Mapped to new page"
"client task management software","/project-management-for-agencies","Secondary","Commercial","Feature / use-case landing page","P1 — commercial owner","Established commercial hub","Mapped to stated intent","Supported by primary navigation and commercial cluster","No Search Console export available","Protected canonical owner","Strengthen canonical owner with answer-first copy, related-hub links, FAQ and CTA alignment.","High","Mapped to new page"
"agency workflow project management","/project-management-for-agencies","Secondary","Commercial","Feature / use-case landing page","P1 — commercial owner","Established commercial hub","Mapped to stated intent","Supported by primary navigation and commercial cluster","No Search Console export available","Protected canonical owner","Strengthen canonical owner with answer-first copy, related-hub links, FAQ and CTA alignment.","High","Mapped to new page"
"project management CRM for agencies","/project-management-for-agencies","Secondary","Commercial","Feature / use-case landing page","P1 — commercial owner","Established commercial hub","Mapped to stated intent","Supported by primary navigation and commercial cluster","No Search Console export available","Protected canonical owner","Strengthen canonical owner with answer-first copy, related-hub links, FAQ and CTA alignment.","High","Mapped to new page"
"CRM project management software","/project-management-for-agencies","Secondary","Commercial","Feature / use-case landing page","P1 — commercial owner","Established commercial hub","Mapped to stated intent","Supported by primary navigation and commercial cluster","No Search Console export available","Protected canonical owner","Strengthen canonical owner with answer-first copy, related-hub links, FAQ and CTA alignment.","High","Mapped to new page"
"CRM project management invoicing software","/project-management-for-agencies","Secondary","Commercial","Feature / use-case landing page","P1 — commercial owner","Established commercial hub","Mapped to stated intent","Supported by primary navigation and commercial cluster","No Search Console export available","Protected canonical owner","Strengthen canonical owner with answer-first copy, related-hub links, FAQ and CTA alignment.","High","Mapped to new page"
"client project management portal","/project-management-for-agencies","Secondary","Commercial","Feature / use-case landing page","P1 — commercial owner","Established commercial hub","Mapped to stated intent","Supported by primary navigation and commercial cluster","No Search Console export available","Protected canonical owner","Strengthen canonical owner with answer-first copy, related-hub links, FAQ and CTA alignment.","High","Mapped to new page"
"project management client portal","/project-management-for-agencies","Secondary","Commercial","Feature / use-case landing page","P1 — commercial owner","Established commercial hub","Mapped to stated intent","Supported by primary navigation and commercial cluster","No Search Console export available","Protected canonical owner","Strengthen canonical owner with answer-first copy, related-hub links, FAQ and CTA alignment.","High","Mapped to new page"
"project management invoicing client portal","/project-management-for-agencies","Secondary","Commercial","Feature / use-case landing page","P1 — commercial owner","Established commercial hub","Mapped to stated intent","Supported by primary navigation and commercial cluster","No Search Console export available","Protected canonical owner","Strengthen canonical owner with answer-first copy, related-hub links, FAQ and CTA alignment.","High","Mapped to new page"
"agency invoicing software","/agency-invoicing","Primary","Commercial","Feature / commercial landing page","P1 — commercial owner","Established commercial hub","Mapped to stated intent","Supported by primary navigation and commercial cluster","No Search Console export available","Protected canonical owner","Strengthen canonical owner with answer-first copy, related-hub links, FAQ and CTA alignment.","High","Mapped to new page"
"invoicing software for agencies","/agency-invoicing","Secondary","Commercial","Feature / commercial landing page","P1 — commercial owner","Established commercial hub","Mapped to stated intent","Supported by primary navigation and commercial cluster","No Search Console export available","Protected canonical owner","Strengthen canonical owner with answer-first copy, related-hub links, FAQ and CTA alignment.","High","Mapped to new page"
"invoice software for agencies","/agency-invoicing","Secondary","Commercial","Feature / commercial landing page","P1 — commercial owner","Established commercial hub","Mapped to stated intent","Supported by primary navigation and commercial cluster","No Search Console export available","Protected canonical owner","Strengthen canonical owner with answer-first copy, related-hub links, FAQ and CTA alignment.","High","Mapped to new page"
"agency invoice software","/agency-invoicing","Secondary","Commercial","Feature / commercial landing page","P1 — commercial owner","Established commercial hub","Mapped to stated intent","Supported by primary navigation and commercial cluster","No Search Console export available","Protected canonical owner","Strengthen canonical owner with answer-first copy, related-hub links, FAQ and CTA alignment.","High","Mapped to new page"
"agency billing software","/agency-invoicing","Secondary","Commercial","Feature / commercial landing page","P1 — commercial owner","Established commercial hub","Mapped to stated intent","Supported by primary navigation and commercial cluster","No Search Console export available","Protected canonical owner","Strengthen canonical owner with answer-first copy, related-hub links, FAQ and CTA alignment.","High","Mapped to new page"
"billing software for agencies","/agency-invoicing","Secondary","Commercial","Feature / commercial landing page","P1 — commercial owner","Established commercial hub","Mapped to stated intent","Supported by primary navigation and commercial cluster","No Search Console export available","Protected canonical owner","Strengthen canonical owner with answer-first copy, related-hub links, FAQ and CTA alignment.","High","Mapped to new page"
"client billing software","/agency-invoicing","Secondary","Commercial","Feature / commercial landing page","P1 — commercial owner","Established commercial hub","Mapped to stated intent","Supported by primary navigation and commercial cluster","No Search Console export available","Protected canonical owner","Strengthen canonical owner with answer-first copy, related-hub links, FAQ and CTA alignment.","High","Mapped to new page"
"client invoicing software","/agency-invoicing","Secondary","Commercial","Feature / commercial landing page","P1 — commercial owner","Established commercial hub","Mapped to stated intent","Supported by primary navigation and commercial cluster","No Search Console export available","Protected canonical owner","Strengthen canonical owner with answer-first copy, related-hub links, FAQ and CTA alignment.","High","Mapped to new page"
"invoice management software","/agency-invoicing","Secondary","Commercial","Feature / commercial landing page","P1 — commercial owner","Established commercial hub","Mapped to stated intent","Supported by primary navigation and commercial cluster","No Search Console export available","Protected canonical owner","Strengthen canonical owner with answer-first copy, related-hub links, FAQ and CTA alignment.","High","Mapped to new page"
"invoice tracking software","/agency-invoicing","Secondary","Commercial","Feature / commercial landing page","P1 — commercial owner","Established commercial hub","Mapped to stated intent","Supported by primary navigation and commercial cluster","No Search Console export available","Protected canonical owner","Strengthen canonical owner with answer-first copy, related-hub links, FAQ and CTA alignment.","High","Mapped to new page"
"payment tracking software","/agency-invoicing","Secondary","Commercial","Feature / commercial landing page","P1 — commercial owner","Established commercial hub","Mapped to stated intent","Supported by primary navigation and commercial cluster","No Search Console export available","Protected canonical owner","Strengthen canonical owner with answer-first copy, related-hub links, FAQ and CTA alignment.","High","Mapped to new page"
"agency payment tracking","/agency-invoicing","Secondary","Commercial","Feature / commercial landing page","P1 — commercial owner","Established commercial hub","Mapped to stated intent","Supported by primary navigation and commercial cluster","No Search Console export available","Protected canonical owner","Strengthen canonical owner with answer-first copy, related-hub links, FAQ and CTA alignment.","High","Mapped to new page"
"invoice status tracking","/agency-invoicing","Secondary","Commercial","Feature / commercial landing page","P1 — commercial owner","Established commercial hub","Mapped to stated intent","Supported by primary navigation and commercial cluster","No Search Console export available","Protected canonical owner","Strengthen canonical owner with answer-first copy, related-hub links, FAQ and CTA alignment.","High","Mapped to new page"
"overdue invoice tracking","/agency-invoicing","Secondary","Commercial","Feature / commercial landing page","P1 — commercial owner","Established commercial hub","Mapped to stated intent","Supported by primary navigation and commercial cluster","No Search Console export available","Protected canonical owner","Strengthen canonical owner with answer-first copy, related-hub links, FAQ and CTA alignment.","High","Mapped to new page"
"agency accounts receivable software","/agency-invoicing","Secondary","Commercial","Feature / commercial landing page","P1 — commercial owner","Established commercial hub","Mapped to stated intent","Supported by primary navigation and commercial cluster","No Search Console export available","Protected canonical owner","Strengthen canonical owner with answer-first copy, related-hub links, FAQ and CTA alignment.","High","Mapped to new page"
"agency billing management","/agency-invoicing","Secondary","Commercial","Feature / commercial landing page","P1 — commercial owner","Established commercial hub","Mapped to stated intent","Supported by primary navigation and commercial cluster","No Search Console export available","Protected canonical owner","Strengthen canonical owner with answer-first copy, related-hub links, FAQ and CTA alignment.","High","Mapped to new page"
"marketing agency invoicing software","/agency-invoicing","Secondary","Commercial","Feature / commercial landing page","P1 — commercial owner","Established commercial hub","Mapped to stated intent","Supported by primary navigation and commercial cluster","No Search Console export available","Protected canonical owner","Strengthen canonical owner with answer-first copy, related-hub links, FAQ and CTA alignment.","High","Mapped to new page"
"digital agency invoicing software","/agency-invoicing","Secondary","Commercial","Feature / commercial landing page","P1 — commercial owner","Established commercial hub","Mapped to stated intent","Supported by primary navigation and commercial cluster","No Search Console export available","Protected canonical owner","Strengthen canonical owner with answer-first copy, related-hub links, FAQ and CTA alignment.","High","Mapped to new page"
"creative agency invoicing software","/agency-invoicing","Secondary","Commercial","Feature / commercial landing page","P1 — commercial owner","Established commercial hub","Mapped to stated intent","Supported by primary navigation and commercial cluster","No Search Console export available","Protected canonical owner","Strengthen canonical owner with answer-first copy, related-hub links, FAQ and CTA alignment.","High","Mapped to new page"
"design agency invoicing software","/agency-invoicing","Secondary","Commercial","Feature / commercial landing page","P1 — commercial owner","Established commercial hub","Mapped to stated intent","Supported by primary navigation and commercial cluster","No Search Console export available","Protected canonical owner","Strengthen canonical owner with answer-first copy, related-hub links, FAQ and CTA alignment.","High","Mapped to new page"
"consultant invoicing software","/agency-invoicing","Secondary","Commercial","Feature / commercial landing page","P1 — commercial owner","Established commercial hub","Mapped to stated intent","Supported by primary navigation and commercial cluster","No Search Console export available","Protected canonical owner","Strengthen canonical owner with answer-first copy, related-hub links, FAQ and CTA alignment.","High","Mapped to new page"
"freelancer invoicing software","/agency-invoicing","Secondary","Commercial","Feature / commercial landing page","P1 — commercial owner","Established commercial hub","Mapped to stated intent","Supported by primary navigation and commercial cluster","No Search Console export available","Protected canonical owner","Strengthen canonical owner with answer-first copy, related-hub links, FAQ and CTA alignment.","High","Mapped to new page"
"CRM and invoice software","/agency-invoicing","Secondary","Commercial","Feature / commercial landing page","P1 — commercial owner","Established commercial hub","Mapped to stated intent","Supported by primary navigation and commercial cluster","No Search Console export available","Protected canonical owner","Strengthen canonical owner with answer-first copy, related-hub links, FAQ and CTA alignment.","High","Mapped to new page"
"project management and invoicing software","/agency-invoicing","Secondary","Commercial","Feature / commercial landing page","P1 — commercial owner","Established commercial hub","Mapped to stated intent","Supported by primary navigation and commercial cluster","No Search Console export available","Protected canonical owner","Strengthen canonical owner with answer-first copy, related-hub links, FAQ and CTA alignment.","High","Mapped to new page"
"client portal invoicing software","/agency-invoicing","Secondary","Commercial","Feature / commercial landing page","P1 — commercial owner","Established commercial hub","Mapped to stated intent","Supported by primary navigation and commercial cluster","No Search Console export available","Protected canonical owner","Strengthen canonical owner with answer-first copy, related-hub links, FAQ and CTA alignment.","High","Mapped to new page"
"invoicing and client management software","/agency-invoicing","Secondary","Commercial","Feature / commercial landing page","P1 — commercial owner","Established commercial hub","Mapped to stated intent","Supported by primary navigation and commercial cluster","No Search Console export available","Protected canonical owner","Strengthen canonical owner with answer-first copy, related-hub links, FAQ and CTA alignment.","High","Mapped to new page"
"invoicing CRM for agencies","/agency-invoicing","Secondary","Commercial","Feature / commercial landing page","P1 — commercial owner","Established commercial hub","Mapped to stated intent","Supported by primary navigation and commercial cluster","No Search Console export available","Protected canonical owner","Strengthen canonical owner with answer-first copy, related-hub links, FAQ and CTA alignment.","High","Mapped to new page"
"multi currency invoicing software","/agency-invoicing","Secondary","Commercial","Feature / commercial landing page","P1 — commercial owner","Established commercial hub","Mapped to stated intent","Supported by primary navigation and commercial cluster","No Search Console export available","Protected canonical owner","Strengthen canonical owner with answer-first copy, related-hub links, FAQ and CTA alignment.","High","Mapped to new page"
"international invoice software for agencies","/agency-invoicing","Secondary","Commercial","Feature / commercial landing page","P1 — commercial owner","Established commercial hub","Mapped to stated intent","Supported by primary navigation and commercial cluster","No Search Console export available","Protected canonical owner","Strengthen canonical owner with answer-first copy, related-hub links, FAQ and CTA alignment.","High","Mapped to new page"
"best CRM for freelancers","/solutions/freelancers","Secondary","Commercial","Freelancer solution page","P1 — supporting opportunity","Mapped page; validate depth","Mapped to stated intent","Needs parent-hub contextual link review","No Search Console export available","Monitor against mapped primary owner","Strengthen the mapped canonical page; link to its parent commercial hub without competing for the head term.","Medium","Mapped to existing page"
"all in one freelancer software","/solutions/freelancers","Secondary","Commercial","Freelancer solution page","P1 — supporting opportunity","Mapped page; validate depth","Mapped to stated intent","Needs parent-hub contextual link review","No Search Console export available","Monitor against mapped primary owner","Strengthen the mapped canonical page; link to its parent commercial hub without competing for the head term.","Medium","Mapped to existing page"
"agency software free trial","/solutions/small-agencies","Secondary","Commercial","Audience solution page","P1 — supporting opportunity","Not published","Requires distinct-intent validation","Needs parent-hub contextual link review","No Search Console export available","Monitor against mapped primary owner","Keep as documented future-content gap; do not create without distinct intent evidence.","Medium","Mapped to future content"
"best agency software","/blog/best-agency-software","Primary","Commercial Investigation","Best-of comparison article","P1 — supporting opportunity","Not published","Requires distinct-intent validation","Needs parent-hub contextual link review","No Search Console export available","Monitor against mapped primary owner","Keep as documented future-content gap; do not create without distinct intent evidence.","Medium","Mapped to future content"
"best agency management tools","/blog/best-agency-management-tools","Primary","Commercial Investigation","Best-of comparison article","P1 — supporting opportunity","Not published","Requires distinct-intent validation","Needs parent-hub contextual link review","No Search Console export available","Monitor against mapped primary owner","Keep as documented future-content gap; do not create without distinct intent evidence.","Medium","Mapped to future content"
"best software for agencies","/blog/best-software-for-agencies","Primary","Commercial Investigation","Best-of comparison article","P1 — supporting opportunity","Not published","Requires distinct-intent validation","Needs parent-hub contextual link review","No Search Console export available","Monitor against mapped primary owner","Keep as documented future-content gap; do not create without distinct intent evidence.","Medium","Mapped to future content"
"best agency CRM software","/blog/best-agency-crm-software","Primary","Commercial Investigation","Best-of comparison article","P1 — supporting opportunity","Not published","Requires distinct-intent validation","Needs parent-hub contextual link review","No Search Console export available","Monitor against mapped primary owner","Keep as documented future-content gap; do not create without distinct intent evidence.","Medium","Mapped to future content"
"best CRM for marketing agencies","/blog/best-crm-for-marketing-agencies","Primary","Commercial Investigation","Best-of comparison article","P1 — supporting opportunity","Not published","Requires distinct-intent validation","Needs parent-hub contextual link review","No Search Console export available","Monitor against mapped primary owner","Keep as documented future-content gap; do not create without distinct intent evidence.","Medium","Mapped to future content"
"best CRM for digital agencies","/blog/best-crm-for-digital-agencies","Primary","Commercial Investigation","Best-of comparison article","P1 — supporting opportunity","Not published","Requires distinct-intent validation","Needs parent-hub contextual link review","No Search Console export available","Monitor against mapped primary owner","Keep as documented future-content gap; do not create without distinct intent evidence.","Medium","Mapped to future content"
"best CRM for creative agencies","/blog/best-crm-for-creative-agencies","Primary","Commercial Investigation","Best-of comparison article","P1 — supporting opportunity","Not published","Requires distinct-intent validation","Needs parent-hub contextual link review","No Search Console export available","Monitor against mapped primary owner","Keep as documented future-content gap; do not create without distinct intent evidence.","Medium","Mapped to future content"
"best client management software for agencies","/blog/best-client-management-software-for-agencies","Primary","Commercial Investigation","Best-of comparison article","P1 — supporting opportunity","Not published","Requires distinct-intent validation","Needs parent-hub contextual link review","No Search Console export available","Monitor against mapped primary owner","Keep as documented future-content gap; do not create without distinct intent evidence.","Medium","Mapped to future content"
"best client portal software","/blog/best-client-portal-software","Primary","Commercial Investigation","Best-of comparison article","P1 — supporting opportunity","Not published","Requires distinct-intent validation","Needs parent-hub contextual link review","No Search Console export available","Monitor against mapped primary owner","Keep as documented future-content gap; do not create without distinct intent evidence.","Medium","Mapped to future content"
"best invoicing software for agencies","/blog/best-invoicing-software-for-agencies","Primary","Commercial Investigation","Best-of comparison article","P1 — supporting opportunity","Not published","Requires distinct-intent validation","Needs parent-hub contextual link review","No Search Console export available","Monitor against mapped primary owner","Keep as documented future-content gap; do not create without distinct intent evidence.","Medium","Mapped to future content"
"best marketing agency software","/blog/best-marketing-agency-software","Primary","Commercial Investigation","Best-of comparison article","P1 — supporting opportunity","Not published","Requires distinct-intent validation","Needs parent-hub contextual link review","No Search Console export available","Monitor against mapped primary owner","Keep as documented future-content gap; do not create without distinct intent evidence.","Medium","Mapped to future content"
"best digital agency software","/blog/best-digital-agency-software","Primary","Commercial Investigation","Best-of comparison article","P1 — supporting opportunity","Not published","Requires distinct-intent validation","Needs parent-hub contextual link review","No Search Console export available","Monitor against mapped primary owner","Keep as documented future-content gap; do not create without distinct intent evidence.","Medium","Mapped to future content"
"best creative agency software","/blog/best-creative-agency-software","Primary","Commercial Investigation","Best-of comparison article","P1 — supporting opportunity","Not published","Requires distinct-intent validation","Needs parent-hub contextual link review","No Search Console export available","Monitor against mapped primary owner","Keep as documented future-content gap; do not create without distinct intent evidence.","Medium","Mapped to future content"
"best software for small agencies","/blog/best-software-for-small-agencies","Primary","Commercial Investigation","Best-of comparison article","P1 — supporting opportunity","Not published","Requires distinct-intent validation","Needs parent-hub contextual link review","No Search Console export available","Monitor against mapped primary owner","Keep as documented future-content gap; do not create without distinct intent evidence.","Medium","Mapped to future content"
"best freelancer management software","/blog/best-freelancer-management-software","Primary","Commercial Investigation","Best-of comparison article","P1 — supporting opportunity","Not published","Requires distinct-intent validation","Needs parent-hub contextual link review","No Search Console export available","Monitor against mapped primary owner","Keep as documented future-content gap; do not create without distinct intent evidence.","Medium","Mapped to future content"
"best client management software for freelancers","/blog/best-client-management-software-for-freelancers","Primary","Commercial Investigation","Best-of comparison article","P1 — supporting opportunity","Not published","Requires distinct-intent validation","Needs parent-hub contextual link review","No Search Console export available","Monitor against mapped primary owner","Keep as documented future-content gap; do not create without distinct intent evidence.","Medium","Mapped to future content"
"best project management software for freelancers","/blog/best-project-management-software-for-freelancers","Primary","Commercial Investigation","Best-of comparison article","P1 — supporting opportunity","Not published","Requires distinct-intent validation","Needs parent-hub contextual link review","No Search Console export available","Monitor against mapped primary owner","Keep as documented future-content gap; do not create without distinct intent evidence.","Medium","Mapped to future content"
"ClickUp alternative","/compare/clickup","Secondary","Commercial Investigation","Alternative / comparison page","P1 — BOFU comparison","Mapped page; validate depth","Mapped to stated intent","Needs parent-hub contextual link review","No Search Console export available","Monitor against mapped primary owner","Strengthen the mapped canonical page; link to its parent commercial hub without competing for the head term.","Medium","Mapped to existing page"
"ClickUp alternatives","/compare/clickup","Secondary","Commercial Investigation","Alternative / comparison page","P1 — BOFU comparison","Mapped page; validate depth","Mapped to stated intent","Needs parent-hub contextual link review","No Search Console export available","Monitor against mapped primary owner","Strengthen the mapped canonical page; link to its parent commercial hub without competing for the head term.","Medium","Mapped to existing page"
"best ClickUp alternative","/compare/clickup","Secondary","Commercial Investigation","Alternative / comparison page","P1 — BOFU comparison","Mapped page; validate depth","Mapped to stated intent","Needs parent-hub contextual link review","No Search Console export available","Monitor against mapped primary owner","Strengthen the mapped canonical page; link to its parent commercial hub without competing for the head term.","Medium","Mapped to existing page"
"ClickUp alternative for agencies","/compare/clickup","Secondary","Commercial Investigation","Alternative / comparison page","P1 — BOFU comparison","Mapped page; validate depth","Mapped to stated intent","Needs parent-hub contextual link review","No Search Console export available","Monitor against mapped primary owner","Strengthen the mapped canonical page; link to its parent commercial hub without competing for the head term.","Medium","Mapped to existing page"
"ClickUp alternative for marketing agencies","/compare/clickup","Secondary","Commercial Investigation","Alternative / comparison page","P1 — BOFU comparison","Mapped page; validate depth","Mapped to stated intent","Needs parent-hub contextual link review","No Search Console export available","Monitor against mapped primary owner","Strengthen the mapped canonical page; link to its parent commercial hub without competing for the head term.","Medium","Mapped to existing page"
"ClickUp alternative for client management","/compare/clickup","Secondary","Commercial Investigation","Alternative / comparison page","P1 — BOFU comparison","Mapped page; validate depth","Mapped to stated intent","Needs parent-hub contextual link review","No Search Console export available","Monitor against mapped primary owner","Strengthen the mapped canonical page; link to its parent commercial hub without competing for the head term.","Medium","Mapped to existing page"
"ClickUp alternative with client portal","/compare/clickup","Secondary","Commercial Investigation","Alternative / comparison page","P1 — BOFU comparison","Mapped page; validate depth","Mapped to stated intent","Needs parent-hub contextual link review","No Search Console export available","Monitor against mapped primary owner","Strengthen the mapped canonical page; link to its parent commercial hub without competing for the head term.","Medium","Mapped to existing page"
"ClickUp alternative with invoicing","/compare/clickup","Secondary","Commercial Investigation","Alternative / comparison page","P1 — BOFU comparison","Mapped page; validate depth","Mapped to stated intent","Needs parent-hub contextual link review","No Search Console export available","Monitor against mapped primary owner","Strengthen the mapped canonical page; link to its parent commercial hub without competing for the head term.","Medium","Mapped to existing page"
"ClickUp vs agency management software","/compare/clickup","Secondary","Commercial Investigation","Alternative / comparison page","P1 — BOFU comparison","Mapped page; validate depth","Mapped to stated intent","Needs parent-hub contextual link review","No Search Console export available","Monitor against mapped primary owner","Strengthen the mapped canonical page; link to its parent commercial hub without competing for the head term.","Medium","Mapped to existing page"
"ClickUp for agencies","/compare/clickup","Secondary","Commercial Investigation","Alternative / comparison page","P1 — BOFU comparison","Mapped page; validate depth","Mapped to stated intent","Needs parent-hub contextual link review","No Search Console export available","Monitor against mapped primary owner","Strengthen the mapped canonical page; link to its parent commercial hub without competing for the head term.","Medium","Mapped to existing page"
"ClickUp agency alternative","/compare/clickup","Secondary","Commercial Investigation","Alternative / comparison page","P1 — BOFU comparison","Mapped page; validate depth","Mapped to stated intent","Needs parent-hub contextual link review","No Search Console export available","Monitor against mapped primary owner","Strengthen the mapped canonical page; link to its parent commercial hub without competing for the head term.","Medium","Mapped to existing page"
"Asana alternative","/compare/asana","Secondary","Commercial Investigation","Alternative / comparison page","P1 — BOFU comparison","Mapped page; validate depth","Mapped to stated intent","Needs parent-hub contextual link review","No Search Console export available","Monitor against mapped primary owner","Strengthen the mapped canonical page; link to its parent commercial hub without competing for the head term.","Medium","Mapped to existing page"
"Asana alternatives","/compare/asana","Secondary","Commercial Investigation","Alternative / comparison page","P1 — BOFU comparison","Mapped page; validate depth","Mapped to stated intent","Needs parent-hub contextual link review","No Search Console export available","Monitor against mapped primary owner","Strengthen the mapped canonical page; link to its parent commercial hub without competing for the head term.","Medium","Mapped to existing page"
"Asana alternative for agencies","/compare/asana","Secondary","Commercial Investigation","Alternative / comparison page","P1 — BOFU comparison","Mapped page; validate depth","Mapped to stated intent","Needs parent-hub contextual link review","No Search Console export available","Monitor against mapped primary owner","Strengthen the mapped canonical page; link to its parent commercial hub without competing for the head term.","Medium","Mapped to existing page"
"Asana alternative for marketing agencies","/compare/asana","Secondary","Commercial Investigation","Alternative / comparison page","P1 — BOFU comparison","Mapped page; validate depth","Mapped to stated intent","Needs parent-hub contextual link review","No Search Console export available","Monitor against mapped primary owner","Strengthen the mapped canonical page; link to its parent commercial hub without competing for the head term.","Medium","Mapped to existing page"
"Asana alternative with client portal","/compare/asana","Secondary","Commercial Investigation","Alternative / comparison page","P1 — BOFU comparison","Mapped page; validate depth","Mapped to stated intent","Needs parent-hub contextual link review","No Search Console export available","Monitor against mapped primary owner","Strengthen the mapped canonical page; link to its parent commercial hub without competing for the head term.","Medium","Mapped to existing page"
"Asana alternative with invoicing","/compare/asana","Secondary","Commercial Investigation","Alternative / comparison page","P1 — BOFU comparison","Mapped page; validate depth","Mapped to stated intent","Needs parent-hub contextual link review","No Search Console export available","Monitor against mapped primary owner","Strengthen the mapped canonical page; link to its parent commercial hub without competing for the head term.","Medium","Mapped to existing page"
"Asana for agencies","/compare/asana","Secondary","Commercial Investigation","Alternative / comparison page","P1 — BOFU comparison","Mapped page; validate depth","Mapped to stated intent","Needs parent-hub contextual link review","No Search Console export available","Monitor against mapped primary owner","Strengthen the mapped canonical page; link to its parent commercial hub without competing for the head term.","Medium","Mapped to existing page"
"Asana agency alternative","/compare/asana","Secondary","Commercial Investigation","Alternative / comparison page","P1 — BOFU comparison","Mapped page; validate depth","Mapped to stated intent","Needs parent-hub contextual link review","No Search Console export available","Monitor against mapped primary owner","Strengthen the mapped canonical page; link to its parent commercial hub without competing for the head term.","Medium","Mapped to existing page"
"monday.com alternative","/compare/monday","Secondary","Commercial Investigation","Alternative / comparison page","P1 — BOFU comparison","Mapped page; validate depth","Mapped to stated intent","Needs parent-hub contextual link review","No Search Console export available","Monitor against mapped primary owner","Strengthen the mapped canonical page; link to its parent commercial hub without competing for the head term.","Medium","Mapped to existing page"
"Monday alternative for agencies","/compare/monday","Secondary","Commercial Investigation","Alternative / comparison page","P1 — BOFU comparison","Mapped page; validate depth","Mapped to stated intent","Needs parent-hub contextual link review","No Search Console export available","Monitor against mapped primary owner","Strengthen the mapped canonical page; link to its parent commercial hub without competing for the head term.","Medium","Mapped to existing page"
"monday CRM alternative","/compare/monday","Secondary","Commercial Investigation","Alternative / comparison page","P1 — BOFU comparison","Mapped page; validate depth","Mapped to stated intent","Needs parent-hub contextual link review","No Search Console export available","Monitor against mapped primary owner","Strengthen the mapped canonical page; link to its parent commercial hub without competing for the head term.","Medium","Mapped to existing page"
"Monday alternative with client portal","/compare/monday","Secondary","Commercial Investigation","Alternative / comparison page","P1 — BOFU comparison","Mapped page; validate depth","Mapped to stated intent","Needs parent-hub contextual link review","No Search Console export available","Monitor against mapped primary owner","Strengthen the mapped canonical page; link to its parent commercial hub without competing for the head term.","Medium","Mapped to existing page"
"Monday agency management alternative","/compare/monday","Secondary","Commercial Investigation","Alternative / comparison page","P1 — BOFU comparison","Mapped page; validate depth","Mapped to stated intent","Needs parent-hub contextual link review","No Search Console export available","Monitor against mapped primary owner","Strengthen the mapped canonical page; link to its parent commercial hub without competing for the head term.","Medium","Mapped to existing page"
"Monday.com for agencies","/compare/monday","Secondary","Commercial Investigation","Alternative / comparison page","P1 — BOFU comparison","Mapped page; validate depth","Mapped to stated intent","Needs parent-hub contextual link review","No Search Console export available","Monitor against mapped primary owner","Strengthen the mapped canonical page; link to its parent commercial hub without competing for the head term.","Medium","Mapped to existing page"
"Notion alternative","/compare/notion","Secondary","Commercial Investigation","Alternative / comparison page","P1 — BOFU comparison","Mapped page; validate depth","Mapped to stated intent","Needs parent-hub contextual link review","No Search Console export available","Monitor against mapped primary owner","Strengthen the mapped canonical page; link to its parent commercial hub without competing for the head term.","Medium","Mapped to existing page"
"Notion alternative for agencies","/compare/notion","Secondary","Commercial Investigation","Alternative / comparison page","P1 — BOFU comparison","Mapped page; validate depth","Mapped to stated intent","Needs parent-hub contextual link review","No Search Console export available","Monitor against mapped primary owner","Strengthen the mapped canonical page; link to its parent commercial hub without competing for the head term.","Medium","Mapped to existing page"
"Notion CRM alternative","/compare/notion","Secondary","Commercial Investigation","Alternative / comparison page","P1 — BOFU comparison","Mapped page; validate depth","Mapped to stated intent","Needs parent-hub contextual link review","No Search Console export available","Monitor against mapped primary owner","Strengthen the mapped canonical page; link to its parent commercial hub without competing for the head term.","Medium","Mapped to existing page"
"Notion client management alternative","/compare/notion","Secondary","Commercial Investigation","Alternative / comparison page","P1 — BOFU comparison","Mapped page; validate depth","Mapped to stated intent","Needs parent-hub contextual link review","No Search Console export available","Monitor against mapped primary owner","Strengthen the mapped canonical page; link to its parent commercial hub without competing for the head term.","Medium","Mapped to existing page"
"Notion agency management alternative","/compare/notion","Secondary","Commercial Investigation","Alternative / comparison page","P1 — BOFU comparison","Mapped page; validate depth","Mapped to stated intent","Needs parent-hub contextual link review","No Search Console export available","Monitor against mapped primary owner","Strengthen the mapped canonical page; link to its parent commercial hub without competing for the head term.","Medium","Mapped to existing page"
"Notion alternative with invoicing","/compare/notion","Secondary","Commercial Investigation","Alternative / comparison page","P1 — BOFU comparison","Mapped page; validate depth","Mapped to stated intent","Needs parent-hub contextual link review","No Search Console export available","Monitor against mapped primary owner","Strengthen the mapped canonical page; link to its parent commercial hub without competing for the head term.","Medium","Mapped to existing page"
"Notion alternative with client portal","/compare/notion","Secondary","Commercial Investigation","Alternative / comparison page","P1 — BOFU comparison","Mapped page; validate depth","Mapped to stated intent","Needs parent-hub contextual link review","No Search Console export available","Monitor against mapped primary owner","Strengthen the mapped canonical page; link to its parent commercial hub without competing for the head term.","Medium","Mapped to existing page"
"HubSpot alternative","/compare/hubspot","Secondary","Commercial Investigation","Alternative / comparison page","P1 — BOFU comparison","Mapped page; validate depth","Mapped to stated intent","Needs parent-hub contextual link review","No Search Console export available","Monitor against mapped primary owner","Strengthen the mapped canonical page; link to its parent commercial hub without competing for the head term.","Medium","Mapped to existing page"
"HubSpot CRM alternative","/compare/hubspot","Secondary","Commercial Investigation","Alternative / comparison page","P1 — BOFU comparison","Mapped page; validate depth","Mapped to stated intent","Needs parent-hub contextual link review","No Search Console export available","Monitor against mapped primary owner","Strengthen the mapped canonical page; link to its parent commercial hub without competing for the head term.","Medium","Mapped to existing page"
"HubSpot alternative for agencies","/compare/hubspot","Secondary","Commercial Investigation","Alternative / comparison page","P1 — BOFU comparison","Mapped page; validate depth","Mapped to stated intent","Needs parent-hub contextual link review","No Search Console export available","Monitor against mapped primary owner","Strengthen the mapped canonical page; link to its parent commercial hub without competing for the head term.","Medium","Mapped to existing page"
"HubSpot alternative for small agencies","/compare/hubspot","Secondary","Commercial Investigation","Alternative / comparison page","P1 — BOFU comparison","Mapped page; validate depth","Mapped to stated intent","Needs parent-hub contextual link review","No Search Console export available","Monitor against mapped primary owner","Strengthen the mapped canonical page; link to its parent commercial hub without competing for the head term.","Medium","Mapped to existing page"
"cheaper HubSpot alternative","/compare/hubspot","Secondary","Commercial Investigation","Alternative / comparison page","P1 — BOFU comparison","Mapped page; validate depth","Mapped to stated intent","Needs parent-hub contextual link review","No Search Console export available","Monitor against mapped primary owner","Strengthen the mapped canonical page; link to its parent commercial hub without competing for the head term.","Medium","Mapped to existing page"
"simple HubSpot alternative","/compare/hubspot","Secondary","Commercial Investigation","Alternative / comparison page","P1 — BOFU comparison","Mapped page; validate depth","Mapped to stated intent","Needs parent-hub contextual link review","No Search Console export available","Monitor against mapped primary owner","Strengthen the mapped canonical page; link to its parent commercial hub without competing for the head term.","Medium","Mapped to existing page"
"HubSpot client management alternative","/compare/hubspot","Secondary","Commercial Investigation","Alternative / comparison page","P1 — BOFU comparison","Mapped page; validate depth","Mapped to stated intent","Needs parent-hub contextual link review","No Search Console export available","Monitor against mapped primary owner","Strengthen the mapped canonical page; link to its parent commercial hub without competing for the head term.","Medium","Mapped to existing page"
"HubSpot alternative with project management","/compare/hubspot","Secondary","Commercial Investigation","Alternative / comparison page","P1 — BOFU comparison","Mapped page; validate depth","Mapped to stated intent","Needs parent-hub contextual link review","No Search Console export available","Monitor against mapped primary owner","Strengthen the mapped canonical page; link to its parent commercial hub without competing for the head term.","Medium","Mapped to existing page"
"HubSpot alternative with client portal","/compare/hubspot","Secondary","Commercial Investigation","Alternative / comparison page","P1 — BOFU comparison","Mapped page; validate depth","Mapped to stated intent","Needs parent-hub contextual link review","No Search Console export available","Monitor against mapped primary owner","Strengthen the mapped canonical page; link to its parent commercial hub without competing for the head term.","Medium","Mapped to existing page"
"Zoho CRM alternative","/compare/zoho-crm","Secondary","Commercial Investigation","Alternative / comparison page","P1 — BOFU comparison","Mapped page; validate depth","Mapped to stated intent","Needs parent-hub contextual link review","No Search Console export available","Monitor against mapped primary owner","Strengthen the mapped canonical page; link to its parent commercial hub without competing for the head term.","Medium","Mapped to existing page"
"Zoho alternative for agencies","/compare/zoho-crm","Secondary","Commercial Investigation","Alternative / comparison page","P1 — BOFU comparison","Mapped page; validate depth","Mapped to stated intent","Needs parent-hub contextual link review","No Search Console export available","Monitor against mapped primary owner","Strengthen the mapped canonical page; link to its parent commercial hub without competing for the head term.","Medium","Mapped to existing page"
"simpler Zoho CRM alternative","/compare/zoho-crm","Secondary","Commercial Investigation","Alternative / comparison page","P1 — BOFU comparison","Mapped page; validate depth","Mapped to stated intent","Needs parent-hub contextual link review","No Search Console export available","Monitor against mapped primary owner","Strengthen the mapped canonical page; link to its parent commercial hub without competing for the head term.","Medium","Mapped to existing page"
"Zoho CRM alternative for small business","/compare/zoho-crm","Secondary","Commercial Investigation","Alternative / comparison page","P1 — BOFU comparison","Mapped page; validate depth","Mapped to stated intent","Needs parent-hub contextual link review","No Search Console export available","Monitor against mapped primary owner","Strengthen the mapped canonical page; link to its parent commercial hub without competing for the head term.","Medium","Mapped to existing page"
"Zoho CRM alternative with project management","/compare/zoho-crm","Secondary","Commercial Investigation","Alternative / comparison page","P1 — BOFU comparison","Mapped page; validate depth","Mapped to stated intent","Needs parent-hub contextual link review","No Search Console export available","Monitor against mapped primary owner","Strengthen the mapped canonical page; link to its parent commercial hub without competing for the head term.","Medium","Mapped to existing page"
"Zoho CRM agency alternative","/compare/zoho-crm","Secondary","Commercial Investigation","Alternative / comparison page","P1 — BOFU comparison","Mapped page; validate depth","Mapped to stated intent","Needs parent-hub contextual link review","No Search Console export available","Monitor against mapped primary owner","Strengthen the mapped canonical page; link to its parent commercial hub without competing for the head term.","Medium","Mapped to existing page"
"Teamwork alternative","/compare/teamwork","Secondary","Commercial Investigation","Alternative page","P1 — BOFU comparison","Not published","Requires distinct-intent validation","Needs parent-hub contextual link review","No Search Console export available","Monitor against mapped primary owner","Keep as documented future-content gap; do not create without distinct intent evidence.","Medium","Mapped to future content"
"Teamwork alternatives","/compare/teamwork","Secondary","Commercial Investigation","Alternative page","P1 — BOFU comparison","Not published","Requires distinct-intent validation","Needs parent-hub contextual link review","No Search Console export available","Monitor against mapped primary owner","Keep as documented future-content gap; do not create without distinct intent evidence.","Medium","Mapped to future content"
"Teamwork alternative for agencies","/compare/teamwork","Secondary","Commercial Investigation","Alternative page","P1 — BOFU comparison","Not published","Requires distinct-intent validation","Needs parent-hub contextual link review","No Search Console export available","Monitor against mapped primary owner","Keep as documented future-content gap; do not create without distinct intent evidence.","Medium","Mapped to future content"
"Productive.io alternative","/compare/productive","Secondary","Commercial Investigation","Alternative page","P1 — BOFU comparison","Not published","Requires distinct-intent validation","Needs parent-hub contextual link review","No Search Console export available","Monitor against mapped primary owner","Keep as documented future-content gap; do not create without distinct intent evidence.","Medium","Mapped to future content"
"Productive alternative for agencies","/compare/productive","Secondary","Commercial Investigation","Alternative page","P1 — BOFU comparison","Not published","Requires distinct-intent validation","Needs parent-hub contextual link review","No Search Console export available","Monitor against mapped primary owner","Keep as documented future-content gap; do not create without distinct intent evidence.","Medium","Mapped to future content"
"Scoro alternative","/compare/scoro","Secondary","Commercial Investigation","Alternative page","P1 — BOFU comparison","Not published","Requires distinct-intent validation","Needs parent-hub contextual link review","No Search Console export available","Monitor against mapped primary owner","Keep as documented future-content gap; do not create without distinct intent evidence.","Medium","Mapped to future content"
"Scoro alternatives","/compare/scoro","Secondary","Commercial Investigation","Alternative page","P1 — BOFU comparison","Not published","Requires distinct-intent validation","Needs parent-hub contextual link review","No Search Console export available","Monitor against mapped primary owner","Keep as documented future-content gap; do not create without distinct intent evidence.","Medium","Mapped to future content"
"cheaper Scoro alternative","/compare/scoro","Secondary","Commercial Investigation","Alternative page","P1 — BOFU comparison","Not published","Requires distinct-intent validation","Needs parent-hub contextual link review","No Search Console export available","Monitor against mapped primary owner","Keep as documented future-content gap; do not create without distinct intent evidence.","Medium","Mapped to future content"
"Accelo alternative","/compare/accelo","Secondary","Commercial Investigation","Alternative page","P1 — BOFU comparison","Not published","Requires distinct-intent validation","Needs parent-hub contextual link review","No Search Console export available","Monitor against mapped primary owner","Keep as documented future-content gap; do not create without distinct intent evidence.","Medium","Mapped to future content"
"Accelo alternatives","/compare/accelo","Secondary","Commercial Investigation","Alternative page","P1 — BOFU comparison","Not published","Requires distinct-intent validation","Needs parent-hub contextual link review","No Search Console export available","Monitor against mapped primary owner","Keep as documented future-content gap; do not create without distinct intent evidence.","Medium","Mapped to future content"
"Workamajig alternative","/compare","Secondary","Commercial Investigation","Alternative page","P1 — supporting opportunity","Mapped page; validate depth","Mapped to stated intent","Needs parent-hub contextual link review","No Search Console export available","Monitor against mapped primary owner","Strengthen the mapped canonical page; link to its parent commercial hub without competing for the head term.","Medium","Mapped to existing page"
"Function Point alternative","/compare","Secondary","Commercial Investigation","Alternative page","P1 — supporting opportunity","Mapped page; validate depth","Mapped to stated intent","Needs parent-hub contextual link review","No Search Console export available","Monitor against mapped primary owner","Strengthen the mapped canonical page; link to its parent commercial hub without competing for the head term.","Medium","Mapped to existing page"
"Kantata alternative","/compare","Secondary","Commercial Investigation","Alternative page","P1 — supporting opportunity","Mapped page; validate depth","Mapped to stated intent","Needs parent-hub contextual link review","No Search Console export available","Monitor against mapped primary owner","Strengthen the mapped canonical page; link to its parent commercial hub without competing for the head term.","Medium","Mapped to existing page"
"SuiteDash alternative","/compare/suitedash","Secondary","Commercial Investigation","Alternative page","P1 — BOFU comparison","Not published","Requires distinct-intent validation","Needs parent-hub contextual link review","No Search Console export available","Monitor against mapped primary owner","Keep as documented future-content gap; do not create without distinct intent evidence.","Medium","Mapped to future content"
"SuiteDash alternatives","/compare/suitedash","Secondary","Commercial Investigation","Alternative page","P1 — BOFU comparison","Not published","Requires distinct-intent validation","Needs parent-hub contextual link review","No Search Console export available","Monitor against mapped primary owner","Keep as documented future-content gap; do not create without distinct intent evidence.","Medium","Mapped to future content"
"SuiteDash alternative for agencies","/compare/suitedash","Secondary","Commercial Investigation","Alternative page","P1 — BOFU comparison","Not published","Requires distinct-intent validation","Needs parent-hub contextual link review","No Search Console export available","Monitor against mapped primary owner","Keep as documented future-content gap; do not create without distinct intent evidence.","Medium","Mapped to future content"
"ManyRequests alternative","/compare/manyrequests","Secondary","Commercial Investigation","Alternative page","P1 — BOFU comparison","Not published","Requires distinct-intent validation","Needs parent-hub contextual link review","No Search Console export available","Monitor against mapped primary owner","Keep as documented future-content gap; do not create without distinct intent evidence.","Medium","Mapped to future content"
"ManyRequests alternatives","/compare/manyrequests","Secondary","Commercial Investigation","Alternative page","P1 — BOFU comparison","Not published","Requires distinct-intent validation","Needs parent-hub contextual link review","No Search Console export available","Monitor against mapped primary owner","Keep as documented future-content gap; do not create without distinct intent evidence.","Medium","Mapped to future content"
"Kitchen.co alternative","/compare","Secondary","Commercial Investigation","Alternative page","P1 — supporting opportunity","Mapped page; validate depth","Mapped to stated intent","Needs parent-hub contextual link review","No Search Console export available","Monitor against mapped primary owner","Strengthen the mapped canonical page; link to its parent commercial hub without competing for the head term.","Medium","Mapped to existing page"
"ClientVenue alternative","/compare","Secondary","Commercial Investigation","Alternative page","P1 — supporting opportunity","Mapped page; validate depth","Mapped to stated intent","Needs parent-hub contextual link review","No Search Console export available","Monitor against mapped primary owner","Strengthen the mapped canonical page; link to its parent commercial hub without competing for the head term.","Medium","Mapped to existing page"
"AgencyPro alternative","/compare","Secondary","Commercial Investigation","Alternative page","P1 — supporting opportunity","Mapped page; validate depth","Mapped to stated intent","Needs parent-hub contextual link review","No Search Console export available","Monitor against mapped primary owner","Strengthen the mapped canonical page; link to its parent commercial hub without competing for the head term.","Medium","Mapped to existing page"
"Agency Handy alternative","/compare","Secondary","Commercial Investigation","Alternative page","P1 — supporting opportunity","Mapped page; validate depth","Mapped to stated intent","Needs parent-hub contextual link review","No Search Console export available","Monitor against mapped primary owner","Strengthen the mapped canonical page; link to its parent commercial hub without competing for the head term.","Medium","Mapped to existing page"
"Plutio alternative","/compare/plutio","Secondary","Commercial Investigation","Alternative page","P1 — BOFU comparison","Not published","Requires distinct-intent validation","Needs parent-hub contextual link review","No Search Console export available","Monitor against mapped primary owner","Keep as documented future-content gap; do not create without distinct intent evidence.","Medium","Mapped to future content"
"Plutio alternatives","/compare/plutio","Secondary","Commercial Investigation","Alternative page","P1 — BOFU comparison","Not published","Requires distinct-intent validation","Needs parent-hub contextual link review","No Search Console export available","Monitor against mapped primary owner","Keep as documented future-content gap; do not create without distinct intent evidence.","Medium","Mapped to future content"
"HoneyBook alternative","/compare/honeybook","Secondary","Commercial Investigation","Alternative page","P1 — BOFU comparison","Not published","Requires distinct-intent validation","Needs parent-hub contextual link review","No Search Console export available","Monitor against mapped primary owner","Keep as documented future-content gap; do not create without distinct intent evidence.","Medium","Mapped to future content"
"HoneyBook alternative for agencies","/compare/honeybook","Secondary","Commercial Investigation","Alternative page","P1 — BOFU comparison","Not published","Requires distinct-intent validation","Needs parent-hub contextual link review","No Search Console export available","Monitor against mapped primary owner","Keep as documented future-content gap; do not create without distinct intent evidence.","Medium","Mapped to future content"
"Dubsado alternative","/compare/dubsado","Secondary","Commercial Investigation","Alternative page","P1 — BOFU comparison","Not published","Requires distinct-intent validation","Needs parent-hub contextual link review","No Search Console export available","Monitor against mapped primary owner","Keep as documented future-content gap; do not create without distinct intent evidence.","Medium","Mapped to future content"
"Bonsai alternative","/compare/bonsai","Secondary","Commercial Investigation","Alternative page","P1 — BOFU comparison","Not published","Requires distinct-intent validation","Needs parent-hub contextual link review","No Search Console export available","Monitor against mapped primary owner","Keep as documented future-content gap; do not create without distinct intent evidence.","Medium","Mapped to future content"
"Clientjoy alternative","/compare/clientjoy","Secondary","Commercial Investigation","Alternative page","P1 — BOFU comparison","Not published","Requires distinct-intent validation","Needs parent-hub contextual link review","No Search Console export available","Monitor against mapped primary owner","Keep as documented future-content gap; do not create without distinct intent evidence.","Medium","Mapped to future content"
"Flowlu alternative","/compare","Secondary","Commercial Investigation","Alternative page","P1 — supporting opportunity","Mapped page; validate depth","Mapped to stated intent","Needs parent-hub contextual link review","No Search Console export available","Monitor against mapped primary owner","Strengthen the mapped canonical page; link to its parent commercial hub without competing for the head term.","Medium","Mapped to existing page"
"Copilot client portal alternative","/compare","Secondary","Commercial Investigation","Alternative page","P1 — supporting opportunity","Mapped page; validate depth","Mapped to stated intent","Needs parent-hub contextual link review","No Search Console export available","Monitor against mapped primary owner","Strengthen the mapped canonical page; link to its parent commercial hub without competing for the head term.","Medium","Mapped to existing page"
"Moxo alternative","/compare","Secondary","Commercial Investigation","Alternative page","P1 — supporting opportunity","Mapped page; validate depth","Mapped to stated intent","Needs parent-hub contextual link review","No Search Console export available","Monitor against mapped primary owner","Strengthen the mapped canonical page; link to its parent commercial hub without competing for the head term.","Medium","Mapped to existing page"
"Sarion vs ClickUp","/compare/clickup","Secondary","Transactional / Commercial Investigation","Brand comparison page","P1 — BOFU comparison","Mapped page; validate depth","Mapped to stated intent","Needs parent-hub contextual link review","No Search Console export available","Monitor against mapped primary owner","Strengthen the mapped canonical page; link to its parent commercial hub without competing for the head term.","Medium","Mapped to existing page"
"Sarion vs Asana","/compare/asana","Secondary","Transactional / Commercial Investigation","Brand comparison page","P1 — BOFU comparison","Mapped page; validate depth","Mapped to stated intent","Needs parent-hub contextual link review","No Search Console export available","Monitor against mapped primary owner","Strengthen the mapped canonical page; link to its parent commercial hub without competing for the head term.","Medium","Mapped to existing page"
"Sarion vs Monday","/compare/monday","Secondary","Transactional / Commercial Investigation","Brand comparison page","P1 — BOFU comparison","Mapped page; validate depth","Mapped to stated intent","Needs parent-hub contextual link review","No Search Console export available","Monitor against mapped primary owner","Strengthen the mapped canonical page; link to its parent commercial hub without competing for the head term.","Medium","Mapped to existing page"
"Sarion vs Notion","/compare/notion","Secondary","Transactional / Commercial Investigation","Brand comparison page","P1 — BOFU comparison","Mapped page; validate depth","Mapped to stated intent","Needs parent-hub contextual link review","No Search Console export available","Monitor against mapped primary owner","Strengthen the mapped canonical page; link to its parent commercial hub without competing for the head term.","Medium","Mapped to existing page"
"Sarion vs HubSpot","/compare/hubspot","Secondary","Transactional / Commercial Investigation","Brand comparison page","P1 — BOFU comparison","Mapped page; validate depth","Mapped to stated intent","Needs parent-hub contextual link review","No Search Console export available","Monitor against mapped primary owner","Strengthen the mapped canonical page; link to its parent commercial hub without competing for the head term.","Medium","Mapped to existing page"
"Sarion vs Zoho CRM","/compare/zoho-crm","Secondary","Transactional / Commercial Investigation","Brand comparison page","P1 — BOFU comparison","Mapped page; validate depth","Mapped to stated intent","Needs parent-hub contextual link review","No Search Console export available","Monitor against mapped primary owner","Strengthen the mapped canonical page; link to its parent commercial hub without competing for the head term.","Medium","Mapped to existing page"
"Sarion vs Teamwork","/compare/teamwork","Secondary","Transactional / Commercial Investigation","Brand comparison page","P1 — BOFU comparison","Not published","Requires distinct-intent validation","Needs parent-hub contextual link review","No Search Console export available","Monitor against mapped primary owner","Keep as documented future-content gap; do not create without distinct intent evidence.","Medium","Mapped to future content"
"Sarion vs Productive","/compare/productive","Secondary","Transactional / Commercial Investigation","Brand comparison page","P1 — BOFU comparison","Not published","Requires distinct-intent validation","Needs parent-hub contextual link review","No Search Console export available","Monitor against mapped primary owner","Keep as documented future-content gap; do not create without distinct intent evidence.","Medium","Mapped to future content"
"Sarion vs Scoro","/compare/scoro","Secondary","Transactional / Commercial Investigation","Brand comparison page","P1 — BOFU comparison","Not published","Requires distinct-intent validation","Needs parent-hub contextual link review","No Search Console export available","Monitor against mapped primary owner","Keep as documented future-content gap; do not create without distinct intent evidence.","Medium","Mapped to future content"
"Sarion vs Accelo","/compare/accelo","Secondary","Transactional / Commercial Investigation","Brand comparison page","P1 — BOFU comparison","Not published","Requires distinct-intent validation","Needs parent-hub contextual link review","No Search Console export available","Monitor against mapped primary owner","Keep as documented future-content gap; do not create without distinct intent evidence.","Medium","Mapped to future content"
"Sarion vs SuiteDash","/compare/suitedash","Secondary","Transactional / Commercial Investigation","Brand comparison page","P1 — BOFU comparison","Not published","Requires distinct-intent validation","Needs parent-hub contextual link review","No Search Console export available","Monitor against mapped primary owner","Keep as documented future-content gap; do not create without distinct intent evidence.","Medium","Mapped to future content"
"Sarion vs ManyRequests","/compare/manyrequests","Secondary","Transactional / Commercial Investigation","Brand comparison page","P1 — BOFU comparison","Not published","Requires distinct-intent validation","Needs parent-hub contextual link review","No Search Console export available","Monitor against mapped primary owner","Keep as documented future-content gap; do not create without distinct intent evidence.","Medium","Mapped to future content"
"Sarion vs HoneyBook","/compare/honeybook","Secondary","Transactional / Commercial Investigation","Brand comparison page","P1 — BOFU comparison","Not published","Requires distinct-intent validation","Needs parent-hub contextual link review","No Search Console export available","Monitor against mapped primary owner","Keep as documented future-content gap; do not create without distinct intent evidence.","Medium","Mapped to future content"
"Sarion vs Dubsado","/compare/dubsado","Secondary","Transactional / Commercial Investigation","Brand comparison page","P1 — BOFU comparison","Not published","Requires distinct-intent validation","Needs parent-hub contextual link review","No Search Console export available","Monitor against mapped primary owner","Keep as documented future-content gap; do not create without distinct intent evidence.","Medium","Mapped to future content"
"Sarion vs Bonsai","/compare/bonsai","Secondary","Transactional / Commercial Investigation","Brand comparison page","P1 — BOFU comparison","Not published","Requires distinct-intent validation","Needs parent-hub contextual link review","No Search Console export available","Monitor against mapped primary owner","Keep as documented future-content gap; do not create without distinct intent evidence.","Medium","Mapped to future content"
"Sarion vs Plutio","/compare/plutio","Secondary","Transactional / Commercial Investigation","Brand comparison page","P1 — BOFU comparison","Not published","Requires distinct-intent validation","Needs parent-hub contextual link review","No Search Console export available","Monitor against mapped primary owner","Keep as documented future-content gap; do not create without distinct intent evidence.","Medium","Mapped to future content"
"Sarion vs Clientjoy","/compare/clientjoy","Secondary","Transactional / Commercial Investigation","Brand comparison page","P1 — BOFU comparison","Not published","Requires distinct-intent validation","Needs parent-hub contextual link review","No Search Console export available","Monitor against mapped primary owner","Keep as documented future-content gap; do not create without distinct intent evidence.","Medium","Mapped to future content"
"replace multiple agency tools","/agency-operations","Secondary","Commercial Investigation","Use-case / commercial page","P1 — commercial owner","Established commercial hub","Mapped to stated intent","Supported by primary navigation and commercial cluster","No Search Console export available","Protected canonical owner","Strengthen canonical owner with answer-first copy, related-hub links, FAQ and CTA alignment.","High","Mapped to new page"
"all in one alternative to ClickUp and QuickBooks","/agency-operations","Secondary","Commercial Investigation","Use-case / commercial page","P1 — commercial owner","Established commercial hub","Mapped to stated intent","Supported by primary navigation and commercial cluster","No Search Console export available","Protected canonical owner","Strengthen canonical owner with answer-first copy, related-hub links, FAQ and CTA alignment.","High","Mapped to new page"
"CRM project management invoicing in one","/agency-operations","Secondary","Commercial Investigation","Use-case / commercial page","P1 — commercial owner","Established commercial hub","Mapped to stated intent","Supported by primary navigation and commercial cluster","No Search Console export available","Protected canonical owner","Strengthen canonical owner with answer-first copy, related-hub links, FAQ and CTA alignment.","High","Mapped to new page"
"CRM project management client portal","/agency-operations","Secondary","Commercial Investigation","Use-case / commercial page","P1 — commercial owner","Established commercial hub","Mapped to stated intent","Supported by primary navigation and commercial cluster","No Search Console export available","Protected canonical owner","Strengthen canonical owner with answer-first copy, related-hub links, FAQ and CTA alignment.","High","Mapped to new page"
"CRM project management invoicing platform","/agency-operations","Secondary","Commercial Investigation","Use-case / commercial page","P1 — commercial owner","Established commercial hub","Mapped to stated intent","Supported by primary navigation and commercial cluster","No Search Console export available","Protected canonical owner","Strengthen canonical owner with answer-first copy, related-hub links, FAQ and CTA alignment.","High","Mapped to new page"
"project management CRM invoicing software","/agency-operations","Secondary","Commercial Investigation","Use-case / commercial page","P1 — commercial owner","Established commercial hub","Mapped to stated intent","Supported by primary navigation and commercial cluster","No Search Console export available","Protected canonical owner","Strengthen canonical owner with answer-first copy, related-hub links, FAQ and CTA alignment.","High","Mapped to new page"
"client management project management invoicing software","/agency-operations","Secondary","Commercial Investigation","Use-case / commercial page","P1 — commercial owner","Established commercial hub","Mapped to stated intent","Supported by primary navigation and commercial cluster","No Search Console export available","Protected canonical owner","Strengthen canonical owner with answer-first copy, related-hub links, FAQ and CTA alignment.","High","Mapped to new page"
"CRM client portal invoicing software","/agency-operations","Secondary","Commercial Investigation","Use-case / commercial page","P1 — commercial owner","Established commercial hub","Mapped to stated intent","Supported by primary navigation and commercial cluster","No Search Console export available","Protected canonical owner","Strengthen canonical owner with answer-first copy, related-hub links, FAQ and CTA alignment.","High","Mapped to new page"
"all in one client management software","/agency-operations","Secondary","Commercial Investigation","Use-case / commercial page","P1 — commercial owner","Established commercial hub","Mapped to stated intent","Supported by primary navigation and commercial cluster","No Search Console export available","Protected canonical owner","Strengthen canonical owner with answer-first copy, related-hub links, FAQ and CTA alignment.","High","Mapped to new page"
"all in one client portal software","/agency-operations","Secondary","Commercial Investigation","Use-case / commercial page","P1 — commercial owner","Established commercial hub","Mapped to stated intent","Supported by primary navigation and commercial cluster","No Search Console export available","Protected canonical owner","Strengthen canonical owner with answer-first copy, related-hub links, FAQ and CTA alignment.","High","Mapped to new page"
"all in one agency platform","/agency-operations","Secondary","Commercial Investigation","Use-case / commercial page","P1 — commercial owner","Established commercial hub","Mapped to stated intent","Supported by primary navigation and commercial cluster","No Search Console export available","Protected canonical owner","Strengthen canonical owner with answer-first copy, related-hub links, FAQ and CTA alignment.","High","Mapped to new page"
"agency software with everything in one place","/agency-operations","Secondary","Commercial Investigation","Use-case / commercial page","P1 — commercial owner","Established commercial hub","Mapped to stated intent","Supported by primary navigation and commercial cluster","No Search Console export available","Protected canonical owner","Strengthen canonical owner with answer-first copy, related-hub links, FAQ and CTA alignment.","High","Mapped to new page"
"one platform for agency management","/agency-operations","Secondary","Commercial Investigation","Use-case / commercial page","P1 — commercial owner","Established commercial hub","Mapped to stated intent","Supported by primary navigation and commercial cluster","No Search Console export available","Protected canonical owner","Strengthen canonical owner with answer-first copy, related-hub links, FAQ and CTA alignment.","High","Mapped to new page"
"consolidate agency software","/agency-operations","Secondary","Commercial Investigation","Use-case / commercial page","P1 — commercial owner","Established commercial hub","Mapped to stated intent","Supported by primary navigation and commercial cluster","No Search Console export available","Protected canonical owner","Strengthen canonical owner with answer-first copy, related-hub links, FAQ and CTA alignment.","High","Mapped to new page"
"agency tool consolidation","/agency-operations","Secondary","Commercial Investigation","Use-case / commercial page","P1 — commercial owner","Established commercial hub","Mapped to stated intent","Supported by primary navigation and commercial cluster","No Search Console export available","Protected canonical owner","Strengthen canonical owner with answer-first copy, related-hub links, FAQ and CTA alignment.","High","Mapped to new page"
"replace agency spreadsheets","/agency-operations","Secondary","Commercial Investigation","Use-case / commercial page","P1 — commercial owner","Established commercial hub","Mapped to stated intent","Supported by primary navigation and commercial cluster","No Search Console export available","Protected canonical owner","Strengthen canonical owner with answer-first copy, related-hub links, FAQ and CTA alignment.","High","Mapped to new page"
"agency spreadsheet alternative","/agency-operations","Secondary","Commercial Investigation","Use-case / commercial page","P1 — commercial owner","Established commercial hub","Mapped to stated intent","Supported by primary navigation and commercial cluster","No Search Console export available","Protected canonical owner","Strengthen canonical owner with answer-first copy, related-hub links, FAQ and CTA alignment.","High","Mapped to new page"
"CRM spreadsheet alternative","/agency-operations","Secondary","Commercial Investigation","Use-case / commercial page","P1 — commercial owner","Established commercial hub","Mapped to stated intent","Supported by primary navigation and commercial cluster","No Search Console export available","Protected canonical owner","Strengthen canonical owner with answer-first copy, related-hub links, FAQ and CTA alignment.","High","Mapped to new page"
"client management spreadsheet alternative","/agency-operations","Secondary","Commercial Investigation","Use-case / commercial page","P1 — commercial owner","Established commercial hub","Mapped to stated intent","Supported by primary navigation and commercial cluster","No Search Console export available","Protected canonical owner","Strengthen canonical owner with answer-first copy, related-hub links, FAQ and CTA alignment.","High","Mapped to new page"
"agency management software pricing","/pricing","Primary","Transactional","Pricing / commercial landing page","P1 — supporting opportunity","Mapped page; validate depth","Mapped to stated intent","Needs parent-hub contextual link review","No Search Console export available","Monitor against mapped primary owner","Strengthen the mapped canonical page; link to its parent commercial hub without competing for the head term.","Validate first","Mapped to existing page"
"agency CRM pricing","/pricing","Secondary","Transactional","Pricing / commercial landing page","P1 — supporting opportunity","Mapped page; validate depth","Mapped to stated intent","Needs parent-hub contextual link review","No Search Console export available","Monitor against mapped primary owner","Strengthen the mapped canonical page; link to its parent commercial hub without competing for the head term.","Validate first","Mapped to existing page"
"client portal software pricing","/pricing","Secondary","Transactional","Pricing / commercial landing page","P1 — supporting opportunity","Mapped page; validate depth","Mapped to stated intent","Needs parent-hub contextual link review","No Search Console export available","Monitor against mapped primary owner","Strengthen the mapped canonical page; link to its parent commercial hub without competing for the head term.","Validate first","Mapped to existing page"
"agency project management software pricing","/pricing","Secondary","Transactional","Pricing / commercial landing page","P1 — supporting opportunity","Mapped page; validate depth","Mapped to stated intent","Needs parent-hub contextual link review","No Search Console export available","Monitor against mapped primary owner","Strengthen the mapped canonical page; link to its parent commercial hub without competing for the head term.","Validate first","Mapped to existing page"
"cheapest agency management software","/pricing","Secondary","Transactional","Pricing / commercial landing page","P1 — supporting opportunity","Mapped page; validate depth","Mapped to stated intent","Needs parent-hub contextual link review","No Search Console export available","Monitor against mapped primary owner","Strengthen the mapped canonical page; link to its parent commercial hub without competing for the head term.","Validate first","Mapped to existing page"
"agency software under $50","/pricing","Secondary","Transactional","Pricing / commercial landing page","P1 — supporting opportunity","Mapped page; validate depth","Mapped to stated intent","Needs parent-hub contextual link review","No Search Console export available","Monitor against mapped primary owner","Strengthen the mapped canonical page; link to its parent commercial hub without competing for the head term.","Validate first","Mapped to existing page"
"agency software $50 month","/pricing","Secondary","Transactional","Pricing / commercial landing page","P1 — supporting opportunity","Mapped page; validate depth","Mapped to stated intent","Needs parent-hub contextual link review","No Search Console export available","Monitor against mapped primary owner","Strengthen the mapped canonical page; link to its parent commercial hub without competing for the head term.","Validate first","Mapped to existing page"
"free client portal software","/pricing","Secondary","Transactional","Pricing / commercial landing page","P1 — supporting opportunity","Mapped page; validate depth","Mapped to stated intent","Needs parent-hub contextual link review","No Search Console export available","Monitor against mapped primary owner","Strengthen the mapped canonical page; link to its parent commercial hub without competing for the head term.","Validate first","Mapped to existing page"
"free CRM with client portal","/pricing","Secondary","Transactional","Pricing / commercial landing page","P1 — supporting opportunity","Mapped page; validate depth","Mapped to stated intent","Needs parent-hub contextual link review","No Search Console export available","Monitor against mapped primary owner","Strengthen the mapped canonical page; link to its parent commercial hub without competing for the head term.","Validate first","Mapped to existing page"
"free project management CRM","/pricing","Secondary","Transactional","Pricing / commercial landing page","P1 — supporting opportunity","Mapped page; validate depth","Mapped to stated intent","Needs parent-hub contextual link review","No Search Console export available","Monitor against mapped primary owner","Strengthen the mapped canonical page; link to its parent commercial hub without competing for the head term.","Validate first","Mapped to existing page"
"agency CRM free trial","/pricing","Secondary","Transactional","Pricing / commercial landing page","P1 — supporting opportunity","Mapped page; validate depth","Mapped to stated intent","Needs parent-hub contextual link review","No Search Console export available","Monitor against mapped primary owner","Strengthen the mapped canonical page; link to its parent commercial hub without competing for the head term.","Validate first","Mapped to existing page"
"client portal free trial","/pricing","Secondary","Transactional","Pricing / commercial landing page","P1 — supporting opportunity","Mapped page; validate depth","Mapped to stated intent","Needs parent-hub contextual link review","No Search Console export available","Monitor against mapped primary owner","Strengthen the mapped canonical page; link to its parent commercial hub without competing for the head term.","Validate first","Mapped to existing page"
"no credit card agency software","/pricing","Secondary","Transactional","Pricing / commercial landing page","P1 — supporting opportunity","Mapped page; validate depth","Mapped to stated intent","Needs parent-hub contextual link review","No Search Console export available","Monitor against mapped primary owner","Strengthen the mapped canonical page; link to its parent commercial hub without competing for the head term.","Validate first","Mapped to existing page"
"agency CRM no credit card","/pricing","Secondary","Transactional","Pricing / commercial landing page","P1 — supporting opportunity","Mapped page; validate depth","Mapped to stated intent","Needs parent-hub contextual link review","No Search Console export available","Monitor against mapped primary owner","Strengthen the mapped canonical page; link to its parent commercial hub without competing for the head term.","Validate first","Mapped to existing page"
"client portal no credit card required","/pricing","Secondary","Transactional","Pricing / commercial landing page","P1 — supporting opportunity","Mapped page; validate depth","Mapped to stated intent","Needs parent-hub contextual link review","No Search Console export available","Monitor against mapped primary owner","Strengthen the mapped canonical page; link to its parent commercial hub without competing for the head term.","Validate first","Mapped to existing page"
"CRM with client portal and invoicing","/agency-crm","Secondary","Commercial","Feature-combination landing page","P1 — commercial owner","Established commercial hub","Mapped to stated intent","Supported by primary navigation and commercial cluster","No Search Console export available","Protected canonical owner","Strengthen canonical owner with answer-first copy, related-hub links, FAQ and CTA alignment.","High","Mapped to new page"
"CRM with project management client portal","/agency-crm","Secondary","Commercial","Feature-combination landing page","P1 — commercial owner","Established commercial hub","Mapped to stated intent","Supported by primary navigation and commercial cluster","No Search Console export available","Protected canonical owner","Strengthen canonical owner with answer-first copy, related-hub links, FAQ and CTA alignment.","High","Mapped to new page"
"CRM invoicing project management client portal","/agency-crm","Secondary","Commercial","Feature-combination landing page","P1 — commercial owner","Established commercial hub","Mapped to stated intent","Supported by primary navigation and commercial cluster","No Search Console export available","Protected canonical owner","Strengthen canonical owner with answer-first copy, related-hub links, FAQ and CTA alignment.","High","Mapped to new page"
"project management with invoicing","/agency-operations","Secondary","Commercial","Feature-combination landing page","P1 — commercial owner","Established commercial hub","Mapped to stated intent","Supported by primary navigation and commercial cluster","No Search Console export available","Protected canonical owner","Strengthen canonical owner with answer-first copy, related-hub links, FAQ and CTA alignment.","High","Mapped to new page"
"project management with CRM","/agency-crm","Secondary","Commercial","Feature-combination landing page","P1 — commercial owner","Established commercial hub","Mapped to stated intent","Supported by primary navigation and commercial cluster","No Search Console export available","Protected canonical owner","Strengthen canonical owner with answer-first copy, related-hub links, FAQ and CTA alignment.","High","Mapped to new page"
"client management with invoicing","/agency-operations","Secondary","Commercial","Feature-combination landing page","P1 — commercial owner","Established commercial hub","Mapped to stated intent","Supported by primary navigation and commercial cluster","No Search Console export available","Protected canonical owner","Strengthen canonical owner with answer-first copy, related-hub links, FAQ and CTA alignment.","High","Mapped to new page"
"client management with project tracking","/agency-operations","Secondary","Commercial","Feature-combination landing page","P1 — commercial owner","Established commercial hub","Mapped to stated intent","Supported by primary navigation and commercial cluster","No Search Console export available","Protected canonical owner","Strengthen canonical owner with answer-first copy, related-hub links, FAQ and CTA alignment.","High","Mapped to new page"
"client management with portal","/client-portal","Secondary","Commercial","Feature-combination landing page","P1 — commercial owner","Established commercial hub","Mapped to stated intent","Supported by primary navigation and commercial cluster","No Search Console export available","Protected canonical owner","Strengthen canonical owner with answer-first copy, related-hub links, FAQ and CTA alignment.","High","Mapped to new page"
"client portal with invoice tracking","/agency-crm","Secondary","Commercial","Feature-combination landing page","P1 — commercial owner","Established commercial hub","Mapped to stated intent","Supported by primary navigation and commercial cluster","No Search Console export available","Protected canonical owner","Strengthen canonical owner with answer-first copy, related-hub links, FAQ and CTA alignment.","High","Mapped to new page"
"client portal with project updates","/client-portal","Secondary","Commercial","Feature-combination landing page","P1 — commercial owner","Established commercial hub","Mapped to stated intent","Supported by primary navigation and commercial cluster","No Search Console export available","Protected canonical owner","Strengthen canonical owner with answer-first copy, related-hub links, FAQ and CTA alignment.","High","Mapped to new page"
"agency CRM with task management","/agency-crm","Secondary","Commercial","Feature-combination landing page","P1 — commercial owner","Established commercial hub","Mapped to stated intent","Supported by primary navigation and commercial cluster","No Search Console export available","Protected canonical owner","Strengthen canonical owner with answer-first copy, related-hub links, FAQ and CTA alignment.","High","Mapped to new page"
"agency CRM with invoice tracking","/agency-crm","Secondary","Commercial","Feature-combination landing page","P1 — commercial owner","Established commercial hub","Mapped to stated intent","Supported by primary navigation and commercial cluster","No Search Console export available","Protected canonical owner","Strengthen canonical owner with answer-first copy, related-hub links, FAQ and CTA alignment.","High","Mapped to new page"
"agency CRM with client dashboard","/agency-crm","Secondary","Commercial","Feature-combination landing page","P1 — commercial owner","Established commercial hub","Mapped to stated intent","Supported by primary navigation and commercial cluster","No Search Console export available","Protected canonical owner","Strengthen canonical owner with answer-first copy, related-hub links, FAQ and CTA alignment.","High","Mapped to new page"
"all in one CRM and project management software","/agency-crm","Secondary","Commercial","Feature-combination landing page","P1 — commercial owner","Established commercial hub","Mapped to stated intent","Supported by primary navigation and commercial cluster","No Search Console export available","Protected canonical owner","Strengthen canonical owner with answer-first copy, related-hub links, FAQ and CTA alignment.","High","Mapped to new page"
"CRM PM invoicing software","/agency-crm","Secondary","Commercial","Feature-combination landing page","P1 — commercial owner","Established commercial hub","Mapped to stated intent","Supported by primary navigation and commercial cluster","No Search Console export available","Protected canonical owner","Strengthen canonical owner with answer-first copy, related-hub links, FAQ and CTA alignment.","High","Mapped to new page"
"CRM project invoice management software","/agency-crm","Secondary","Commercial","Feature-combination landing page","P1 — commercial owner","Established commercial hub","Mapped to stated intent","Supported by primary navigation and commercial cluster","No Search Console export available","Protected canonical owner","Strengthen canonical owner with answer-first copy, related-hub links, FAQ and CTA alignment.","High","Mapped to new page"
