"Keyword","Cluster","Intent","Priority","Target URL","Page Type","Primary Keyword","Secondary Keyword","Existing/New","Implementation Status","Notes"
"agency management software","Core / Agency Management","Commercial","P1","/","Commercial landing page","agency management software","","Existing","Mapped to existing page","Homepage owns the global agency-management category; no duplicate exact-match page."
"best agency management software","Core / Agency Management","Commercial","P1","/","Commercial landing page","agency management software","best agency management software","Existing","Mapped to existing page","Homepage owns the global agency-management category; no duplicate exact-match page."
"agency management platform","Core / Agency Management","Commercial","P1","/","Commercial landing page","agency management software","agency management platform","Existing","Mapped to existing page","Homepage owns the global agency-management category; no duplicate exact-match page."
"agency management system","Core / Agency Management","Commercial","P1","/","Commercial landing page","agency management software","agency management system","Existing","Mapped to existing page","Homepage owns the global agency-management category; no duplicate exact-match page."
"agency software","Core / Agency Management","Commercial","P1","/","Commercial landing page","agency management software","agency software","Existing","Mapped to existing page","Homepage owns the global agency-management category; no duplicate exact-match page."
"software for agencies","Core / Agency Management","Commercial","P1","/","Commercial landing page","agency management software","software for agencies","Existing","Mapped to existing page","Homepage owns the global agency-management category; no duplicate exact-match page."
"all in one agency software","Core / Agency Management","Commercial","P1","/","Commercial landing page","agency management software","all in one agency software","Existing","Mapped to existing page","Homepage owns the global agency-management category; no duplicate exact-match page."
"agency operations software","Core / Agency Management","Commercial","P1","/","Commercial landing page","agency management software","agency operations software","Existing","Mapped to existing page","Homepage owns the global agency-management category; no duplicate exact-match page."
"agency workflow software","Core / Agency Management","Commercial","P1","/","Commercial landing page","agency management software","agency workflow software","Existing","Mapped to existing page","Homepage owns the global agency-management category; no duplicate exact-match page."
"agency management tool","Core / Agency Management","Commercial","P1","/","Commercial landing page","agency management software","agency management tool","Existing","Mapped to existing page","Homepage owns the global agency-management category; no duplicate exact-match page."
"agency software platform","Core / Agency Management","Commercial","P1","/","Commercial landing page","agency management software","agency software platform","Existing","Mapped to existing page","Homepage owns the global agency-management category; no duplicate exact-match page."
"agency business software","Core / Agency Management","Commercial","P1","/","Commercial landing page","agency management software","agency business software","Existing","Mapped to existing page","Homepage owns the global agency-management category; no duplicate exact-match page."
"agency operations platform","Core / Agency Management","Commercial","P1","/","Commercial landing page","agency management software","agency operations platform","Existing","Mapped to existing page","Homepage owns the global agency-management category; no duplicate exact-match page."
"agency operating system","Core / Agency Management","Commercial","P1","/","Commercial landing page","agency management software","agency operating system","Existing","Mapped to existing page","Homepage owns the global agency-management category; no duplicate exact-match page."
"agency workflow management","Core / Agency Management","Commercial","P1","/","Commercial landing page","agency management software","agency workflow management","Existing","Mapped to existing page","Homepage owns the global agency-management category; no duplicate exact-match page."
"agency workflow platform","Core / Agency Management","Commercial","P1","/","Commercial landing page","agency management software","agency workflow platform","Existing","Mapped to existing page","Homepage owns the global agency-management category; no duplicate exact-match page."
"agency productivity software","Core / Agency Management","Commercial","P1","/","Commercial landing page","agency management software","agency productivity software","Existing","Mapped to existing page","Homepage owns the global agency-management category; no duplicate exact-match page."
"agency administration software","Core / Agency Management","Commercial","P1","/","Commercial landing page","agency management software","agency administration software","Existing","Mapped to existing page","Homepage owns the global agency-management category; no duplicate exact-match page."
"agency organization software","Core / Agency Management","Commercial","P1","/","Commercial landing page","agency management software","agency organization software","Existing","Mapped to existing page","Homepage owns the global agency-management category; no duplicate exact-match page."
"agency office management software","Core / Agency Management","Commercial","P1","/","Commercial landing page","agency management software","agency office management software","Existing","Mapped to existing page","Homepage owns the global agency-management category; no duplicate exact-match page."
"online agency management software","Core / Agency Management","Commercial","P1","/","Commercial landing page","agency management software","online agency management software","Existing","Mapped to existing page","Homepage owns the global agency-management category; no duplicate exact-match page."
"cloud agency management software","Core / Agency Management","Commercial","P1","/","Commercial landing page","agency management software","cloud agency management software","Existing","Mapped to existing page","Homepage owns the global agency-management category; no duplicate exact-match page."
"SaaS agency management software","Core / Agency Management","Commercial","P1","/","Commercial landing page","agency management software","SaaS agency management software","Existing","Mapped to existing page","Homepage owns the global agency-management category; no duplicate exact-match page."
"modern agency management software","Core / Agency Management","Commercial","P1","/","Commercial landing page","agency management software","modern agency management software","Existing","Mapped to existing page","Homepage owns the global agency-management category; no duplicate exact-match page."
"simple agency management software","Core / Agency Management","Commercial","P1","/","Commercial landing page","agency management software","simple agency management software","Existing","Mapped to existing page","Homepage owns the global agency-management category; no duplicate exact-match page."
"easy agency management software","Core / Agency Management","Commercial","P1","/","Commercial landing page","agency management software","easy agency management software","Existing","Mapped to existing page","Homepage owns the global agency-management category; no duplicate exact-match page."
"affordable agency management software","Core / Agency Management","Commercial","P1","/","Commercial landing page","agency management software","affordable agency management software","Existing","Mapped to existing page","Homepage owns the global agency-management category; no duplicate exact-match page."
"low cost agency management software","Core / Agency Management","Commercial","P1","/","Commercial landing page","agency management software","low cost agency management software","Existing","Mapped to existing page","Homepage owns the global agency-management category; no duplicate exact-match page."
"free agency management software","Core / Agency Management","Commercial","P1","/","Commercial landing page","agency management software","free agency management software","Existing","Mapped to existing page","Homepage owns the global agency-management category; no duplicate exact-match page."
"agency management software free","Core / Agency Management","Commercial","P1","/","Commercial landing page","agency management software","agency management software free","Existing","Mapped to existing page","Homepage owns the global agency-management category; no duplicate exact-match page."
"agency management software free trial","Core / Agency Management","Commercial","P1","/","Commercial landing page","agency management software","agency management software free trial","Existing","Mapped to existing page","Homepage owns the global agency-management category; no duplicate exact-match page."
"agency management software for small business","Core / Agency Management","Commercial","P1","/","Commercial landing page","agency management software","agency management software for small business","Existing","Mapped to existing page","Homepage owns the global agency-management category; no duplicate exact-match page."
"agency management software for startups","Core / Agency Management","Commercial","P1","/","Commercial landing page","agency management software","agency management software for startups","Existing","Mapped to existing page","Homepage owns the global agency-management category; no duplicate exact-match page."
"agency management software for small agencies","Core / Agency Management","Commercial","P1","/","Commercial landing page","agency management software","agency management software for small agencies","Existing","Mapped to existing page","Homepage owns the global agency-management category; no duplicate exact-match page."
"agency management software for growing agencies","Core / Agency Management","Commercial","P1","/","Commercial landing page","agency management software","agency management software for growing agencies","Existing","Mapped to existing page","Homepage owns the global agency-management category; no duplicate exact-match page."
"agency management software for teams","Core / Agency Management","Commercial","P1","/","Commercial landing page","agency management software","agency management software for teams","Existing","Mapped to existing page","Homepage owns the global agency-management category; no duplicate exact-match page."
"agency management software for freelancers","Core / Agency Management","Commercial","P1","/","Commercial landing page","agency management software","agency management software for freelancers","Existing","Mapped to existing page","Homepage owns the global agency-management category; no duplicate exact-match page."
"agency management software with CRM","Core / Agency Management","Commercial","P1","/","Commercial landing page","agency management software","agency management software with CRM","Existing","Mapped to existing page","Homepage owns the global agency-management category; no duplicate exact-match page."
"agency management software with invoicing","Core / Agency Management","Commercial","P1","/","Commercial landing page","agency management software","agency management software with invoicing","Existing","Mapped to existing page","Homepage owns the global agency-management category; no duplicate exact-match page."
"agency management software with client portal","Core / Agency Management","Commercial","P1","/","Commercial landing page","agency management software","agency management software with client portal","Existing","Mapped to existing page","Homepage owns the global agency-management category; no duplicate exact-match page."
"agency management software with project management","Core / Agency Management","Commercial","P1","/","Commercial landing page","agency management software","agency management software with project management","Existing","Mapped to existing page","Homepage owns the global agency-management category; no duplicate exact-match page."
"agency management software with billing","Core / Agency Management","Commercial","P1","/","Commercial landing page","agency management software","agency management software with billing","Existing","Mapped to existing page","Homepage owns the global agency-management category; no duplicate exact-match page."
"agency management software with task management","Core / Agency Management","Commercial","P1","/","Commercial landing page","agency management software","agency management software with task management","Existing","Mapped to existing page","Homepage owns the global agency-management category; no duplicate exact-match page."
"agency management software with reporting","Core / Agency Management","Commercial","P1","/","Commercial landing page","agency management software","agency management software with reporting","Existing","Mapped to existing page","Homepage owns the global agency-management category; no duplicate exact-match page."
"agency management software with team management","Core / Agency Management","Commercial","P1","/","Commercial landing page","agency management software","agency management software with team management","Existing","Mapped to existing page","Homepage owns the global agency-management category; no duplicate exact-match page."
"agency management software with CRM and invoicing","Core / Agency Management","Commercial","P1","/","Commercial landing page","agency management software","agency management software with CRM and invoicing","Existing","Mapped to existing page","Homepage owns the global agency-management category; no duplicate exact-match page."
"best all in one agency software","Core / Agency Management","Commercial","P1","/","Commercial landing page","agency management software","best all in one agency software","Existing","Mapped to existing page","Homepage owns the global agency-management category; no duplicate exact-match page."
"complete agency management software","Core / Agency Management","Commercial","P1","/","Commercial landing page","agency management software","complete agency management software","Existing","Mapped to existing page","Homepage owns the global agency-management category; no duplicate exact-match page."
"integrated agency management software","Core / Agency Management","Commercial","P1","/","Commercial landing page","agency management software","integrated agency management software","Existing","Mapped to existing page","Homepage owns the global agency-management category; no duplicate exact-match page."
"client agency management software","Core / Agency Management","Commercial","P1","/","Commercial landing page","agency management software","client agency management software","Existing","Mapped to existing page","Homepage owns the global agency-management category; no duplicate exact-match page."
"professional services agency software","Core / Agency Management","Commercial","P1","/","Commercial landing page","agency management software","professional services agency software","Existing","Mapped to existing page","Homepage owns the global agency-management category; no duplicate exact-match page."
"client service management software","Core / Agency Management","Commercial","P1","/","Commercial landing page","agency management software","client service management software","Existing","Mapped to existing page","Homepage owns the global agency-management category; no duplicate exact-match page."
"client service agency software","Core / Agency Management","Commercial","P1","/","Commercial landing page","agency management software","client service agency software","Existing","Mapped to existing page","Homepage owns the global agency-management category; no duplicate exact-match page."
"client delivery software","Core / Agency Management","Commercial","P1","/","Commercial landing page","agency management software","client delivery software","Existing","Mapped to existing page","Homepage owns the global agency-management category; no duplicate exact-match page."
"client delivery platform","Core / Agency Management","Commercial","P1","/","Commercial landing page","agency management software","client delivery platform","Existing","Mapped to existing page","Homepage owns the global agency-management category; no duplicate exact-match page."
"client delivery management software","Core / Agency Management","Commercial","P1","/","Commercial landing page","agency management software","client delivery management software","Existing","Mapped to existing page","Homepage owns the global agency-management category; no duplicate exact-match page."
"agency delivery software","Core / Agency Management","Commercial","P1","/","Commercial landing page","agency management software","agency delivery software","Existing","Mapped to existing page","Homepage owns the global agency-management category; no duplicate exact-match page."
"agency delivery platform","Core / Agency Management","Commercial","P1","/","Commercial landing page","agency management software","agency delivery platform","Existing","Mapped to existing page","Homepage owns the global agency-management category; no duplicate exact-match page."
"agency CRM","Agency CRM","Commercial","P1","/agency-crm","CRM hub / landing page","agency CRM","","New","Mapped to new page","Authoritative post-sale agency CRM hub."
"agency CRM software","Agency CRM","Commercial","P1","/agency-crm","CRM hub / landing page","agency CRM","agency CRM software","New","Mapped to new page","Authoritative post-sale agency CRM hub."
"CRM for agencies","Agency CRM","Commercial","P1","/agency-crm","CRM hub / landing page","agency CRM","CRM for agencies","New","Mapped to new page","Authoritative post-sale agency CRM hub."
"CRM software for agencies","Agency CRM","Commercial","P1","/agency-crm","CRM hub / landing page","agency CRM","CRM software for agencies","New","Mapped to new page","Authoritative post-sale agency CRM hub."
"best agency CRM","Agency CRM","Commercial","P1","/agency-crm","CRM hub / landing page","agency CRM","best agency CRM","New","Mapped to new page","Authoritative post-sale agency CRM hub."
"best CRM for agencies","Agency CRM","Commercial","P1","/agency-crm","CRM hub / landing page","agency CRM","best CRM for agencies","New","Mapped to new page","Authoritative post-sale agency CRM hub."
"best CRM software for agencies","Agency CRM","Commercial","P1","/agency-crm","CRM hub / landing page","agency CRM","best CRM software for agencies","New","Mapped to new page","Authoritative post-sale agency CRM hub."
"free agency CRM","Agency CRM","Commercial","P1","/agency-crm","CRM hub / landing page","agency CRM","free agency CRM","New","Mapped to new page","Authoritative post-sale agency CRM hub."
"free CRM for agencies","Agency CRM","Commercial","P1","/agency-crm","CRM hub / landing page","agency CRM","free CRM for agencies","New","Mapped to new page","Authoritative post-sale agency CRM hub."
"affordable agency CRM","Agency CRM","Commercial","P1","/agency-crm","CRM hub / landing page","agency CRM","affordable agency CRM","New","Mapped to new page","Authoritative post-sale agency CRM hub."
"simple CRM for agencies","Agency CRM","Commercial","P1","/agency-crm","CRM hub / landing page","agency CRM","simple CRM for agencies","New","Mapped to new page","Authoritative post-sale agency CRM hub."
"easy CRM for agencies","Agency CRM","Commercial","P1","/agency-crm","CRM hub / landing page","agency CRM","easy CRM for agencies","New","Mapped to new page","Authoritative post-sale agency CRM hub."
"lightweight agency CRM","Agency CRM","Commercial","P1","/agency-crm","CRM hub / landing page","agency CRM","lightweight agency CRM","New","Mapped to new page","Authoritative post-sale agency CRM hub."
"modern agency CRM","Agency CRM","Commercial","P1","/agency-crm","CRM hub / landing page","agency CRM","modern agency CRM","New","Mapped to new page","Authoritative post-sale agency CRM hub."
"small agency CRM","Agency CRM","Commercial","P1","/agency-crm","CRM hub / landing page","agency CRM","small agency CRM","New","Mapped to new page","Authoritative post-sale agency CRM hub."
"CRM for small agencies","Agency CRM","Commercial","P1","/agency-crm","CRM hub / landing page","agency CRM","CRM for small agencies","New","Mapped to new page","Authoritative post-sale agency CRM hub."
"CRM for growing agencies","Agency CRM","Commercial","P1","/agency-crm","CRM hub / landing page","agency CRM","CRM for growing agencies","New","Mapped to new page","Authoritative post-sale agency CRM hub."
"CRM for creative agencies","Agency CRM","Commercial","P1","/agency-crm","CRM hub / landing page","agency CRM","CRM for creative agencies","New","Mapped to new page","Authoritative post-sale agency CRM hub."
"CRM for digital agencies","Agency CRM","Commercial","P1","/agency-crm","CRM hub / landing page","agency CRM","CRM for digital agencies","New","Mapped to new page","Authoritative post-sale agency CRM hub."
"CRM for marketing agencies","Agency CRM","Commercial","P1","/agency-crm","CRM hub / landing page","agency CRM","CRM for marketing agencies","New","Mapped to new page","Authoritative post-sale agency CRM hub."
"CRM for advertising agencies","Agency CRM","Commercial","P1","/agency-crm","CRM hub / landing page","agency CRM","CRM for advertising agencies","New","Mapped to new page","Authoritative post-sale agency CRM hub."
"CRM for branding agencies","Agency CRM","Commercial","P1","/agency-crm","CRM hub / landing page","agency CRM","CRM for branding agencies","New","Mapped to new page","Authoritative post-sale agency CRM hub."
"CRM for design agencies","Agency CRM","Commercial","P1","/agency-crm","CRM hub / landing page","agency CRM","CRM for design agencies","New","Mapped to new page","Authoritative post-sale agency CRM hub."
"CRM for web agencies","Agency CRM","Commercial","P1","/agency-crm","CRM hub / landing page","agency CRM","CRM for web agencies","New","Mapped to new page","Authoritative post-sale agency CRM hub."
"CRM for web development agencies","Agency CRM","Commercial","P1","/agency-crm","CRM hub / landing page","agency CRM","CRM for web development agencies","New","Mapped to new page","Authoritative post-sale agency CRM hub."
"CRM for SEO agencies","Agency CRM","Commercial","P1","/agency-crm","CRM hub / landing page","agency CRM","CRM for SEO agencies","New","Mapped to new page","Authoritative post-sale agency CRM hub."
"CRM for social media agencies","Agency CRM","Commercial","P1","/agency-crm","CRM hub / landing page","agency CRM","CRM for social media agencies","New","Mapped to new page","Authoritative post-sale agency CRM hub."
"CRM for PR agencies","Agency CRM","Commercial","P1","/agency-crm","CRM hub / landing page","agency CRM","CRM for PR agencies","New","Mapped to new page","Authoritative post-sale agency CRM hub."
"CRM for content agencies","Agency CRM","Commercial","P1","/agency-crm","CRM hub / landing page","agency CRM","CRM for content agencies","New","Mapped to new page","Authoritative post-sale agency CRM hub."
"CRM for consulting agencies","Agency CRM","Commercial","P1","/agency-crm","CRM hub / landing page","agency CRM","CRM for consulting agencies","New","Mapped to new page","Authoritative post-sale agency CRM hub."
"CRM for consultants","Agency CRM","Commercial","P1","/agency-crm","CRM hub / landing page","agency CRM","CRM for consultants","New","Mapped to new page","Authoritative post-sale agency CRM hub."
"CRM for freelancers","Agency CRM","Commercial","P1","/agency-crm","CRM hub / landing page","agency CRM","CRM for freelancers","New","Mapped to new page","Authoritative post-sale agency CRM hub."
"CRM for service businesses","Agency CRM","Commercial","P1","/agency-crm","CRM hub / landing page","agency CRM","CRM for service businesses","New","Mapped to new page","Authoritative post-sale agency CRM hub."
"service business CRM","Agency CRM","Commercial","P1","/agency-crm","CRM hub / landing page","agency CRM","service business CRM","New","Mapped to new page","Authoritative post-sale agency CRM hub."
"client CRM software","Agency CRM","Commercial","P1","/agency-crm","CRM hub / landing page","agency CRM","client CRM software","New","Mapped to new page","Authoritative post-sale agency CRM hub."
"client management CRM","Agency CRM","Commercial","P1","/agency-crm","CRM hub / landing page","agency CRM","client management CRM","New","Mapped to new page","Authoritative post-sale agency CRM hub."
"agency client CRM","Agency CRM","Commercial","P1","/agency-crm","CRM hub / landing page","agency CRM","agency client CRM","New","Mapped to new page","Authoritative post-sale agency CRM hub."
"CRM with client portal","Agency CRM","Commercial","P1","/agency-crm","CRM hub / landing page","agency CRM","CRM with client portal","New","Mapped to new page","Authoritative post-sale agency CRM hub."
"CRM with project management","Agency CRM","Commercial","P1","/agency-crm","CRM hub / landing page","agency CRM","CRM with project management","New","Mapped to new page","Authoritative post-sale agency CRM hub."
"CRM with project management and invoicing","Agency CRM","Commercial","P1","/agency-crm","CRM hub / landing page","agency CRM","CRM with project management and invoicing","New","Mapped to new page","Authoritative post-sale agency CRM hub."
"CRM with invoicing","Agency CRM","Commercial","P1","/agency-crm","CRM hub / landing page","agency CRM","CRM with invoicing","New","Mapped to new page","Authoritative post-sale agency CRM hub."
"CRM with billing","Agency CRM","Commercial","P1","/agency-crm","CRM hub / landing page","agency CRM","CRM with billing","New","Mapped to new page","Authoritative post-sale agency CRM hub."
"CRM for managing clients","Agency CRM","Commercial","P1","/agency-crm","CRM hub / landing page","agency CRM","CRM for managing clients","New","Mapped to new page","Authoritative post-sale agency CRM hub."
"client relationship management software for agencies","Agency CRM","Commercial","P1","/agency-crm","CRM hub / landing page","agency CRM","client relationship management software for agencies","New","Mapped to new page","Authoritative post-sale agency CRM hub."
"agency relationship management software","Agency CRM","Commercial","P1","/agency-crm","CRM hub / landing page","agency CRM","agency relationship management software","New","Mapped to new page","Authoritative post-sale agency CRM hub."
"post sales CRM","Agency CRM","Commercial","P1","/agency-crm","CRM hub / landing page","agency CRM","post sales CRM","New","Mapped to new page","Authoritative post-sale agency CRM hub."
"client delivery CRM","Agency CRM","Commercial","P1","/agency-crm","CRM hub / landing page","agency CRM","client delivery CRM","New","Mapped to new page","Authoritative post-sale agency CRM hub."
"CRM for client delivery","Agency CRM","Commercial","P1","/agency-crm","CRM hub / landing page","agency CRM","CRM for client delivery","New","Mapped to new page","Authoritative post-sale agency CRM hub."
"CRM after sales pipeline","Agency CRM","Commercial","P1","/agency-crm","CRM hub / landing page","agency CRM","CRM after sales pipeline","New","Mapped to new page","Authoritative post-sale agency CRM hub."
"CRM for client projects","Agency CRM","Commercial","P1","/agency-crm","CRM hub / landing page","agency CRM","CRM for client projects","New","Mapped to new page","Authoritative post-sale agency CRM hub."
"CRM for recurring clients","Agency CRM","Commercial","P1","/agency-crm","CRM hub / landing page","agency CRM","CRM for recurring clients","New","Mapped to new page","Authoritative post-sale agency CRM hub."
"CRM for retainer clients","Agency CRM","Commercial","P1","/agency-crm","CRM hub / landing page","agency CRM","CRM for retainer clients","New","Mapped to new page","Authoritative post-sale agency CRM hub."
"client portal","Client Portal","Commercial","P1","/client-portal","Feature / commercial landing page","client portal for agencies","client portal","New","Mapped to new page","Authoritative client portal hub; /features/client-portal supports product-detail intent."
"client portal software","Client Portal","Commercial","P1","/client-portal","Feature / commercial landing page","client portal for agencies","client portal software","New","Mapped to new page","Authoritative client portal hub; /features/client-portal supports product-detail intent."
"client portal platform","Client Portal","Commercial","P1","/client-portal","Feature / commercial landing page","client portal for agencies","client portal platform","New","Mapped to new page","Authoritative client portal hub; /features/client-portal supports product-detail intent."
"client portal app","Client Portal","Commercial","P1","/client-portal","Feature / commercial landing page","client portal for agencies","client portal app","New","Mapped to new page","Authoritative client portal hub; /features/client-portal supports product-detail intent."
"online client portal","Client Portal","Commercial","P1","/client-portal","Feature / commercial landing page","client portal for agencies","online client portal","New","Mapped to new page","Authoritative client portal hub; /features/client-portal supports product-detail intent."
"client management portal","Client Portal","Commercial","P1","/client-portal","Feature / commercial landing page","client portal for agencies","client management portal","New","Mapped to new page","Authoritative client portal hub; /features/client-portal supports product-detail intent."
"customer portal software","Client Portal","Commercial","P1","/client-portal","Feature / commercial landing page","client portal for agencies","customer portal software","New","Mapped to new page","Authoritative client portal hub; /features/client-portal supports product-detail intent."
"client dashboard software","Client Portal","Commercial","P1","/client-portal","Feature / commercial landing page","client portal for agencies","client dashboard software","New","Mapped to new page","Authoritative client portal hub; /features/client-portal supports product-detail intent."
"customer dashboard software","Client Portal","Commercial","P1","/client-portal","Feature / commercial landing page","client portal for agencies","customer dashboard software","New","Mapped to new page","Authoritative client portal hub; /features/client-portal supports product-detail intent."
"client workspace","Client Portal","Commercial","P1","/client-portal","Feature / commercial landing page","client portal for agencies","client workspace","New","Mapped to new page","Authoritative client portal hub; /features/client-portal supports product-detail intent."
"client workspace software","Client Portal","Commercial","P1","/client-portal","Feature / commercial landing page","client portal for agencies","client workspace software","New","Mapped to new page","Authoritative client portal hub; /features/client-portal supports product-detail intent."
"client portal for agencies","Client Portal","Commercial","P1","/client-portal","Feature / commercial landing page","client portal for agencies","","New","Mapped to new page","Authoritative client portal hub; /features/client-portal supports product-detail intent."
"client portal software for agencies","Client Portal","Commercial","P1","/client-portal","Feature / commercial landing page","client portal for agencies","client portal software for agencies","New","Mapped to new page","Authoritative client portal hub; /features/client-portal supports product-detail intent."
"agency client portal","Client Portal","Commercial","P1","/client-portal","Feature / commercial landing page","client portal for agencies","agency client portal","New","Mapped to new page","Authoritative client portal hub; /features/client-portal supports product-detail intent."
"agency client portal software","Client Portal","Commercial","P1","/client-portal","Feature / commercial landing page","client portal for agencies","agency client portal software","New","Mapped to new page","Authoritative client portal hub; /features/client-portal supports product-detail intent."
"best client portal for agencies","Client Portal","Commercial","P1","/client-portal","Feature / commercial landing page","client portal for agencies","best client portal for agencies","New","Mapped to new page","Authoritative client portal hub; /features/client-portal supports product-detail intent."
"client portal for marketing agencies","Client Portal","Commercial","P1","/client-portal","Feature / commercial landing page","client portal for agencies","client portal for marketing agencies","New","Mapped to new page","Authoritative client portal hub; /features/client-portal supports product-detail intent."
"client portal for digital agencies","Client Portal","Commercial","P1","/client-portal","Feature / commercial landing page","client portal for agencies","client portal for digital agencies","New","Mapped to new page","Authoritative client portal hub; /features/client-portal supports product-detail intent."
"client portal for creative agencies","Client Portal","Commercial","P1","/client-portal","Feature / commercial landing page","client portal for agencies","client portal for creative agencies","New","Mapped to new page","Authoritative client portal hub; /features/client-portal supports product-detail intent."
"client portal for design agencies","Client Portal","Commercial","P1","/client-portal","Feature / commercial landing page","client portal for agencies","client portal for design agencies","New","Mapped to new page","Authoritative client portal hub; /features/client-portal supports product-detail intent."
"client portal for web agencies","Client Portal","Commercial","P1","/client-portal","Feature / commercial landing page","client portal for agencies","client portal for web agencies","New","Mapped to new page","Authoritative client portal hub; /features/client-portal supports product-detail intent."
"client portal for SEO agencies","Client Portal","Commercial","P1","/client-portal","Feature / commercial landing page","client portal for agencies","client portal for SEO agencies","New","Mapped to new page","Authoritative client portal hub; /features/client-portal supports product-detail intent."
"client portal for branding agencies","Client Portal","Commercial","P1","/client-portal","Feature / commercial landing page","client portal for agencies","client portal for branding agencies","New","Mapped to new page","Authoritative client portal hub; /features/client-portal supports product-detail intent."
"client portal for advertising agencies","Client Portal","Commercial","P1","/client-portal","Feature / commercial landing page","client portal for agencies","client portal for advertising agencies","New","Mapped to new page","Authoritative client portal hub; /features/client-portal supports product-detail intent."
"client portal for consultants","Client Portal","Commercial","P1","/client-portal","Feature / commercial landing page","client portal for agencies","client portal for consultants","New","Mapped to new page","Authoritative client portal hub; /features/client-portal supports product-detail intent."
"client portal for freelancers","Client Portal","Commercial","P1","/client-portal","Feature / commercial landing page","client portal for agencies","client portal for freelancers","New","Mapped to new page","Authoritative client portal hub; /features/client-portal supports product-detail intent."
"freelancer client portal software","Client Portal","Commercial","P1","/client-portal","Feature / commercial landing page","client portal for agencies","freelancer client portal software","New","Mapped to new page","Authoritative client portal hub; /features/client-portal supports product-detail intent."
"branded client portal","Client Portal","Commercial","P1","/client-portal","Feature / commercial landing page","client portal for agencies","branded client portal","New","Mapped to new page","Authoritative client portal hub; /features/client-portal supports product-detail intent."
"branded client portal software","Client Portal","Commercial","P1","/client-portal","Feature / commercial landing page","client portal for agencies","branded client portal software","New","Mapped to new page","Authoritative client portal hub; /features/client-portal supports product-detail intent."
"custom branded client portal","Client Portal","Commercial","P1","/client-portal","Feature / commercial landing page","client portal for agencies","custom branded client portal","New","Mapped to new page","Authoritative client portal hub; /features/client-portal supports product-detail intent."
"customizable client portal","Client Portal","Commercial","P1","/client-portal","Feature / commercial landing page","client portal for agencies","customizable client portal","New","Mapped to new page","Authoritative client portal hub; /features/client-portal supports product-detail intent."
"white label client portal","Client Portal","Commercial","P1","/client-portal","Feature / commercial landing page","client portal for agencies","white label client portal","New","Mapped to new page","Authoritative client portal hub; /features/client-portal supports product-detail intent."
"white label client portal software","Client Portal","Commercial","P1","/client-portal","Feature / commercial landing page","client portal for agencies","white label client portal software","New","Mapped to new page","Authoritative client portal hub; /features/client-portal supports product-detail intent."
"agency branded portal","Client Portal","Commercial","P1","/client-portal","Feature / commercial landing page","client portal for agencies","agency branded portal","New","Mapped to new page","Authoritative client portal hub; /features/client-portal supports product-detail intent."
"client portal with custom branding","Client Portal","Commercial","P1","/client-portal","Feature / commercial landing page","client portal for agencies","client portal with custom branding","New","Mapped to new page","Authoritative client portal hub; /features/client-portal supports product-detail intent."
"client portal with custom domain","Client Portal","Commercial","P1","/client-portal","Feature / commercial landing page","client portal for agencies","client portal with custom domain","New","Mapped to new page","Authoritative client portal hub; /features/client-portal supports product-detail intent."
"client portal with custom subdomain","Client Portal","Commercial","P1","/client-portal","Feature / commercial landing page","client portal for agencies","client portal with custom subdomain","New","Mapped to new page","Authoritative client portal hub; /features/client-portal supports product-detail intent."
"project management with client portal","Client Portal","Commercial","P1","/client-portal","Feature / commercial landing page","client portal for agencies","project management with client portal","New","Mapped to new page","Authoritative client portal hub; /features/client-portal supports product-detail intent."
"project management software with client portal","Client Portal","Commercial","P1","/client-portal","Feature / commercial landing page","client portal for agencies","project management software with client portal","New","Mapped to new page","Authoritative client portal hub; /features/client-portal supports product-detail intent."
"invoicing software with client portal","Client Portal","Commercial","P1","/client-portal","Feature / commercial landing page","client portal for agencies","invoicing software with client portal","New","Mapped to new page","Authoritative client portal hub; /features/client-portal supports product-detail intent."
"CRM invoicing client portal software","Client Portal","Commercial","P1","/client-portal","Feature / commercial landing page","client portal for agencies","CRM invoicing client portal software","New","Mapped to new page","Authoritative client portal hub; /features/client-portal supports product-detail intent."
"client portal with invoicing","Client Portal","Commercial","P1","/client-portal","Feature / commercial landing page","client portal for agencies","client portal with invoicing","New","Mapped to new page","Authoritative client portal hub; /features/client-portal supports product-detail intent."
"client portal with project management","Client Portal","Commercial","P1","/client-portal","Feature / commercial landing page","client portal for agencies","client portal with project management","New","Mapped to new page","Authoritative client portal hub; /features/client-portal supports product-detail intent."
"client portal with file sharing","Client Portal","Commercial","P1","/client-portal","Feature / commercial landing page","client portal for agencies","client portal with file sharing","New","Mapped to new page","Authoritative client portal hub; /features/client-portal supports product-detail intent."
"client portal with comments","Client Portal","Commercial","P1","/client-portal","Feature / commercial landing page","client portal for agencies","client portal with comments","New","Mapped to new page","Authoritative client portal hub; /features/client-portal supports product-detail intent."
"client portal for project updates","Client Portal","Commercial","P1","/client-portal","Feature / commercial landing page","client portal for agencies","client portal for project updates","New","Mapped to new page","Authoritative client portal hub; /features/client-portal supports product-detail intent."
"client portal for project status","Client Portal","Commercial","P1","/client-portal","Feature / commercial landing page","client portal for agencies","client portal for project status","New","Mapped to new page","Authoritative client portal hub; /features/client-portal supports product-detail intent."
"client portal for invoices","Client Portal","Commercial","P1","/client-portal","Feature / commercial landing page","client portal for agencies","client portal for invoices","New","Mapped to new page","Authoritative client portal hub; /features/client-portal supports product-detail intent."
"secure client portal software","Client Portal","Commercial","P1","/client-portal","Feature / commercial landing page","client portal for agencies","secure client portal software","New","Mapped to new page","Authoritative client portal hub; /features/client-portal supports product-detail intent."
"no login client portal","Client Portal","Commercial","P1","/client-portal","Feature / commercial landing page","client portal for agencies","no login client portal","New","Mapped to new page","Authoritative client portal hub; /features/client-portal supports product-detail intent."
"passwordless client portal","Client Portal","Commercial","P1","/client-portal","Feature / commercial landing page","client portal for agencies","passwordless client portal","New","Mapped to new page","Authoritative client portal hub; /features/client-portal supports product-detail intent."
"agency project management","Project Management","Commercial","P1","/project-management-for-agencies","Feature / use-case landing page","project management software for agencies","agency project management","New","Mapped to new page","Authoritative agency project-management hub."
"agency project management software","Project Management","Commercial","P1","/project-management-for-agencies","Feature / use-case landing page","project management software for agencies","agency project management software","New","Mapped to new page","Authoritative agency project-management hub."
"project management software for agencies","Project Management","Commercial","P1","/project-management-for-agencies","Feature / use-case landing page","project management software for agencies","","New","Mapped to new page","Authoritative agency project-management hub."
"best project management software for agencies","Project Management","Commercial","P1","/project-management-for-agencies","Feature / use-case landing page","project management software for agencies","best project management software for agencies","New","Mapped to new page","Authoritative agency project-management hub."
"project management for marketing agencies","Project Management","Commercial","P1","/project-management-for-agencies","Feature / use-case landing page","project management software for agencies","project management for marketing agencies","New","Mapped to new page","Authoritative agency project-management hub."
"project management for digital agencies","Project Management","Commercial","P1","/project-management-for-agencies","Feature / use-case landing page","project management software for agencies","project management for digital agencies","New","Mapped to new page","Authoritative agency project-management hub."
"project management for creative agencies","Project Management","Commercial","P1","/project-management-for-agencies","Feature / use-case landing page","project management software for agencies","project management for creative agencies","New","Mapped to new page","Authoritative agency project-management hub."
"project management for design agencies","Project Management","Commercial","P1","/project-management-for-agencies","Feature / use-case landing page","project management software for agencies","project management for design agencies","New","Mapped to new page","Authoritative agency project-management hub."
"project management for advertising agencies","Project Management","Commercial","P1","/project-management-for-agencies","Feature / use-case landing page","project management software for agencies","project management for advertising agencies","New","Mapped to new page","Authoritative agency project-management hub."
"project management for web agencies","Project Management","Commercial","P1","/project-management-for-agencies","Feature / use-case landing page","project management software for agencies","project management for web agencies","New","Mapped to new page","Authoritative agency project-management hub."
"project management for SEO agencies","Project Management","Commercial","P1","/project-management-for-agencies","Feature / use-case landing page","project management software for agencies","project management for SEO agencies","New","Mapped to new page","Authoritative agency project-management hub."
"project management for freelancers","Project Management","Commercial","P1","/project-management-for-agencies","Feature / use-case landing page","project management software for agencies","project management for freelancers","New","Mapped to new page","Authoritative agency project-management hub."
"project management for consultants","Project Management","Commercial","P1","/project-management-for-agencies","Feature / use-case landing page","project management software for agencies","project management for consultants","New","Mapped to new page","Authoritative agency project-management hub."
"client project management software","Project Management","Commercial","P1","/project-management-for-agencies","Feature / use-case landing page","project management software for agencies","client project management software","New","Mapped to new page","Authoritative agency project-management hub."
"client project tracking software","Project Management","Commercial","P1","/project-management-for-agencies","Feature / use-case landing page","project management software for agencies","client project tracking software","New","Mapped to new page","Authoritative agency project-management hub."
"agency project tracking software","Project Management","Commercial","P1","/project-management-for-agencies","Feature / use-case landing page","project management software for agencies","agency project tracking software","New","Mapped to new page","Authoritative agency project-management hub."
"project tracking for agencies","Project Management","Commercial","P1","/project-management-for-agencies","Feature / use-case landing page","project management software for agencies","project tracking for agencies","New","Mapped to new page","Authoritative agency project-management hub."
"client project tracking","Project Management","Commercial","P1","/project-management-for-agencies","Feature / use-case landing page","project management software for agencies","client project tracking","New","Mapped to new page","Authoritative agency project-management hub."
"project status tracking software","Project Management","Commercial","P1","/project-management-for-agencies","Feature / use-case landing page","project management software for agencies","project status tracking software","New","Mapped to new page","Authoritative agency project-management hub."
"project dashboard for clients","Project Management","Commercial","P1","/project-management-for-agencies","Feature / use-case landing page","project management software for agencies","project dashboard for clients","New","Mapped to new page","Authoritative agency project-management hub."
"client project dashboard","Project Management","Commercial","P1","/project-management-for-agencies","Feature / use-case landing page","project management software for agencies","client project dashboard","New","Mapped to new page","Authoritative agency project-management hub."
"agency task management software","Project Management","Commercial","P1","/project-management-for-agencies","Feature / use-case landing page","project management software for agencies","agency task management software","New","Mapped to new page","Authoritative agency project-management hub."
"task management for agencies","Project Management","Commercial","P1","/project-management-for-agencies","Feature / use-case landing page","project management software for agencies","task management for agencies","New","Mapped to new page","Authoritative agency project-management hub."
"client task management software","Project Management","Commercial","P1","/project-management-for-agencies","Feature / use-case landing page","project management software for agencies","client task management software","New","Mapped to new page","Authoritative agency project-management hub."
"agency workflow project management","Project Management","Commercial","P1","/project-management-for-agencies","Feature / use-case landing page","project management software for agencies","agency workflow project management","New","Mapped to new page","Authoritative agency project-management hub."
"project management CRM for agencies","Project Management","Commercial","P1","/project-management-for-agencies","Feature / use-case landing page","project management software for agencies","project management CRM for agencies","New","Mapped to new page","Authoritative agency project-management hub."
"CRM project management software","Project Management","Commercial","P1","/project-management-for-agencies","Feature / use-case landing page","project management software for agencies","CRM project management software","New","Mapped to new page","Authoritative agency project-management hub."
"CRM project management invoicing software","Project Management","Commercial","P1","/project-management-for-agencies","Feature / use-case landing page","project management software for agencies","CRM project management invoicing software","New","Mapped to new page","Authoritative agency project-management hub."
"client project management portal","Project Management","Commercial","P1","/project-management-for-agencies","Feature / use-case landing page","project management software for agencies","client project management portal","New","Mapped to new page","Authoritative agency project-management hub."
"project management client portal","Project Management","Commercial","P1","/project-management-for-agencies","Feature / use-case landing page","project management software for agencies","project management client portal","New","Mapped to new page","Authoritative agency project-management hub."
"project management invoicing client portal","Project Management","Commercial","P1","/project-management-for-agencies","Feature / use-case landing page","project management software for agencies","project management invoicing client portal","New","Mapped to new page","Authoritative agency project-management hub."
"agency invoicing software","Invoicing & Billing","Commercial","P1","/agency-invoicing","Feature / commercial landing page","agency invoicing software","","New","Mapped to new page","Operational invoicing hub; avoids claiming full accounting functionality."
"invoicing software for agencies","Invoicing & Billing","Commercial","P1","/agency-invoicing","Feature / commercial landing page","agency invoicing software","invoicing software for agencies","New","Mapped to new page","Operational invoicing hub; avoids claiming full accounting functionality."
"invoice software for agencies","Invoicing & Billing","Commercial","P1","/agency-invoicing","Feature / commercial landing page","agency invoicing software","invoice software for agencies","New","Mapped to new page","Operational invoicing hub; avoids claiming full accounting functionality."
"agency invoice software","Invoicing & Billing","Commercial","P1","/agency-invoicing","Feature / commercial landing page","agency invoicing software","agency invoice software","New","Mapped to new page","Operational invoicing hub; avoids claiming full accounting functionality."
"agency billing software","Invoicing & Billing","Commercial","P1","/agency-invoicing","Feature / commercial landing page","agency invoicing software","agency billing software","New","Mapped to new page","Operational invoicing hub; avoids claiming full accounting functionality."
"billing software for agencies","Invoicing & Billing","Commercial","P1","/agency-invoicing","Feature / commercial landing page","agency invoicing software","billing software for agencies","New","Mapped to new page","Operational invoicing hub; avoids claiming full accounting functionality."
"client billing software","Invoicing & Billing","Commercial","P1","/agency-invoicing","Feature / commercial landing page","agency invoicing software","client billing software","New","Mapped to new page","Operational invoicing hub; avoids claiming full accounting functionality."
"client invoicing software","Invoicing & Billing","Commercial","P1","/agency-invoicing","Feature / commercial landing page","agency invoicing software","client invoicing software","New","Mapped to new page","Operational invoicing hub; avoids claiming full accounting functionality."
"invoice management software","Invoicing & Billing","Commercial","P1","/agency-invoicing","Feature / commercial landing page","agency invoicing software","invoice management software","New","Mapped to new page","Operational invoicing hub; avoids claiming full accounting functionality."
"invoice tracking software","Invoicing & Billing","Commercial","P1","/agency-invoicing","Feature / commercial landing page","agency invoicing software","invoice tracking software","New","Mapped to new page","Operational invoicing hub; avoids claiming full accounting functionality."
"payment tracking software","Invoicing & Billing","Commercial","P1","/agency-invoicing","Feature / commercial landing page","agency invoicing software","payment tracking software","New","Mapped to new page","Operational invoicing hub; avoids claiming full accounting functionality."
"agency payment tracking","Invoicing & Billing","Commercial","P1","/agency-invoicing","Feature / commercial landing page","agency invoicing software","agency payment tracking","New","Mapped to new page","Operational invoicing hub; avoids claiming full accounting functionality."
"invoice status tracking","Invoicing & Billing","Commercial","P1","/agency-invoicing","Feature / commercial landing page","agency invoicing software","invoice status tracking","New","Mapped to new page","Operational invoicing hub; avoids claiming full accounting functionality."
"overdue invoice tracking","Invoicing & Billing","Commercial","P1","/agency-invoicing","Feature / commercial landing page","agency invoicing software","overdue invoice tracking","New","Mapped to new page","Operational invoicing hub; avoids claiming full accounting functionality."
"agency accounts receivable software","Invoicing & Billing","Commercial","P1","/agency-invoicing","Feature / commercial landing page","agency invoicing software","agency accounts receivable software","New","Mapped to new page","Operational invoicing hub; avoids claiming full accounting functionality."
"agency billing management","Invoicing & Billing","Commercial","P1","/agency-invoicing","Feature / commercial landing page","agency invoicing software","agency billing management","New","Mapped to new page","Operational invoicing hub; avoids claiming full accounting functionality."
"marketing agency invoicing software","Invoicing & Billing","Commercial","P1","/agency-invoicing","Feature / commercial landing page","agency invoicing software","marketing agency invoicing software","New","Mapped to new page","Operational invoicing hub; avoids claiming full accounting functionality."
"digital agency invoicing software","Invoicing & Billing","Commercial","P1","/agency-invoicing","Feature / commercial landing page","agency invoicing software","digital agency invoicing software","New","Mapped to new page","Operational invoicing hub; avoids claiming full accounting functionality."
"creative agency invoicing software","Invoicing & Billing","Commercial","P1","/agency-invoicing","Feature / commercial landing page","agency invoicing software","creative agency invoicing software","New","Mapped to new page","Operational invoicing hub; avoids claiming full accounting functionality."
"design agency invoicing software","Invoicing & Billing","Commercial","P1","/agency-invoicing","Feature / commercial landing page","agency invoicing software","design agency invoicing software","New","Mapped to new page","Operational invoicing hub; avoids claiming full accounting functionality."
"consultant invoicing software","Invoicing & Billing","Commercial","P1","/agency-invoicing","Feature / commercial landing page","agency invoicing software","consultant invoicing software","New","Mapped to new page","Operational invoicing hub; avoids claiming full accounting functionality."
"freelancer invoicing software","Invoicing & Billing","Commercial","P1","/agency-invoicing","Feature / commercial landing page","agency invoicing software","freelancer invoicing software","New","Mapped to new page","Operational invoicing hub; avoids claiming full accounting functionality."
"CRM and invoice software","Invoicing & Billing","Commercial","P1","/agency-invoicing","Feature / commercial landing page","agency invoicing software","CRM and invoice software","New","Mapped to new page","Operational invoicing hub; avoids claiming full accounting functionality."
"project management and invoicing software","Invoicing & Billing","Commercial","P1","/agency-invoicing","Feature / commercial landing page","agency invoicing software","project management and invoicing software","New","Mapped to new page","Operational invoicing hub; avoids claiming full accounting functionality."
"client portal invoicing software","Invoicing & Billing","Commercial","P1","/agency-invoicing","Feature / commercial landing page","agency invoicing software","client portal invoicing software","New","Mapped to new page","Operational invoicing hub; avoids claiming full accounting functionality."
"invoicing and client management software","Invoicing & Billing","Commercial","P1","/agency-invoicing","Feature / commercial landing page","agency invoicing software","invoicing and client management software","New","Mapped to new page","Operational invoicing hub; avoids claiming full accounting functionality."
"invoicing CRM for agencies","Invoicing & Billing","Commercial","P1","/agency-invoicing","Feature / commercial landing page","agency invoicing software","invoicing CRM for agencies","New","Mapped to new page","Operational invoicing hub; avoids claiming full accounting functionality."
"multi currency invoicing software","Invoicing & Billing","Commercial","P1","/agency-invoicing","Feature / commercial landing page","agency invoicing software","multi currency invoicing software","New","Mapped to new page","Operational invoicing hub; avoids claiming full accounting functionality."
"international invoice software for agencies","Invoicing & Billing","Commercial","P1","/agency-invoicing","Feature / commercial landing page","agency invoicing software","international invoice software for agencies","New","Mapped to new page","Operational invoicing hub; avoids claiming full accounting functionality."
"marketing agency software","Marketing Agencies","Commercial","P2","/solutions/marketing-agencies","Industry solution page","marketing agencies software","marketing agency software","Existing","Mapped to existing page","Existing differentiated industry solution page."
"marketing agency management software","Marketing Agencies","Commercial","P2","/solutions/marketing-agencies","Industry solution page","marketing agencies software","marketing agency management software","Existing","Mapped to existing page","Existing differentiated industry solution page."
"digital marketing agency software","Marketing Agencies","Commercial","P2","/solutions/marketing-agencies","Industry solution page","marketing agencies software","digital marketing agency software","Existing","Mapped to existing page","Existing differentiated industry solution page."
"marketing agency CRM","Marketing Agencies","Commercial","P2","/solutions/marketing-agencies","Industry solution page","marketing agencies software","marketing agency CRM","Existing","Mapped to existing page","Existing differentiated industry solution page."
"best CRM for marketing agency","Marketing Agencies","Commercial","P2","/solutions/marketing-agencies","Industry solution page","marketing agencies software","best CRM for marketing agency","Existing","Mapped to existing page","Existing differentiated industry solution page."
"marketing agency project management","Marketing Agencies","Commercial","P2","/solutions/marketing-agencies","Industry solution page","marketing agencies software","marketing agency project management","Existing","Mapped to existing page","Existing differentiated industry solution page."
"marketing agency project management software","Marketing Agencies","Commercial","P2","/solutions/marketing-agencies","Industry solution page","marketing agencies software","marketing agency project management software","Existing","Mapped to existing page","Existing differentiated industry solution page."
"marketing agency workflow software","Marketing Agencies","Commercial","P2","/solutions/marketing-agencies","Industry solution page","marketing agencies software","marketing agency workflow software","Existing","Mapped to existing page","Existing differentiated industry solution page."
"marketing agency operations software","Marketing Agencies","Commercial","P2","/solutions/marketing-agencies","Industry solution page","marketing agencies software","marketing agency operations software","Existing","Mapped to existing page","Existing differentiated industry solution page."
"marketing agency client management","Marketing Agencies","Commercial","P2","/solutions/marketing-agencies","Industry solution page","marketing agencies software","marketing agency client management","Existing","Mapped to existing page","Existing differentiated industry solution page."
"client management software for marketing agencies","Marketing Agencies","Commercial","P2","/solutions/marketing-agencies","Industry solution page","marketing agencies software","client management software for marketing agencies","Existing","Mapped to existing page","Existing differentiated industry solution page."
"marketing agency client portal","Marketing Agencies","Commercial","P2","/solutions/marketing-agencies","Industry solution page","marketing agencies software","marketing agency client portal","Existing","Mapped to existing page","Existing differentiated industry solution page."
"marketing agency billing software","Marketing Agencies","Commercial","P2","/solutions/marketing-agencies","Industry solution page","marketing agencies software","marketing agency billing software","Existing","Mapped to existing page","Existing differentiated industry solution page."
"marketing agency task management","Marketing Agencies","Commercial","P2","/solutions/marketing-agencies","Industry solution page","marketing agencies software","marketing agency task management","Existing","Mapped to existing page","Existing differentiated industry solution page."
"marketing agency account management software","Marketing Agencies","Commercial","P2","/solutions/marketing-agencies","Industry solution page","marketing agencies software","marketing agency account management software","Existing","Mapped to existing page","Existing differentiated industry solution page."
"marketing client management software","Marketing Agencies","Commercial","P2","/solutions/marketing-agencies","Industry solution page","marketing agencies software","marketing client management software","Existing","Mapped to existing page","Existing differentiated industry solution page."
"marketing agency productivity software","Marketing Agencies","Commercial","P2","/solutions/marketing-agencies","Industry solution page","marketing agencies software","marketing agency productivity software","Existing","Mapped to existing page","Existing differentiated industry solution page."
"marketing agency dashboard","Marketing Agencies","Commercial","P2","/solutions/marketing-agencies","Industry solution page","marketing agencies software","marketing agency dashboard","Existing","Mapped to existing page","Existing differentiated industry solution page."
"marketing agency business management software","Marketing Agencies","Commercial","P2","/solutions/marketing-agencies","Industry solution page","marketing agencies software","marketing agency business management software","Existing","Mapped to existing page","Existing differentiated industry solution page."
"all in one marketing agency software","Marketing Agencies","Commercial","P2","/solutions/marketing-agencies","Industry solution page","marketing agencies software","all in one marketing agency software","Existing","Mapped to existing page","Existing differentiated industry solution page."
"software to manage marketing agency","Marketing Agencies","Commercial","P2","/solutions/marketing-agencies","Industry solution page","marketing agencies software","software to manage marketing agency","Existing","Mapped to existing page","Existing differentiated industry solution page."
"software for running a marketing agency","Marketing Agencies","Commercial","P2","/solutions/marketing-agencies","Industry solution page","marketing agencies software","software for running a marketing agency","Existing","Mapped to existing page","Existing differentiated industry solution page."
"digital agency software","Digital Agencies","Commercial","P2","/solutions/digital-agencies","Industry solution page","digital agencies software","digital agency software","New","Mapped to future content","P2 industry page requires genuinely differentiated workflow copy."
"digital agency management software","Digital Agencies","Commercial","P2","/solutions/digital-agencies","Industry solution page","digital agencies software","digital agency management software","New","Mapped to future content","P2 industry page requires genuinely differentiated workflow copy."
"digital agency management system","Digital Agencies","Commercial","P2","/solutions/digital-agencies","Industry solution page","digital agencies software","digital agency management system","New","Mapped to future content","P2 industry page requires genuinely differentiated workflow copy."
"digital agency platform","Digital Agencies","Commercial","P2","/solutions/digital-agencies","Industry solution page","digital agencies software","digital agency platform","New","Mapped to future content","P2 industry page requires genuinely differentiated workflow copy."
"digital agency CRM","Digital Agencies","Commercial","P2","/solutions/digital-agencies","Industry solution page","digital agencies software","digital agency CRM","New","Mapped to future content","P2 industry page requires genuinely differentiated workflow copy."
"digital agency project management","Digital Agencies","Commercial","P2","/solutions/digital-agencies","Industry solution page","digital agencies software","digital agency project management","New","Mapped to future content","P2 industry page requires genuinely differentiated workflow copy."
"project management software for digital agencies","Digital Agencies","Commercial","P2","/solutions/digital-agencies","Industry solution page","digital agencies software","project management software for digital agencies","New","Mapped to future content","P2 industry page requires genuinely differentiated workflow copy."
"digital agency client portal","Digital Agencies","Commercial","P2","/solutions/digital-agencies","Industry solution page","digital agencies software","digital agency client portal","New","Mapped to future content","P2 industry page requires genuinely differentiated workflow copy."
"digital agency workflow software","Digital Agencies","Commercial","P2","/solutions/digital-agencies","Industry solution page","digital agencies software","digital agency workflow software","New","Mapped to future content","P2 industry page requires genuinely differentiated workflow copy."
"digital agency operations software","Digital Agencies","Commercial","P2","/solutions/digital-agencies","Industry solution page","digital agencies software","digital agency operations software","New","Mapped to future content","P2 industry page requires genuinely differentiated workflow copy."
"digital agency client management software","Digital Agencies","Commercial","P2","/solutions/digital-agencies","Industry solution page","digital agencies software","digital agency client management software","New","Mapped to future content","P2 industry page requires genuinely differentiated workflow copy."
"digital agency productivity software","Digital Agencies","Commercial","P2","/solutions/digital-agencies","Industry solution page","digital agencies software","digital agency productivity software","New","Mapped to future content","P2 industry page requires genuinely differentiated workflow copy."
"digital agency task management","Digital Agencies","Commercial","P2","/solutions/digital-agencies","Industry solution page","digital agencies software","digital agency task management","New","Mapped to future content","P2 industry page requires genuinely differentiated workflow copy."
"digital agency billing software","Digital Agencies","Commercial","P2","/solutions/digital-agencies","Industry solution page","digital agencies software","digital agency billing software","New","Mapped to future content","P2 industry page requires genuinely differentiated workflow copy."
"software for digital agencies","Digital Agencies","Commercial","P2","/solutions/digital-agencies","Industry solution page","digital agencies software","software for digital agencies","New","Mapped to future content","P2 industry page requires genuinely differentiated workflow copy."
"best software for digital agencies","Digital Agencies","Commercial","P2","/solutions/digital-agencies","Industry solution page","digital agencies software","best software for digital agencies","New","Mapped to future content","P2 industry page requires genuinely differentiated workflow copy."
"all in one digital agency software","Digital Agencies","Commercial","P2","/solutions/digital-agencies","Industry solution page","digital agencies software","all in one digital agency software","New","Mapped to future content","P2 industry page requires genuinely differentiated workflow copy."
"run digital agency software","Digital Agencies","Commercial","P2","/solutions/digital-agencies","Industry solution page","digital agencies software","run digital agency software","New","Mapped to future content","P2 industry page requires genuinely differentiated workflow copy."
"creative agency software","Creative Agencies","Commercial","P2","/solutions/creative-agencies","Industry solution page","creative agencies software","creative agency software","Existing","Mapped to existing page","Existing differentiated industry solution page."
"creative agency management software","Creative Agencies","Commercial","P2","/solutions/creative-agencies","Industry solution page","creative agencies software","creative agency management software","Existing","Mapped to existing page","Existing differentiated industry solution page."
"creative agency management system","Creative Agencies","Commercial","P2","/solutions/creative-agencies","Industry solution page","creative agencies software","creative agency management system","Existing","Mapped to existing page","Existing differentiated industry solution page."
"creative agency CRM","Creative Agencies","Commercial","P2","/solutions/creative-agencies","Industry solution page","creative agencies software","creative agency CRM","Existing","Mapped to existing page","Existing differentiated industry solution page."
"creative agency project management","Creative Agencies","Commercial","P2","/solutions/creative-agencies","Industry solution page","creative agencies software","creative agency project management","Existing","Mapped to existing page","Existing differentiated industry solution page."
"creative agency client portal","Creative Agencies","Commercial","P2","/solutions/creative-agencies","Industry solution page","creative agencies software","creative agency client portal","Existing","Mapped to existing page","Existing differentiated industry solution page."
"creative agency workflow software","Creative Agencies","Commercial","P2","/solutions/creative-agencies","Industry solution page","creative agencies software","creative agency workflow software","Existing","Mapped to existing page","Existing differentiated industry solution page."
"creative agency operations software","Creative Agencies","Commercial","P2","/solutions/creative-agencies","Industry solution page","creative agencies software","creative agency operations software","Existing","Mapped to existing page","Existing differentiated industry solution page."
"creative agency billing software","Creative Agencies","Commercial","P2","/solutions/creative-agencies","Industry solution page","creative agencies software","creative agency billing software","Existing","Mapped to existing page","Existing differentiated industry solution page."
"creative agency task management","Creative Agencies","Commercial","P2","/solutions/creative-agencies","Industry solution page","creative agencies software","creative agency task management","Existing","Mapped to existing page","Existing differentiated industry solution page."
"creative project management software","Creative Agencies","Commercial","P2","/solutions/creative-agencies","Industry solution page","creative agencies software","creative project management software","Existing","Mapped to existing page","Existing differentiated industry solution page."
"creative client management software","Creative Agencies","Commercial","P2","/solutions/creative-agencies","Industry solution page","creative agencies software","creative client management software","Existing","Mapped to existing page","Existing differentiated industry solution page."
"best software for creative agencies","Creative Agencies","Commercial","P2","/solutions/creative-agencies","Industry solution page","creative agencies software","best software for creative agencies","Existing","Mapped to existing page","Existing differentiated industry solution page."
"design agency software","Design Agencies","Commercial","P2","/solutions/design-agencies","Industry solution page","design agencies software","design agency software","Existing","Mapped to existing page","Existing differentiated industry solution page."
"design agency management software","Design Agencies","Commercial","P2","/solutions/design-agencies","Industry solution page","design agencies software","design agency management software","Existing","Mapped to existing page","Existing differentiated industry solution page."
"design agency CRM","Design Agencies","Commercial","P2","/solutions/design-agencies","Industry solution page","design agencies software","design agency CRM","Existing","Mapped to existing page","Existing differentiated industry solution page."
"design agency project management software","Design Agencies","Commercial","P2","/solutions/design-agencies","Industry solution page","design agencies software","design agency project management software","Existing","Mapped to existing page","Existing differentiated industry solution page."
"design agency client portal","Design Agencies","Commercial","P2","/solutions/design-agencies","Industry solution page","design agencies software","design agency client portal","Existing","Mapped to existing page","Existing differentiated industry solution page."
"design agency workflow software","Design Agencies","Commercial","P2","/solutions/design-agencies","Industry solution page","design agencies software","design agency workflow software","Existing","Mapped to existing page","Existing differentiated industry solution page."
"graphic design agency software","Design Agencies","Commercial","P2","/solutions/design-agencies","Industry solution page","design agencies software","graphic design agency software","Existing","Mapped to existing page","Existing differentiated industry solution page."
"graphic design project management software","Design Agencies","Commercial","P2","/solutions/design-agencies","Industry solution page","design agencies software","graphic design project management software","Existing","Mapped to existing page","Existing differentiated industry solution page."
"graphic design client portal","Design Agencies","Commercial","P2","/solutions/design-agencies","Industry solution page","design agencies software","graphic design client portal","Existing","Mapped to existing page","Existing differentiated industry solution page."
"design client management software","Design Agencies","Commercial","P2","/solutions/design-agencies","Industry solution page","design agencies software","design client management software","Existing","Mapped to existing page","Existing differentiated industry solution page."
"web agency software","Web Development Agencies","Commercial","P2","/solutions/web-development-agencies","Industry solution page","web development agencies software","web agency software","Existing","Mapped to existing page","Existing differentiated industry solution page."
"web agency management software","Web Development Agencies","Commercial","P2","/solutions/web-development-agencies","Industry solution page","web development agencies software","web agency management software","Existing","Mapped to existing page","Existing differentiated industry solution page."
"web design agency software","Web Development Agencies","Commercial","P2","/solutions/web-development-agencies","Industry solution page","web development agencies software","web design agency software","Existing","Mapped to existing page","Existing differentiated industry solution page."
"web development agency software","Web Development Agencies","Commercial","P2","/solutions/web-development-agencies","Industry solution page","web development agencies software","web development agency software","Existing","Mapped to existing page","Existing differentiated industry solution page."
"web agency CRM","Web Development Agencies","Commercial","P2","/solutions/web-development-agencies","Industry solution page","web development agencies software","web agency CRM","Existing","Mapped to existing page","Existing differentiated industry solution page."
"web agency project management software","Web Development Agencies","Commercial","P2","/solutions/web-development-agencies","Industry solution page","web development agencies software","web agency project management software","Existing","Mapped to existing page","Existing differentiated industry solution page."
"web development project management software","Web Development Agencies","Commercial","P2","/solutions/web-development-agencies","Industry solution page","web development agencies software","web development project management software","Existing","Mapped to existing page","Existing differentiated industry solution page."
"web agency client portal","Web Development Agencies","Commercial","P2","/solutions/web-development-agencies","Industry solution page","web development agencies software","web agency client portal","Existing","Mapped to existing page","Existing differentiated industry solution page."
"web development client portal","Web Development Agencies","Commercial","P2","/solutions/web-development-agencies","Industry solution page","web development agencies software","web development client portal","Existing","Mapped to existing page","Existing differentiated industry solution page."
"web agency invoicing software","Web Development Agencies","Commercial","P2","/solutions/web-development-agencies","Industry solution page","web development agencies software","web agency invoicing software","Existing","Mapped to existing page","Existing differentiated industry solution page."
"web agency billing software","Web Development Agencies","Commercial","P2","/solutions/web-development-agencies","Industry solution page","web development agencies software","web agency billing software","Existing","Mapped to existing page","Existing differentiated industry solution page."
"web agency workflow software","Web Development Agencies","Commercial","P2","/solutions/web-development-agencies","Industry solution page","web development agencies software","web agency workflow software","Existing","Mapped to existing page","Existing differentiated industry solution page."
"website project management software","Web Development Agencies","Commercial","P2","/solutions/web-development-agencies","Industry solution page","web development agencies software","website project management software","Existing","Mapped to existing page","Existing differentiated industry solution page."
"website client management software","Web Development Agencies","Commercial","P2","/solutions/web-development-agencies","Industry solution page","web development agencies software","website client management software","Existing","Mapped to existing page","Existing differentiated industry solution page."
"website agency management system","Web Development Agencies","Commercial","P2","/solutions/web-development-agencies","Industry solution page","web development agencies software","website agency management system","Existing","Mapped to existing page","Existing differentiated industry solution page."
"SEO agency software","SEO Agencies","Commercial","P2","/solutions/seo-agencies","Industry solution page","seo agencies software","SEO agency software","Existing","Mapped to existing page","Existing differentiated industry solution page."
"SEO agency management software","SEO Agencies","Commercial","P2","/solutions/seo-agencies","Industry solution page","seo agencies software","SEO agency management software","Existing","Mapped to existing page","Existing differentiated industry solution page."
"SEO agency CRM","SEO Agencies","Commercial","P2","/solutions/seo-agencies","Industry solution page","seo agencies software","SEO agency CRM","Existing","Mapped to existing page","Existing differentiated industry solution page."
"SEO client management software","SEO Agencies","Commercial","P2","/solutions/seo-agencies","Industry solution page","seo agencies software","SEO client management software","Existing","Mapped to existing page","Existing differentiated industry solution page."
"SEO project management software","SEO Agencies","Commercial","P2","/solutions/seo-agencies","Industry solution page","seo agencies software","SEO project management software","Existing","Mapped to existing page","Existing differentiated industry solution page."
"SEO agency project management","SEO Agencies","Commercial","P2","/solutions/seo-agencies","Industry solution page","seo agencies software","SEO agency project management","Existing","Mapped to existing page","Existing differentiated industry solution page."
"SEO agency client portal","SEO Agencies","Commercial","P2","/solutions/seo-agencies","Industry solution page","seo agencies software","SEO agency client portal","Existing","Mapped to existing page","Existing differentiated industry solution page."
"SEO client portal software","SEO Agencies","Commercial","P2","/solutions/seo-agencies","Industry solution page","seo agencies software","SEO client portal software","Existing","Mapped to existing page","Existing differentiated industry solution page."
"SEO agency workflow software","SEO Agencies","Commercial","P2","/solutions/seo-agencies","Industry solution page","seo agencies software","SEO agency workflow software","Existing","Mapped to existing page","Existing differentiated industry solution page."
"SEO agency invoicing software","SEO Agencies","Commercial","P2","/solutions/seo-agencies","Industry solution page","seo agencies software","SEO agency invoicing software","Existing","Mapped to existing page","Existing differentiated industry solution page."
"SEO agency operations software","SEO Agencies","Commercial","P2","/solutions/seo-agencies","Industry solution page","seo agencies software","SEO agency operations software","Existing","Mapped to existing page","Existing differentiated industry solution page."
"SEO client dashboard","SEO Agencies","Commercial","P2","/solutions/seo-agencies","Industry solution page","seo agencies software","SEO client dashboard","Existing","Mapped to existing page","Existing differentiated industry solution page."
"SEO client project management","SEO Agencies","Commercial","P2","/solutions/seo-agencies","Industry solution page","seo agencies software","SEO client project management","Existing","Mapped to existing page","Existing differentiated industry solution page."
"software for SEO agencies","SEO Agencies","Commercial","P2","/solutions/seo-agencies","Industry solution page","seo agencies software","software for SEO agencies","Existing","Mapped to existing page","Existing differentiated industry solution page."
"best software for SEO agency","SEO Agencies","Commercial","P2","/solutions/seo-agencies","Industry solution page","seo agencies software","best software for SEO agency","Existing","Mapped to existing page","Existing differentiated industry solution page."
"branding agency software","Branding Agencies","Commercial","P2","/solutions/branding-agencies","Industry solution page","branding agencies software","branding agency software","Existing","Mapped to existing page","Existing differentiated industry solution page."
"branding agency management software","Branding Agencies","Commercial","P2","/solutions/branding-agencies","Industry solution page","branding agencies software","branding agency management software","Existing","Mapped to existing page","Existing differentiated industry solution page."
"branding agency CRM","Branding Agencies","Commercial","P2","/solutions/branding-agencies","Industry solution page","branding agencies software","branding agency CRM","Existing","Mapped to existing page","Existing differentiated industry solution page."
"branding agency project management","Branding Agencies","Commercial","P2","/solutions/branding-agencies","Industry solution page","branding agencies software","branding agency project management","Existing","Mapped to existing page","Existing differentiated industry solution page."
"branding agency client portal","Branding Agencies","Commercial","P2","/solutions/branding-agencies","Industry solution page","branding agencies software","branding agency client portal","Existing","Mapped to existing page","Existing differentiated industry solution page."
"branding client management software","Branding Agencies","Commercial","P2","/solutions/branding-agencies","Industry solution page","branding agencies software","branding client management software","Existing","Mapped to existing page","Existing differentiated industry solution page."
"branding project management software","Branding Agencies","Commercial","P2","/solutions/branding-agencies","Industry solution page","branding agencies software","branding project management software","Existing","Mapped to existing page","Existing differentiated industry solution page."
"brand agency workflow software","Branding Agencies","Commercial","P2","/solutions/branding-agencies","Industry solution page","branding agencies software","brand agency workflow software","Existing","Mapped to existing page","Existing differentiated industry solution page."
"branding agency invoicing software","Branding Agencies","Commercial","P2","/solutions/branding-agencies","Industry solution page","branding agencies software","branding agency invoicing software","Existing","Mapped to existing page","Existing differentiated industry solution page."
"advertising agency software","Advertising Agencies","Commercial","P2","/solutions/advertising-agencies","Industry solution page","advertising agencies software","advertising agency software","New","Mapped to future content","P2 industry page requires genuinely differentiated workflow copy."
"advertising agency management software","Advertising Agencies","Commercial","P2","/solutions/advertising-agencies","Industry solution page","advertising agencies software","advertising agency management software","New","Mapped to future content","P2 industry page requires genuinely differentiated workflow copy."
"ad agency management software","Advertising Agencies","Commercial","P2","/solutions/advertising-agencies","Industry solution page","advertising agencies software","ad agency management software","New","Mapped to future content","P2 industry page requires genuinely differentiated workflow copy."
"advertising agency CRM","Advertising Agencies","Commercial","P2","/solutions/advertising-agencies","Industry solution page","advertising agencies software","advertising agency CRM","New","Mapped to future content","P2 industry page requires genuinely differentiated workflow copy."
"ad agency CRM","Advertising Agencies","Commercial","P2","/solutions/advertising-agencies","Industry solution page","advertising agencies software","ad agency CRM","New","Mapped to future content","P2 industry page requires genuinely differentiated workflow copy."
"advertising agency project management software","Advertising Agencies","Commercial","P2","/solutions/advertising-agencies","Industry solution page","advertising agencies software","advertising agency project management software","New","Mapped to future content","P2 industry page requires genuinely differentiated workflow copy."
"ad agency project management","Advertising Agencies","Commercial","P2","/solutions/advertising-agencies","Industry solution page","advertising agencies software","ad agency project management","New","Mapped to future content","P2 industry page requires genuinely differentiated workflow copy."
"advertising agency client portal","Advertising Agencies","Commercial","P2","/solutions/advertising-agencies","Industry solution page","advertising agencies software","advertising agency client portal","New","Mapped to future content","P2 industry page requires genuinely differentiated workflow copy."
"advertising agency workflow software","Advertising Agencies","Commercial","P2","/solutions/advertising-agencies","Industry solution page","advertising agencies software","advertising agency workflow software","New","Mapped to future content","P2 industry page requires genuinely differentiated workflow copy."
"advertising agency billing software","Advertising Agencies","Commercial","P2","/solutions/advertising-agencies","Industry solution page","advertising agencies software","advertising agency billing software","New","Mapped to future content","P2 industry page requires genuinely differentiated workflow copy."
"advertising agency invoicing software","Advertising Agencies","Commercial","P2","/solutions/advertising-agencies","Industry solution page","advertising agencies software","advertising agency invoicing software","New","Mapped to future content","P2 industry page requires genuinely differentiated workflow copy."
"advertising agency operations software","Advertising Agencies","Commercial","P2","/solutions/advertising-agencies","Industry solution page","advertising agencies software","advertising agency operations software","New","Mapped to future content","P2 industry page requires genuinely differentiated workflow copy."
"advertising account management software","Advertising Agencies","Commercial","P2","/solutions/advertising-agencies","Industry solution page","advertising agencies software","advertising account management software","New","Mapped to future content","P2 industry page requires genuinely differentiated workflow copy."
"software for advertising agencies","Advertising Agencies","Commercial","P2","/solutions/advertising-agencies","Industry solution page","advertising agencies software","software for advertising agencies","New","Mapped to future content","P2 industry page requires genuinely differentiated workflow copy."
"social media agency software","Social Media Agencies","Commercial","P2","/solutions/social-media-agencies","Industry solution page","social media agencies software","social media agency software","New","Mapped to future content","P2 industry page requires genuinely differentiated workflow copy."
"social media agency management software","Social Media Agencies","Commercial","P2","/solutions/social-media-agencies","Industry solution page","social media agencies software","social media agency management software","New","Mapped to future content","P2 industry page requires genuinely differentiated workflow copy."
"social media agency CRM","Social Media Agencies","Commercial","P2","/solutions/social-media-agencies","Industry solution page","social media agencies software","social media agency CRM","New","Mapped to future content","P2 industry page requires genuinely differentiated workflow copy."
"social media client management software","Social Media Agencies","Commercial","P2","/solutions/social-media-agencies","Industry solution page","social media agencies software","social media client management software","New","Mapped to future content","P2 industry page requires genuinely differentiated workflow copy."
"social media agency project management","Social Media Agencies","Commercial","P2","/solutions/social-media-agencies","Industry solution page","social media agencies software","social media agency project management","New","Mapped to future content","P2 industry page requires genuinely differentiated workflow copy."
"social media agency client portal","Social Media Agencies","Commercial","P2","/solutions/social-media-agencies","Industry solution page","social media agencies software","social media agency client portal","New","Mapped to future content","P2 industry page requires genuinely differentiated workflow copy."
"social media client portal","Social Media Agencies","Commercial","P2","/solutions/social-media-agencies","Industry solution page","social media agencies software","social media client portal","New","Mapped to future content","P2 industry page requires genuinely differentiated workflow copy."
"social media agency workflow software","Social Media Agencies","Commercial","P2","/solutions/social-media-agencies","Industry solution page","social media agencies software","social media agency workflow software","New","Mapped to future content","P2 industry page requires genuinely differentiated workflow copy."
"social media agency invoicing software","Social Media Agencies","Commercial","P2","/solutions/social-media-agencies","Industry solution page","social media agencies software","social media agency invoicing software","New","Mapped to future content","P2 industry page requires genuinely differentiated workflow copy."
"social media agency operations software","Social Media Agencies","Commercial","P2","/solutions/social-media-agencies","Industry solution page","social media agencies software","social media agency operations software","New","Mapped to future content","P2 industry page requires genuinely differentiated workflow copy."
"software for social media agencies","Social Media Agencies","Commercial","P2","/solutions/social-media-agencies","Industry solution page","social media agencies software","software for social media agencies","New","Mapped to future content","P2 industry page requires genuinely differentiated workflow copy."
"PR agency software","PR Agencies","Commercial","P2","/solutions/pr-agencies","Industry solution page","pr agencies software","PR agency software","New","Mapped to future content","P2 industry page requires genuinely differentiated workflow copy."
"PR agency management software","PR Agencies","Commercial","P2","/solutions/pr-agencies","Industry solution page","pr agencies software","PR agency management software","New","Mapped to future content","P2 industry page requires genuinely differentiated workflow copy."
"PR agency CRM","PR Agencies","Commercial","P2","/solutions/pr-agencies","Industry solution page","pr agencies software","PR agency CRM","New","Mapped to future content","P2 industry page requires genuinely differentiated workflow copy."
"public relations agency software","PR Agencies","Commercial","P2","/solutions/pr-agencies","Industry solution page","pr agencies software","public relations agency software","New","Mapped to future content","P2 industry page requires genuinely differentiated workflow copy."
"public relations CRM","PR Agencies","Commercial","P2","/solutions/pr-agencies","Industry solution page","pr agencies software","public relations CRM","New","Mapped to future content","P2 industry page requires genuinely differentiated workflow copy."
"PR client management software","PR Agencies","Commercial","P2","/solutions/pr-agencies","Industry solution page","pr agencies software","PR client management software","New","Mapped to future content","P2 industry page requires genuinely differentiated workflow copy."
"PR agency project management","PR Agencies","Commercial","P2","/solutions/pr-agencies","Industry solution page","pr agencies software","PR agency project management","New","Mapped to future content","P2 industry page requires genuinely differentiated workflow copy."
"PR agency client portal","PR Agencies","Commercial","P2","/solutions/pr-agencies","Industry solution page","pr agencies software","PR agency client portal","New","Mapped to future content","P2 industry page requires genuinely differentiated workflow copy."
"PR workflow software","PR Agencies","Commercial","P2","/solutions/pr-agencies","Industry solution page","pr agencies software","PR workflow software","New","Mapped to future content","P2 industry page requires genuinely differentiated workflow copy."
"PR agency billing software","PR Agencies","Commercial","P2","/solutions/pr-agencies","Industry solution page","pr agencies software","PR agency billing software","New","Mapped to future content","P2 industry page requires genuinely differentiated workflow copy."
"content agency software","Content Agencies","Commercial","P2","/solutions/content-agencies","Industry solution page","content agencies software","content agency software","New","Mapped to future content","P2 industry page requires genuinely differentiated workflow copy."
"content marketing agency software","Content Agencies","Commercial","P2","/solutions/content-agencies","Industry solution page","content agencies software","content marketing agency software","New","Mapped to future content","P2 industry page requires genuinely differentiated workflow copy."
"content agency CRM","Content Agencies","Commercial","P2","/solutions/content-agencies","Industry solution page","content agencies software","content agency CRM","New","Mapped to future content","P2 industry page requires genuinely differentiated workflow copy."
"content agency management software","Content Agencies","Commercial","P2","/solutions/content-agencies","Industry solution page","content agencies software","content agency management software","New","Mapped to future content","P2 industry page requires genuinely differentiated workflow copy."
"content agency project management","Content Agencies","Commercial","P2","/solutions/content-agencies","Industry solution page","content agencies software","content agency project management","New","Mapped to future content","P2 industry page requires genuinely differentiated workflow copy."
"content agency client portal","Content Agencies","Commercial","P2","/solutions/content-agencies","Industry solution page","content agencies software","content agency client portal","New","Mapped to future content","P2 industry page requires genuinely differentiated workflow copy."
"content agency workflow software","Content Agencies","Commercial","P2","/solutions/content-agencies","Industry solution page","content agencies software","content agency workflow software","New","Mapped to future content","P2 industry page requires genuinely differentiated workflow copy."
"content client management software","Content Agencies","Commercial","P2","/solutions/content-agencies","Industry solution page","content agencies software","content client management software","New","Mapped to future content","P2 industry page requires genuinely differentiated workflow copy."
"content production agency software","Content Agencies","Commercial","P2","/solutions/content-agencies","Industry solution page","content agencies software","content production agency software","New","Mapped to future content","P2 industry page requires genuinely differentiated workflow copy."
"content marketing client management software","Content Agencies","Commercial","P2","/solutions/content-agencies","Industry solution page","content agencies software","content marketing client management software","New","Mapped to future content","P2 industry page requires genuinely differentiated workflow copy."
"video production management software","Video Production","Commercial","P2","/solutions/video-production-agencies","Industry solution page","video production software","video production management software","New","Mapped to future content","P2 industry page requires genuinely differentiated workflow copy."
"video agency management software","Video Production","Commercial","P2","/solutions/video-production-agencies","Industry solution page","video production software","video agency management software","New","Mapped to future content","P2 industry page requires genuinely differentiated workflow copy."
"video production CRM","Video Production","Commercial","P2","/solutions/video-production-agencies","Industry solution page","video production software","video production CRM","New","Mapped to future content","P2 industry page requires genuinely differentiated workflow copy."
"CRM for video production companies","Video Production","Commercial","P2","/solutions/video-production-agencies","Industry solution page","video production software","CRM for video production companies","New","Mapped to future content","P2 industry page requires genuinely differentiated workflow copy."
"video project management software","Video Production","Commercial","P2","/solutions/video-production-agencies","Industry solution page","video production software","video project management software","New","Mapped to future content","P2 industry page requires genuinely differentiated workflow copy."
"video production client portal","Video Production","Commercial","P2","/solutions/video-production-agencies","Industry solution page","video production software","video production client portal","New","Mapped to future content","P2 industry page requires genuinely differentiated workflow copy."
"video production workflow software","Video Production","Commercial","P2","/solutions/video-production-agencies","Industry solution page","video production software","video production workflow software","New","Mapped to future content","P2 industry page requires genuinely differentiated workflow copy."
"video production invoicing software","Video Production","Commercial","P2","/solutions/video-production-agencies","Industry solution page","video production software","video production invoicing software","New","Mapped to future content","P2 industry page requires genuinely differentiated workflow copy."
"creative production management software","Video Production","Commercial","P2","/solutions/video-production-agencies","Industry solution page","video production software","creative production management software","New","Mapped to future content","P2 industry page requires genuinely differentiated workflow copy."
"production agency software","Video Production","Commercial","P2","/solutions/video-production-agencies","Industry solution page","video production software","production agency software","New","Mapped to future content","P2 industry page requires genuinely differentiated workflow copy."
"freelancer management software","Freelancers","Commercial","P2","/solutions/freelancers","Freelancer solution page","freelancers software","freelancer management software","Existing","Mapped to existing page","Existing differentiated industry solution page."
"freelance management software","Freelancers","Commercial","P2","/solutions/freelancers","Freelancer solution page","freelancers software","freelance management software","Existing","Mapped to existing page","Existing differentiated industry solution page."
"freelancer CRM","Freelancers","Commercial","P2","/solutions/freelancers","Freelancer solution page","freelancers software","freelancer CRM","Existing","Mapped to existing page","Existing differentiated industry solution page."
"best CRM for freelancers","Freelancers","Commercial","P1","/solutions/freelancers","Freelancer solution page","freelancers software","best CRM for freelancers","Existing","Mapped to existing page","Existing differentiated industry solution page."
"free CRM for freelancers","Freelancers","Commercial","P2","/solutions/freelancers","Freelancer solution page","freelancers software","free CRM for freelancers","Existing","Mapped to existing page","Existing differentiated industry solution page."
"client management software for freelancers","Freelancers","Commercial","P2","/solutions/freelancers","Freelancer solution page","freelancers software","client management software for freelancers","Existing","Mapped to existing page","Existing differentiated industry solution page."
"freelance client management software","Freelancers","Commercial","P2","/solutions/freelancers","Freelancer solution page","freelancers software","freelance client management software","Existing","Mapped to existing page","Existing differentiated industry solution page."
"freelancer client portal","Freelancers","Commercial","P2","/solutions/freelancers","Freelancer solution page","freelancers software","freelancer client portal","Existing","Mapped to existing page","Existing differentiated industry solution page."
"freelancer project management software","Freelancers","Commercial","P2","/solutions/freelancers","Freelancer solution page","freelancers software","freelancer project management software","Existing","Mapped to existing page","Existing differentiated industry solution page."
"freelance project management tool","Freelancers","Commercial","P2","/solutions/freelancers","Freelancer solution page","freelancers software","freelance project management tool","Existing","Mapped to existing page","Existing differentiated industry solution page."
"freelance business management software","Freelancers","Commercial","P2","/solutions/freelancers","Freelancer solution page","freelancers software","freelance business management software","Existing","Mapped to existing page","Existing differentiated industry solution page."
"all in one freelancer software","Freelancers","Commercial","P1","/solutions/freelancers","Freelancer solution page","freelancers software","all in one freelancer software","Existing","Mapped to existing page","Existing differentiated industry solution page."
"freelancer workflow software","Freelancers","Commercial","P2","/solutions/freelancers","Freelancer solution page","freelancers software","freelancer workflow software","Existing","Mapped to existing page","Existing differentiated industry solution page."
"freelancer client tracking","Freelancers","Commercial","P2","/solutions/freelancers","Freelancer solution page","freelancers software","freelancer client tracking","Existing","Mapped to existing page","Existing differentiated industry solution page."
"manage freelance clients","Freelancers","Commercial","P2","/solutions/freelancers","Freelancer solution page","freelancers software","manage freelance clients","Existing","Mapped to existing page","Existing differentiated industry solution page."
"software to manage freelance clients","Freelancers","Commercial","P2","/solutions/freelancers","Freelancer solution page","freelancers software","software to manage freelance clients","Existing","Mapped to existing page","Existing differentiated industry solution page."
"freelancer business software","Freelancers","Commercial","P2","/solutions/freelancers","Freelancer solution page","freelancers software","freelancer business software","Existing","Mapped to existing page","Existing differentiated industry solution page."
"freelancer dashboard","Freelancers","Commercial","P2","/solutions/freelancers","Freelancer solution page","freelancers software","freelancer dashboard","Existing","Mapped to existing page","Existing differentiated industry solution page."
"freelancer CRM and invoicing","Freelancers","Commercial","P2","/solutions/freelancers","Freelancer solution page","freelancers software","freelancer CRM and invoicing","Existing","Mapped to existing page","Existing differentiated industry solution page."
"freelancer CRM project management","Freelancers","Commercial","P2","/solutions/freelancers","Freelancer solution page","freelancers software","freelancer CRM project management","Existing","Mapped to existing page","Existing differentiated industry solution page."
"freelancer project management and invoicing","Freelancers","Commercial","P2","/solutions/freelancers","Freelancer solution page","freelancers software","freelancer project management and invoicing","Existing","Mapped to existing page","Existing differentiated industry solution page."
"freelance client portal invoicing","Freelancers","Commercial","P2","/solutions/freelancers","Freelancer solution page","freelancers software","freelance client portal invoicing","Existing","Mapped to existing page","Existing differentiated industry solution page."
"software for freelancers to manage clients","Freelancers","Commercial","P2","/solutions/freelancers","Freelancer solution page","freelancers software","software for freelancers to manage clients","Existing","Mapped to existing page","Existing differentiated industry solution page."
"best software for freelancers","Freelancers","Commercial","P2","/solutions/freelancers","Freelancer solution page","freelancers software","best software for freelancers","Existing","Mapped to existing page","Existing differentiated industry solution page."
"client management app for freelancers","Freelancers","Commercial","P2","/solutions/freelancers","Freelancer solution page","freelancers software","client management app for freelancers","Existing","Mapped to existing page","Existing differentiated industry solution page."
"consultant management software","Consultants","Commercial","P2","/solutions/consultants","Consultant solution page","consultants software","consultant management software","Existing","Mapped to existing page","Existing differentiated industry solution page."
"consulting management software","Consultants","Commercial","P2","/solutions/consultants","Consultant solution page","consultants software","consulting management software","Existing","Mapped to existing page","Existing differentiated industry solution page."
"consulting business software","Consultants","Commercial","P2","/solutions/consultants","Consultant solution page","consultants software","consulting business software","Existing","Mapped to existing page","Existing differentiated industry solution page."
"consulting firm management software","Consultants","Commercial","P2","/solutions/consultants","Consultant solution page","consultants software","consulting firm management software","Existing","Mapped to existing page","Existing differentiated industry solution page."
"consultant CRM","Consultants","Commercial","P2","/solutions/consultants","Consultant solution page","consultants software","consultant CRM","Existing","Mapped to existing page","Existing differentiated industry solution page."
"consulting CRM software","Consultants","Commercial","P2","/solutions/consultants","Consultant solution page","consultants software","consulting CRM software","Existing","Mapped to existing page","Existing differentiated industry solution page."
"consultant client management software","Consultants","Commercial","P2","/solutions/consultants","Consultant solution page","consultants software","consultant client management software","Existing","Mapped to existing page","Existing differentiated industry solution page."
"client management software for consultants","Consultants","Commercial","P2","/solutions/consultants","Consultant solution page","consultants software","client management software for consultants","Existing","Mapped to existing page","Existing differentiated industry solution page."
"consultant project management software","Consultants","Commercial","P2","/solutions/consultants","Consultant solution page","consultants software","consultant project management software","Existing","Mapped to existing page","Existing differentiated industry solution page."
"consulting project management software","Consultants","Commercial","P2","/solutions/consultants","Consultant solution page","consultants software","consulting project management software","Existing","Mapped to existing page","Existing differentiated industry solution page."
"consultant client portal","Consultants","Commercial","P2","/solutions/consultants","Consultant solution page","consultants software","consultant client portal","Existing","Mapped to existing page","Existing differentiated industry solution page."
"consulting client portal software","Consultants","Commercial","P2","/solutions/consultants","Consultant solution page","consultants software","consulting client portal software","Existing","Mapped to existing page","Existing differentiated industry solution page."
"consulting billing software","Consultants","Commercial","P2","/solutions/consultants","Consultant solution page","consultants software","consulting billing software","Existing","Mapped to existing page","Existing differentiated industry solution page."
"consultant workflow software","Consultants","Commercial","P2","/solutions/consultants","Consultant solution page","consultants software","consultant workflow software","Existing","Mapped to existing page","Existing differentiated industry solution page."
"consulting operations software","Consultants","Commercial","P2","/solutions/consultants","Consultant solution page","consultants software","consulting operations software","Existing","Mapped to existing page","Existing differentiated industry solution page."
"software for consultants","Consultants","Commercial","P2","/solutions/consultants","Consultant solution page","consultants software","software for consultants","Existing","Mapped to existing page","Existing differentiated industry solution page."
"consulting agency software","Consultants","Commercial","P2","/solutions/consultants","Consultant solution page","consultants software","consulting agency software","Existing","Mapped to existing page","Existing differentiated industry solution page."
"software for small agencies","Small Agencies & Startups","Commercial","P2","/solutions/small-agencies","Audience solution page","small agencies software","software for small agencies","New","Mapped to future content","P2 industry page requires genuinely differentiated workflow copy."
"small agency software","Small Agencies & Startups","Commercial","P2","/solutions/small-agencies","Audience solution page","small agencies software","small agency software","New","Mapped to future content","P2 industry page requires genuinely differentiated workflow copy."
"small agency management software","Small Agencies & Startups","Commercial","P2","/solutions/small-agencies","Audience solution page","small agencies software","small agency management software","New","Mapped to future content","P2 industry page requires genuinely differentiated workflow copy."
"small business agency software","Small Agencies & Startups","Commercial","P2","/solutions/small-agencies","Audience solution page","small agencies software","small business agency software","New","Mapped to future content","P2 industry page requires genuinely differentiated workflow copy."
"agency software for startups","Small Agencies & Startups","Commercial","P2","/solutions/small-agencies","Audience solution page","small agencies software","agency software for startups","New","Mapped to future content","P2 industry page requires genuinely differentiated workflow copy."
"startup agency management software","Small Agencies & Startups","Commercial","P2","/solutions/small-agencies","Audience solution page","small agencies software","startup agency management software","New","Mapped to future content","P2 industry page requires genuinely differentiated workflow copy."
"agency management software for 5 person team","Small Agencies & Startups","Commercial","P2","/solutions/small-agencies","Audience solution page","small agencies software","agency management software for 5 person team","New","Mapped to future content","P2 industry page requires genuinely differentiated workflow copy."
"agency management software for 10 person team","Small Agencies & Startups","Commercial","P2","/solutions/small-agencies","Audience solution page","small agencies software","agency management software for 10 person team","New","Mapped to future content","P2 industry page requires genuinely differentiated workflow copy."
"agency software for small teams","Small Agencies & Startups","Commercial","P2","/solutions/small-agencies","Audience solution page","small agencies software","agency software for small teams","New","Mapped to future content","P2 industry page requires genuinely differentiated workflow copy."
"cheap agency management software","Small Agencies & Startups","Commercial","P2","/solutions/small-agencies","Audience solution page","small agencies software","cheap agency management software","New","Mapped to future content","P2 industry page requires genuinely differentiated workflow copy."
"lightweight agency management software","Small Agencies & Startups","Commercial","P2","/solutions/small-agencies","Audience solution page","small agencies software","lightweight agency management software","New","Mapped to future content","P2 industry page requires genuinely differentiated workflow copy."
"agency software without complexity","Small Agencies & Startups","Commercial","P2","/solutions/small-agencies","Audience solution page","small agencies software","agency software without complexity","New","Mapped to future content","P2 industry page requires genuinely differentiated workflow copy."
"agency management software without per user pricing","Small Agencies & Startups","Commercial","P2","/solutions/small-agencies","Audience solution page","small agencies software","agency management software without per user pricing","New","Mapped to future content","P2 industry page requires genuinely differentiated workflow copy."
"agency software free plan","Small Agencies & Startups","Commercial","P2","/solutions/small-agencies","Audience solution page","small agencies software","agency software free plan","New","Mapped to future content","P2 industry page requires genuinely differentiated workflow copy."
"agency software free trial","Small Agencies & Startups","Commercial","P1","/solutions/small-agencies","Audience solution page","small agencies software","agency software free trial","New","Mapped to future content","P2 industry page requires genuinely differentiated workflow copy."
"how to manage agency clients","Problem Aware","Informational / Commercial Investigation","P2","/agency-operations","Blog / guide / use-case page","agency operations software","how to manage agency clients","New","Mapped to new page","Consolidated under the closest authoritative problem/solution owner."
"how to manage multiple clients","Problem Aware","Informational / Commercial Investigation","P2","/agency-operations","Blog / guide / use-case page","agency operations software","how to manage multiple clients","New","Mapped to new page","Consolidated under the closest authoritative problem/solution owner."
"how agencies manage clients","Problem Aware","Informational / Commercial Investigation","P2","/agency-operations","Blog / guide / use-case page","agency operations software","how agencies manage clients","New","Mapped to new page","Consolidated under the closest authoritative problem/solution owner."
"how to organize agency clients","Problem Aware","Informational / Commercial Investigation","P2","/agency-operations","Blog / guide / use-case page","agency operations software","how to organize agency clients","New","Mapped to new page","Consolidated under the closest authoritative problem/solution owner."
"how to keep track of clients","Problem Aware","Informational / Commercial Investigation","P2","/agency-operations","Blog / guide / use-case page","agency operations software","how to keep track of clients","New","Mapped to new page","Consolidated under the closest authoritative problem/solution owner."
"how to track client projects","Problem Aware","Informational / Commercial Investigation","P2","/agency-operations","Blog / guide / use-case page","agency operations software","how to track client projects","New","Mapped to new page","Consolidated under the closest authoritative problem/solution owner."
"how to manage client projects","Problem Aware","Informational / Commercial Investigation","P2","/agency-operations","Blog / guide / use-case page","agency operations software","how to manage client projects","New","Mapped to new page","Consolidated under the closest authoritative problem/solution owner."
"best way to manage agency projects","Problem Aware","Informational / Commercial Investigation","P2","/agency-operations","Blog / guide / use-case page","agency operations software","best way to manage agency projects","New","Mapped to new page","Consolidated under the closest authoritative problem/solution owner."
"how to organize client information","Problem Aware","Informational / Commercial Investigation","P2","/agency-operations","Blog / guide / use-case page","agency operations software","how to organize client information","New","Mapped to new page","Consolidated under the closest authoritative problem/solution owner."
"how to manage client communication","Problem Aware","Informational / Commercial Investigation","P2","/blog/reduce-client-status-update-emails","Blog / guide / use-case page","agency operations software","how to manage client communication","Existing","Mapped to existing page","Consolidated under the closest authoritative problem/solution owner."
"how to improve client communication","Problem Aware","Informational / Commercial Investigation","P2","/blog/reduce-client-status-update-emails","Blog / guide / use-case page","agency operations software","how to improve client communication","Existing","Mapped to existing page","Consolidated under the closest authoritative problem/solution owner."
"how to reduce client emails","Problem Aware","Informational / Commercial Investigation","P2","/blog/reduce-client-status-update-emails","Blog / guide / use-case page","agency operations software","how to reduce client emails","Existing","Mapped to existing page","Consolidated under the closest authoritative problem/solution owner."
"how to reduce status update emails","Problem Aware","Informational / Commercial Investigation","P2","/blog/reduce-client-status-update-emails","Blog / guide / use-case page","agency operations software","how to reduce status update emails","Existing","Mapped to existing page","Consolidated under the closest authoritative problem/solution owner."
"automate client status updates","Problem Aware","Informational / Commercial Investigation","P2","/blog/reduce-client-status-update-emails","Blog / guide / use-case page","agency operations software","automate client status updates","Existing","Mapped to existing page","Consolidated under the closest authoritative problem/solution owner."
"automate agency admin","Problem Aware","Informational / Commercial Investigation","P2","/agency-operations","Blog / guide / use-case page","agency operations software","automate agency admin","New","Mapped to new page","Agency-operations and consolidation owner."
"automate agency workflow","Problem Aware","Informational / Commercial Investigation","P2","/agency-operations","Blog / guide / use-case page","agency operations software","automate agency workflow","New","Mapped to new page","Consolidated under the closest authoritative problem/solution owner."
"how to streamline agency operations","Problem Aware","Informational / Commercial Investigation","P2","/agency-operations","Blog / guide / use-case page","agency operations software","how to streamline agency operations","New","Mapped to new page","Agency-operations and consolidation owner."
"how to run an agency efficiently","Problem Aware","Informational / Commercial Investigation","P2","/agency-operations","Blog / guide / use-case page","agency operations software","how to run an agency efficiently","New","Mapped to new page","Consolidated under the closest authoritative problem/solution owner."
"how to manage a digital agency","Problem Aware","Informational / Commercial Investigation","P2","/agency-operations","Blog / guide / use-case page","agency operations software","how to manage a digital agency","New","Mapped to new page","Consolidated under the closest authoritative problem/solution owner."
"how to manage a marketing agency","Problem Aware","Informational / Commercial Investigation","P2","/agency-operations","Blog / guide / use-case page","agency operations software","how to manage a marketing agency","New","Mapped to new page","Consolidated under the closest authoritative problem/solution owner."
"how to scale agency operations","Problem Aware","Informational / Commercial Investigation","P2","/agency-operations","Blog / guide / use-case page","agency operations software","how to scale agency operations","New","Mapped to new page","Agency-operations and consolidation owner."
"how to organize an agency","Problem Aware","Informational / Commercial Investigation","P2","/agency-operations","Blog / guide / use-case page","agency operations software","how to organize an agency","New","Mapped to new page","Agency-operations and consolidation owner."
"agency workflow examples","Problem Aware","Informational / Commercial Investigation","P2","/agency-operations","Blog / guide / use-case page","agency operations software","agency workflow examples","New","Mapped to new page","Consolidated under the closest authoritative problem/solution owner."
"agency workflow template","Problem Aware","Informational / Commercial Investigation","P2","/agency-operations","Blog / guide / use-case page","agency operations software","agency workflow template","New","Mapped to new page","Consolidated under the closest authoritative problem/solution owner."
"agency process management","Problem Aware","Informational / Commercial Investigation","P2","/agency-operations","Blog / guide / use-case page","agency operations software","agency process management","New","Mapped to new page","Consolidated under the closest authoritative problem/solution owner."
"agency client onboarding process","Problem Aware","Informational / Commercial Investigation","P2","/agency-operations","Blog / guide / use-case page","agency operations software","agency client onboarding process","New","Mapped to new page","Consolidated under the closest authoritative problem/solution owner."
"client onboarding for agencies","Problem Aware","Informational / Commercial Investigation","P2","/agency-operations","Blog / guide / use-case page","agency operations software","client onboarding for agencies","New","Mapped to new page","Consolidated under the closest authoritative problem/solution owner."
"agency client onboarding checklist","Problem Aware","Informational / Commercial Investigation","P2","/agency-operations","Blog / guide / use-case page","agency operations software","agency client onboarding checklist","New","Mapped to new page","Consolidated under the closest authoritative problem/solution owner."
"marketing agency onboarding checklist","Problem Aware","Informational / Commercial Investigation","P2","/agency-operations","Blog / guide / use-case page","agency operations software","marketing agency onboarding checklist","New","Mapped to new page","Consolidated under the closest authoritative problem/solution owner."
"client onboarding software for agencies","Problem Aware","Informational / Commercial Investigation","P2","/agency-operations","Blog / guide / use-case page","agency operations software","client onboarding software for agencies","New","Mapped to new page","Consolidated under the closest authoritative problem/solution owner."
"automate client onboarding","Problem Aware","Informational / Commercial Investigation","P2","/agency-operations","Blog / guide / use-case page","agency operations software","automate client onboarding","New","Mapped to new page","Consolidated under the closest authoritative problem/solution owner."
"agency project workflow","Problem Aware","Informational / Commercial Investigation","P2","/agency-operations","Blog / guide / use-case page","agency operations software","agency project workflow","New","Mapped to new page","Consolidated under the closest authoritative problem/solution owner."
"agency invoicing process","Problem Aware","Informational / Commercial Investigation","P2","/agency-operations","Blog / guide / use-case page","agency operations software","agency invoicing process","New","Mapped to new page","Consolidated under the closest authoritative problem/solution owner."
"agency billing process","Problem Aware","Informational / Commercial Investigation","P2","/agency-operations","Blog / guide / use-case page","agency operations software","agency billing process","New","Mapped to new page","Consolidated under the closest authoritative problem/solution owner."
"how to track unpaid invoices","Problem Aware","Informational / Commercial Investigation","P2","/agency-invoicing","Blog / guide / use-case page","agency invoicing software","how to track unpaid invoices","New","Mapped to new page","Consolidated under the closest authoritative problem/solution owner."
"reduce overdue invoices","Problem Aware","Informational / Commercial Investigation","P2","/agency-invoicing","Blog / guide / use-case page","agency invoicing software","reduce overdue invoices","New","Mapped to new page","Consolidated under the closest authoritative problem/solution owner."
"invoice tracking for agencies","Problem Aware","Informational / Commercial Investigation","P2","/agency-invoicing","Blog / guide / use-case page","agency invoicing software","invoice tracking for agencies","New","Mapped to new page","Consolidated under the closest authoritative problem/solution owner."
"managing agency retainers","Problem Aware","Informational / Commercial Investigation","P2","/agency-operations","Blog / guide / use-case page","agency operations software","managing agency retainers","New","Mapped to new page","Consolidated under the closest authoritative problem/solution owner."
"manage retainer clients","Problem Aware","Informational / Commercial Investigation","P2","/agency-operations","Blog / guide / use-case page","agency operations software","manage retainer clients","New","Mapped to new page","Consolidated under the closest authoritative problem/solution owner."
"retainer management software","Problem Aware","Informational / Commercial Investigation","P2","/agency-operations","Blog / guide / use-case page","agency operations software","retainer management software","New","Mapped to new page","Consolidated under the closest authoritative problem/solution owner."
"monthly retainer management software","Problem Aware","Informational / Commercial Investigation","P2","/agency-operations","Blog / guide / use-case page","agency operations software","monthly retainer management software","New","Mapped to new page","Consolidated under the closest authoritative problem/solution owner."
"agency client communication software","Client Communication","Commercial / Informational","P2","/blog/client-communication-best-practices","Use-case / feature page","client communication best practices","agency client communication software","Existing","Mapped to existing page","Existing educational article; links to the client portal hub."
"client communication software","Client Communication","Commercial / Informational","P2","/blog/client-communication-best-practices","Use-case / feature page","client communication best practices","client communication software","Existing","Mapped to existing page","Existing educational article; links to the client portal hub."
"client communication platform","Client Communication","Commercial / Informational","P2","/blog/client-communication-best-practices","Use-case / feature page","client communication best practices","client communication platform","Existing","Mapped to existing page","Existing educational article; links to the client portal hub."
"client collaboration software","Client Communication","Commercial / Informational","P2","/blog/client-communication-best-practices","Use-case / feature page","client communication best practices","client collaboration software","Existing","Mapped to existing page","Existing educational article; links to the client portal hub."
"agency collaboration software","Client Communication","Commercial / Informational","P2","/blog/client-communication-best-practices","Use-case / feature page","client communication best practices","agency collaboration software","Existing","Mapped to existing page","Existing educational article; links to the client portal hub."
"client collaboration platform","Client Communication","Commercial / Informational","P2","/blog/client-communication-best-practices","Use-case / feature page","client communication best practices","client collaboration platform","Existing","Mapped to existing page","Existing educational article; links to the client portal hub."
"agency client collaboration","Client Communication","Commercial / Informational","P2","/blog/client-communication-best-practices","Use-case / feature page","client communication best practices","agency client collaboration","Existing","Mapped to existing page","Existing educational article; links to the client portal hub."
"project communication with clients","Client Communication","Commercial / Informational","P2","/blog/client-communication-best-practices","Use-case / feature page","client communication best practices","project communication with clients","Existing","Mapped to existing page","Existing educational article; links to the client portal hub."
"client project communication software","Client Communication","Commercial / Informational","P2","/blog/client-communication-best-practices","Use-case / feature page","client communication best practices","client project communication software","Existing","Mapped to existing page","Existing educational article; links to the client portal hub."
"client feedback software for agencies","Client Communication","Commercial / Informational","P2","/blog/client-communication-best-practices","Use-case / feature page","client communication best practices","client feedback software for agencies","Existing","Mapped to existing page","Existing educational article; links to the client portal hub."
"client approval software","Client Communication","Commercial / Informational","P2","/blog/client-communication-best-practices","Use-case / feature page","client communication best practices","client approval software","Existing","Mapped to existing page","Existing educational article; links to the client portal hub."
"client comments project management","Client Communication","Commercial / Informational","P2","/blog/client-communication-best-practices","Use-case / feature page","client communication best practices","client comments project management","Existing","Mapped to existing page","Existing educational article; links to the client portal hub."
"centralize client communication","Client Communication","Commercial / Informational","P2","/blog/client-communication-best-practices","Use-case / feature page","client communication best practices","centralize client communication","Existing","Mapped to existing page","Existing educational article; links to the client portal hub."
"manage client feedback","Client Communication","Commercial / Informational","P2","/blog/client-communication-best-practices","Use-case / feature page","client communication best practices","manage client feedback","Existing","Mapped to existing page","Existing educational article; links to the client portal hub."
"agency feedback management","Client Communication","Commercial / Informational","P2","/blog/client-communication-best-practices","Use-case / feature page","client communication best practices","agency feedback management","Existing","Mapped to existing page","Existing educational article; links to the client portal hub."
"client status update software","Client Communication","Commercial / Informational","P2","/blog/client-communication-best-practices","Use-case / feature page","client communication best practices","client status update software","Existing","Mapped to existing page","Existing educational article; links to the client portal hub."
"client project update software","Client Communication","Commercial / Informational","P2","/blog/client-communication-best-practices","Use-case / feature page","client communication best practices","client project update software","Existing","Mapped to existing page","Existing educational article; links to the client portal hub."
"automated client status updates","Client Communication","Commercial / Informational","P2","/blog/client-communication-best-practices","Use-case / feature page","client communication best practices","automated client status updates","Existing","Mapped to existing page","Existing educational article; links to the client portal hub."
"client progress tracking portal","Client Communication","Commercial / Informational","P2","/blog/client-communication-best-practices","Use-case / feature page","client communication best practices","client progress tracking portal","Existing","Mapped to existing page","Existing educational article; links to the client portal hub."
"project progress portal for clients","Client Communication","Commercial / Informational","P2","/blog/client-communication-best-practices","Use-case / feature page","client communication best practices","project progress portal for clients","Existing","Mapped to existing page","Existing educational article; links to the client portal hub."
"agency account management software","Team & Account Management","Commercial","P3","/client-management-software","Feature / use-case page","agency account management","agency account management software","New","Mapped to new page","Mapped to the closest factual product workflow."
"account management software for agencies","Team & Account Management","Commercial","P3","/client-management-software","Feature / use-case page","agency account management","account management software for agencies","New","Mapped to new page","Mapped to the closest factual product workflow."
"client account management software","Team & Account Management","Commercial","P3","/client-management-software","Feature / use-case page","agency account management","client account management software","New","Mapped to new page","Mapped to the closest factual product workflow."
"agency team management software","Team & Account Management","Commercial","P3","/features/team-collaboration","Feature / use-case page","agency team management","agency team management software","Existing","Mapped to existing page","Mapped to the closest factual product workflow."
"team management software for agencies","Team & Account Management","Commercial","P3","/features/team-collaboration","Feature / use-case page","agency team management","team management software for agencies","Existing","Mapped to existing page","Mapped to the closest factual product workflow."
"agency workload management","Team & Account Management","Commercial","P3","/features/team-collaboration","Feature / use-case page","agency team management","agency workload management","Existing","Mapped to existing page","Mapped to the closest factual product workflow."
"agency team collaboration","Team & Account Management","Commercial","P3","/features/team-collaboration","Feature / use-case page","agency team management","agency team collaboration","Existing","Mapped to existing page","Mapped to the closest factual product workflow."
"client account tracking software","Team & Account Management","Commercial","P3","/client-management-software","Feature / use-case page","agency account management","client account tracking software","New","Mapped to new page","Mapped to the closest factual product workflow."
"agency staff management software","Team & Account Management","Commercial","P3","/features/team-collaboration","Feature / use-case page","agency team management","agency staff management software","Existing","Mapped to existing page","Mapped to the closest factual product workflow."
"role based agency software","Team & Account Management","Commercial","P3","/features/team-collaboration","Feature / use-case page","agency team management","role based agency software","Existing","Mapped to existing page","Mapped to the closest factual product workflow."
"agency permissions software","Team & Account Management","Commercial","P3","/features/team-collaboration","Feature / use-case page","agency team management","agency permissions software","Existing","Mapped to existing page","Mapped to the closest factual product workflow."
"client permissions software","Team & Account Management","Commercial","P3","/features/team-collaboration","Feature / use-case page","agency team management","client permissions software","Existing","Mapped to existing page","Mapped to the closest factual product workflow."
"contractor project management for agencies","Team & Account Management","Commercial","P3","/features/team-collaboration","Feature / use-case page","agency team management","contractor project management for agencies","Existing","Mapped to existing page","Mapped to the closest factual product workflow."
"agency team dashboard","Team & Account Management","Commercial","P3","/features/team-collaboration","Feature / use-case page","agency team management","agency team dashboard","Existing","Mapped to existing page","Mapped to the closest factual product workflow."
"agency dashboard software","Reporting & Dashboards","Commercial","P3","/features/reporting","Feature / use-case page","agency reporting software","agency dashboard software","Existing","Mapped to existing page","Existing feature page owns reporting/dashboard evaluation intent."
"agency management dashboard","Reporting & Dashboards","Commercial","P3","/features/reporting","Feature / use-case page","agency reporting software","agency management dashboard","Existing","Mapped to existing page","Existing feature page owns reporting/dashboard evaluation intent."
"agency operations dashboard","Reporting & Dashboards","Commercial","P3","/features/reporting","Feature / use-case page","agency reporting software","agency operations dashboard","Existing","Mapped to existing page","Existing feature page owns reporting/dashboard evaluation intent."
"client management dashboard","Reporting & Dashboards","Commercial","P3","/features/reporting","Feature / use-case page","agency reporting software","client management dashboard","Existing","Mapped to existing page","Existing feature page owns reporting/dashboard evaluation intent."
"agency KPI dashboard","Reporting & Dashboards","Commercial","P3","/features/reporting","Feature / use-case page","agency reporting software","agency KPI dashboard","Existing","Mapped to existing page","Existing feature page owns reporting/dashboard evaluation intent."
"agency reporting software","Reporting & Dashboards","Commercial","P3","/features/reporting","Feature / use-case page","agency reporting software","","Existing","Mapped to existing page","Existing feature page owns reporting/dashboard evaluation intent."
"client reporting software","Reporting & Dashboards","Commercial","P3","/features/reporting","Feature / use-case page","agency reporting software","client reporting software","Existing","Mapped to existing page","Existing feature page owns reporting/dashboard evaluation intent."
"project reporting software for agencies","Reporting & Dashboards","Commercial","P3","/features/reporting","Feature / use-case page","agency reporting software","project reporting software for agencies","Existing","Mapped to existing page","Existing feature page owns reporting/dashboard evaluation intent."
"marketing agency dashboard software","Reporting & Dashboards","Commercial","P3","/features/reporting","Feature / use-case page","agency reporting software","marketing agency dashboard software","Existing","Mapped to existing page","Existing feature page owns reporting/dashboard evaluation intent."
"digital agency dashboard","Reporting & Dashboards","Commercial","P3","/features/reporting","Feature / use-case page","agency reporting software","digital agency dashboard","Existing","Mapped to existing page","Existing feature page owns reporting/dashboard evaluation intent."
"creative agency dashboard","Reporting & Dashboards","Commercial","P3","/features/reporting","Feature / use-case page","agency reporting software","creative agency dashboard","Existing","Mapped to existing page","Existing feature page owns reporting/dashboard evaluation intent."
"agency performance dashboard","Reporting & Dashboards","Commercial","P3","/features/reporting","Feature / use-case page","agency reporting software","agency performance dashboard","Existing","Mapped to existing page","Existing feature page owns reporting/dashboard evaluation intent."
"project status dashboard","Reporting & Dashboards","Commercial","P3","/features/reporting","Feature / use-case page","agency reporting software","project status dashboard","Existing","Mapped to existing page","Existing feature page owns reporting/dashboard evaluation intent."
"client status dashboard","Reporting & Dashboards","Commercial","P3","/features/reporting","Feature / use-case page","agency reporting software","client status dashboard","Existing","Mapped to existing page","Existing feature page owns reporting/dashboard evaluation intent."
"agency client dashboard","Reporting & Dashboards","Commercial","P3","/features/reporting","Feature / use-case page","agency reporting software","agency client dashboard","Existing","Mapped to existing page","Existing feature page owns reporting/dashboard evaluation intent."
"agency business dashboard","Reporting & Dashboards","Commercial","P3","/features/reporting","Feature / use-case page","agency reporting software","agency business dashboard","Existing","Mapped to existing page","Existing feature page owns reporting/dashboard evaluation intent."
"best agency software","Best / BOFU","Commercial Investigation","P1","/blog/best-agency-software","Best-of comparison article","best agency software","","New","Mapped to future content","Balanced best-of article in P2 editorial backlog; evaluation criteria and disclosure required."
"best agency management tools","Best / BOFU","Commercial Investigation","P1","/blog/best-agency-management-tools","Best-of comparison article","best agency management tools","","New","Mapped to future content","Balanced best-of article in P2 editorial backlog; evaluation criteria and disclosure required."
"best software for agencies","Best / BOFU","Commercial Investigation","P1","/blog/best-software-for-agencies","Best-of comparison article","best software for agencies","","New","Mapped to future content","Balanced best-of article in P2 editorial backlog; evaluation criteria and disclosure required."
"best agency CRM software","Best / BOFU","Commercial Investigation","P1","/blog/best-agency-crm-software","Best-of comparison article","best agency CRM software","","New","Mapped to future content","Balanced best-of article in P2 editorial backlog; evaluation criteria and disclosure required."
"best CRM for marketing agencies","Best / BOFU","Commercial Investigation","P1","/blog/best-crm-for-marketing-agencies","Best-of comparison article","best CRM for marketing agencies","","New","Mapped to future content","Balanced best-of article in P2 editorial backlog; evaluation criteria and disclosure required."
"best CRM for digital agencies","Best / BOFU","Commercial Investigation","P1","/blog/best-crm-for-digital-agencies","Best-of comparison article","best CRM for digital agencies","","New","Mapped to future content","Balanced best-of article in P2 editorial backlog; evaluation criteria and disclosure required."
"best CRM for creative agencies","Best / BOFU","Commercial Investigation","P1","/blog/best-crm-for-creative-agencies","Best-of comparison article","best CRM for creative agencies","","New","Mapped to future content","Balanced best-of article in P2 editorial backlog; evaluation criteria and disclosure required."
"best client management software for agencies","Best / BOFU","Commercial Investigation","P1","/blog/best-client-management-software-for-agencies","Best-of comparison article","best client management software for agencies","","New","Mapped to future content","Balanced best-of article in P2 editorial backlog; evaluation criteria and disclosure required."
"best client portal software","Best / BOFU","Commercial Investigation","P1","/blog/best-client-portal-software","Best-of comparison article","best client portal software","","New","Mapped to future content","Balanced best-of article in P2 editorial backlog; evaluation criteria and disclosure required."
"best invoicing software for agencies","Best / BOFU","Commercial Investigation","P1","/blog/best-invoicing-software-for-agencies","Best-of comparison article","best invoicing software for agencies","","New","Mapped to future content","Balanced best-of article in P2 editorial backlog; evaluation criteria and disclosure required."
"best marketing agency software","Best / BOFU","Commercial Investigation","P1","/blog/best-marketing-agency-software","Best-of comparison article","best marketing agency software","","New","Mapped to future content","Balanced best-of article in P2 editorial backlog; evaluation criteria and disclosure required."
"best digital agency software","Best / BOFU","Commercial Investigation","P1","/blog/best-digital-agency-software","Best-of comparison article","best digital agency software","","New","Mapped to future content","Balanced best-of article in P2 editorial backlog; evaluation criteria and disclosure required."
"best creative agency software","Best / BOFU","Commercial Investigation","P1","/blog/best-creative-agency-software","Best-of comparison article","best creative agency software","","New","Mapped to future content","Balanced best-of article in P2 editorial backlog; evaluation criteria and disclosure required."
"best software for small agencies","Best / BOFU","Commercial Investigation","P1","/blog/best-software-for-small-agencies","Best-of comparison article","best software for small agencies","","New","Mapped to future content","Balanced best-of article in P2 editorial backlog; evaluation criteria and disclosure required."
"best freelancer management software","Best / BOFU","Commercial Investigation","P1","/blog/best-freelancer-management-software","Best-of comparison article","best freelancer management software","","New","Mapped to future content","Balanced best-of article in P2 editorial backlog; evaluation criteria and disclosure required."
"best client management software for freelancers","Best / BOFU","Commercial Investigation","P1","/blog/best-client-management-software-for-freelancers","Best-of comparison article","best client management software for freelancers","","New","Mapped to future content","Balanced best-of article in P2 editorial backlog; evaluation criteria and disclosure required."
"best project management software for freelancers","Best / BOFU","Commercial Investigation","P1","/blog/best-project-management-software-for-freelancers","Best-of comparison article","best project management software for freelancers","","New","Mapped to future content","Balanced best-of article in P2 editorial backlog; evaluation criteria and disclosure required."
"ClickUp alternative","Competitor Alternatives - ClickUp","Commercial Investigation","P1","/compare/clickup","Alternative / comparison page","Sarion vs clickup","ClickUp alternative","Existing","Mapped to existing page","Existing factual comparison page; alternative terms consolidate here to avoid duplicate intent."
"ClickUp alternatives","Competitor Alternatives - ClickUp","Commercial Investigation","P1","/compare/clickup","Alternative / comparison page","Sarion vs clickup","ClickUp alternatives","Existing","Mapped to existing page","Existing factual comparison page; alternative terms consolidate here to avoid duplicate intent."
"best ClickUp alternative","Competitor Alternatives - ClickUp","Commercial Investigation","P1","/compare/clickup","Alternative / comparison page","Sarion vs clickup","best ClickUp alternative","Existing","Mapped to existing page","Existing factual comparison page; alternative terms consolidate here to avoid duplicate intent."
"ClickUp alternative for agencies","Competitor Alternatives - ClickUp","Commercial Investigation","P1","/compare/clickup","Alternative / comparison page","Sarion vs clickup","ClickUp alternative for agencies","Existing","Mapped to existing page","Existing factual comparison page; alternative terms consolidate here to avoid duplicate intent."
"ClickUp alternative for marketing agencies","Competitor Alternatives - ClickUp","Commercial Investigation","P1","/compare/clickup","Alternative / comparison page","Sarion vs clickup","ClickUp alternative for marketing agencies","Existing","Mapped to existing page","Existing factual comparison page; alternative terms consolidate here to avoid duplicate intent."
"ClickUp alternative for client management","Competitor Alternatives - ClickUp","Commercial Investigation","P1","/compare/clickup","Alternative / comparison page","Sarion vs clickup","ClickUp alternative for client management","Existing","Mapped to existing page","Existing factual comparison page; alternative terms consolidate here to avoid duplicate intent."
"ClickUp alternative with client portal","Competitor Alternatives - ClickUp","Commercial Investigation","P1","/compare/clickup","Alternative / comparison page","Sarion vs clickup","ClickUp alternative with client portal","Existing","Mapped to existing page","Existing factual comparison page; alternative terms consolidate here to avoid duplicate intent."
"ClickUp alternative with invoicing","Competitor Alternatives - ClickUp","Commercial Investigation","P1","/compare/clickup","Alternative / comparison page","Sarion vs clickup","ClickUp alternative with invoicing","Existing","Mapped to existing page","Existing factual comparison page; alternative terms consolidate here to avoid duplicate intent."
"ClickUp vs agency management software","Competitor Alternatives - ClickUp","Commercial Investigation","P1","/compare/clickup","Alternative / comparison page","Sarion vs clickup","ClickUp vs agency management software","Existing","Mapped to existing page","Existing factual comparison page; alternative terms consolidate here to avoid duplicate intent."
"ClickUp for agencies","Competitor Alternatives - ClickUp","Commercial Investigation","P1","/compare/clickup","Alternative / comparison page","Sarion vs clickup","ClickUp for agencies","Existing","Mapped to existing page","Existing factual comparison page; alternative terms consolidate here to avoid duplicate intent."
"ClickUp agency alternative","Competitor Alternatives - ClickUp","Commercial Investigation","P1","/compare/clickup","Alternative / comparison page","Sarion vs clickup","ClickUp agency alternative","Existing","Mapped to existing page","Existing factual comparison page; alternative terms consolidate here to avoid duplicate intent."
"Asana alternative","Competitor Alternatives - Asana","Commercial Investigation","P1","/compare/asana","Alternative / comparison page","Sarion vs asana","Asana alternative","Existing","Mapped to existing page","Existing factual comparison page; alternative terms consolidate here to avoid duplicate intent."
"Asana alternatives","Competitor Alternatives - Asana","Commercial Investigation","P1","/compare/asana","Alternative / comparison page","Sarion vs asana","Asana alternatives","Existing","Mapped to existing page","Existing factual comparison page; alternative terms consolidate here to avoid duplicate intent."
"Asana alternative for agencies","Competitor Alternatives - Asana","Commercial Investigation","P1","/compare/asana","Alternative / comparison page","Sarion vs asana","Asana alternative for agencies","Existing","Mapped to existing page","Existing factual comparison page; alternative terms consolidate here to avoid duplicate intent."
"Asana alternative for marketing agencies","Competitor Alternatives - Asana","Commercial Investigation","P1","/compare/asana","Alternative / comparison page","Sarion vs asana","Asana alternative for marketing agencies","Existing","Mapped to existing page","Existing factual comparison page; alternative terms consolidate here to avoid duplicate intent."
"Asana alternative with client portal","Competitor Alternatives - Asana","Commercial Investigation","P1","/compare/asana","Alternative / comparison page","Sarion vs asana","Asana alternative with client portal","Existing","Mapped to existing page","Existing factual comparison page; alternative terms consolidate here to avoid duplicate intent."
"Asana alternative with invoicing","Competitor Alternatives - Asana","Commercial Investigation","P1","/compare/asana","Alternative / comparison page","Sarion vs asana","Asana alternative with invoicing","Existing","Mapped to existing page","Existing factual comparison page; alternative terms consolidate here to avoid duplicate intent."
"Asana for agencies","Competitor Alternatives - Asana","Commercial Investigation","P1","/compare/asana","Alternative / comparison page","Sarion vs asana","Asana for agencies","Existing","Mapped to existing page","Existing factual comparison page; alternative terms consolidate here to avoid duplicate intent."
"Asana agency alternative","Competitor Alternatives - Asana","Commercial Investigation","P1","/compare/asana","Alternative / comparison page","Sarion vs asana","Asana agency alternative","Existing","Mapped to existing page","Existing factual comparison page; alternative terms consolidate here to avoid duplicate intent."
"monday.com alternative","Competitor Alternatives - Monday","Commercial Investigation","P1","/compare/monday","Alternative / comparison page","Sarion vs monday","monday.com alternative","Existing","Mapped to existing page","Existing factual comparison page; alternative terms consolidate here to avoid duplicate intent."
"Monday alternative for agencies","Competitor Alternatives - Monday","Commercial Investigation","P1","/compare/monday","Alternative / comparison page","Sarion vs monday","Monday alternative for agencies","Existing","Mapped to existing page","Existing factual comparison page; alternative terms consolidate here to avoid duplicate intent."
"monday CRM alternative","Competitor Alternatives - Monday","Commercial Investigation","P1","/compare/monday","Alternative / comparison page","Sarion vs monday","monday CRM alternative","Existing","Mapped to existing page","Existing factual comparison page; alternative terms consolidate here to avoid duplicate intent."
"Monday alternative with client portal","Competitor Alternatives - Monday","Commercial Investigation","P1","/compare/monday","Alternative / comparison page","Sarion vs monday","Monday alternative with client portal","Existing","Mapped to existing page","Existing factual comparison page; alternative terms consolidate here to avoid duplicate intent."
"Monday agency management alternative","Competitor Alternatives - Monday","Commercial Investigation","P1","/compare/monday","Alternative / comparison page","Sarion vs monday","Monday agency management alternative","Existing","Mapped to existing page","Existing factual comparison page; alternative terms consolidate here to avoid duplicate intent."
"Monday.com for agencies","Competitor Alternatives - Monday","Commercial Investigation","P1","/compare/monday","Alternative / comparison page","Sarion vs monday","Monday.com for agencies","Existing","Mapped to existing page","Existing factual comparison page; alternative terms consolidate here to avoid duplicate intent."
"Notion alternative","Competitor Alternatives - Notion","Commercial Investigation","P1","/compare/notion","Alternative / comparison page","Sarion vs notion","Notion alternative","Existing","Mapped to existing page","Existing factual comparison page; alternative terms consolidate here to avoid duplicate intent."
"Notion alternative for agencies","Competitor Alternatives - Notion","Commercial Investigation","P1","/compare/notion","Alternative / comparison page","Sarion vs notion","Notion alternative for agencies","Existing","Mapped to existing page","Existing factual comparison page; alternative terms consolidate here to avoid duplicate intent."
"Notion CRM alternative","Competitor Alternatives - Notion","Commercial Investigation","P1","/compare/notion","Alternative / comparison page","Sarion vs notion","Notion CRM alternative","Existing","Mapped to existing page","Existing factual comparison page; alternative terms consolidate here to avoid duplicate intent."
"Notion client management alternative","Competitor Alternatives - Notion","Commercial Investigation","P1","/compare/notion","Alternative / comparison page","Sarion vs notion","Notion client management alternative","Existing","Mapped to existing page","Existing factual comparison page; alternative terms consolidate here to avoid duplicate intent."
"Notion agency management alternative","Competitor Alternatives - Notion","Commercial Investigation","P1","/compare/notion","Alternative / comparison page","Sarion vs notion","Notion agency management alternative","Existing","Mapped to existing page","Existing factual comparison page; alternative terms consolidate here to avoid duplicate intent."
"Notion alternative with invoicing","Competitor Alternatives - Notion","Commercial Investigation","P1","/compare/notion","Alternative / comparison page","Sarion vs notion","Notion alternative with invoicing","Existing","Mapped to existing page","Existing factual comparison page; alternative terms consolidate here to avoid duplicate intent."
"Notion alternative with client portal","Competitor Alternatives - Notion","Commercial Investigation","P1","/compare/notion","Alternative / comparison page","Sarion vs notion","Notion alternative with client portal","Existing","Mapped to existing page","Existing factual comparison page; alternative terms consolidate here to avoid duplicate intent."
"HubSpot alternative","Competitor Alternatives - HubSpot","Commercial Investigation","P1","/compare/hubspot","Alternative / comparison page","Sarion vs hubspot","HubSpot alternative","Existing","Mapped to existing page","Existing factual comparison page; alternative terms consolidate here to avoid duplicate intent."
"HubSpot CRM alternative","Competitor Alternatives - HubSpot","Commercial Investigation","P1","/compare/hubspot","Alternative / comparison page","Sarion vs hubspot","HubSpot CRM alternative","Existing","Mapped to existing page","Existing factual comparison page; alternative terms consolidate here to avoid duplicate intent."
"HubSpot alternative for agencies","Competitor Alternatives - HubSpot","Commercial Investigation","P1","/compare/hubspot","Alternative / comparison page","Sarion vs hubspot","HubSpot alternative for agencies","Existing","Mapped to existing page","Existing factual comparison page; alternative terms consolidate here to avoid duplicate intent."
"HubSpot alternative for small agencies","Competitor Alternatives - HubSpot","Commercial Investigation","P1","/compare/hubspot","Alternative / comparison page","Sarion vs hubspot","HubSpot alternative for small agencies","Existing","Mapped to existing page","Existing factual comparison page; alternative terms consolidate here to avoid duplicate intent."
"cheaper HubSpot alternative","Competitor Alternatives - HubSpot","Commercial Investigation","P1","/compare/hubspot","Alternative / comparison page","Sarion vs hubspot","cheaper HubSpot alternative","Existing","Mapped to existing page","Existing factual comparison page; alternative terms consolidate here to avoid duplicate intent."
"simple HubSpot alternative","Competitor Alternatives - HubSpot","Commercial Investigation","P1","/compare/hubspot","Alternative / comparison page","Sarion vs hubspot","simple HubSpot alternative","Existing","Mapped to existing page","Existing factual comparison page; alternative terms consolidate here to avoid duplicate intent."
"HubSpot client management alternative","Competitor Alternatives - HubSpot","Commercial Investigation","P1","/compare/hubspot","Alternative / comparison page","Sarion vs hubspot","HubSpot client management alternative","Existing","Mapped to existing page","Existing factual comparison page; alternative terms consolidate here to avoid duplicate intent."
"HubSpot alternative with project management","Competitor Alternatives - HubSpot","Commercial Investigation","P1","/compare/hubspot","Alternative / comparison page","Sarion vs hubspot","HubSpot alternative with project management","Existing","Mapped to existing page","Existing factual comparison page; alternative terms consolidate here to avoid duplicate intent."
"HubSpot alternative with client portal","Competitor Alternatives - HubSpot","Commercial Investigation","P1","/compare/hubspot","Alternative / comparison page","Sarion vs hubspot","HubSpot alternative with client portal","Existing","Mapped to existing page","Existing factual comparison page; alternative terms consolidate here to avoid duplicate intent."
"Zoho CRM alternative","Competitor Alternatives - Zoho CRM","Commercial Investigation","P1","/compare/zoho-crm","Alternative / comparison page","Sarion vs zoho CRM","Zoho CRM alternative","Existing","Mapped to existing page","Existing factual comparison page; alternative terms consolidate here to avoid duplicate intent."
"Zoho alternative for agencies","Competitor Alternatives - Zoho CRM","Commercial Investigation","P1","/compare/zoho-crm","Alternative / comparison page","Sarion vs zoho CRM","Zoho alternative for agencies","Existing","Mapped to existing page","Existing factual comparison page; alternative terms consolidate here to avoid duplicate intent."
"simpler Zoho CRM alternative","Competitor Alternatives - Zoho CRM","Commercial Investigation","P1","/compare/zoho-crm","Alternative / comparison page","Sarion vs zoho CRM","simpler Zoho CRM alternative","Existing","Mapped to existing page","Existing factual comparison page; alternative terms consolidate here to avoid duplicate intent."
"Zoho CRM alternative for small business","Competitor Alternatives - Zoho CRM","Commercial Investigation","P1","/compare/zoho-crm","Alternative / comparison page","Sarion vs zoho CRM","Zoho CRM alternative for small business","Existing","Mapped to existing page","Existing factual comparison page; alternative terms consolidate here to avoid duplicate intent."
"Zoho CRM alternative with project management","Competitor Alternatives - Zoho CRM","Commercial Investigation","P1","/compare/zoho-crm","Alternative / comparison page","Sarion vs zoho CRM","Zoho CRM alternative with project management","Existing","Mapped to existing page","Existing factual comparison page; alternative terms consolidate here to avoid duplicate intent."
"Zoho CRM agency alternative","Competitor Alternatives - Zoho CRM","Commercial Investigation","P1","/compare/zoho-crm","Alternative / comparison page","Sarion vs zoho CRM","Zoho CRM agency alternative","Existing","Mapped to existing page","Existing factual comparison page; alternative terms consolidate here to avoid duplicate intent."
"Teamwork alternative","Competitor Alternatives - Expansion","Commercial Investigation","P1","/compare/teamwork","Alternative page","Sarion vs teamwork","Teamwork alternative","New","Mapped to future content","P2 comparison requires current, sourced competitor verification before publication."
"Teamwork alternatives","Competitor Alternatives - Expansion","Commercial Investigation","P1","/compare/teamwork","Alternative page","Sarion vs teamwork","Teamwork alternatives","New","Mapped to future content","P2 comparison requires current, sourced competitor verification before publication."
"Teamwork alternative for agencies","Competitor Alternatives - Expansion","Commercial Investigation","P1","/compare/teamwork","Alternative page","Sarion vs teamwork","Teamwork alternative for agencies","New","Mapped to future content","P2 comparison requires current, sourced competitor verification before publication."
"Productive.io alternative","Competitor Alternatives - Expansion","Commercial Investigation","P1","/compare/productive","Alternative page","Sarion vs productive","Productive.io alternative","New","Mapped to future content","P2 comparison requires current, sourced competitor verification before publication."
"Productive alternative for agencies","Competitor Alternatives - Expansion","Commercial Investigation","P1","/compare/productive","Alternative page","Sarion vs productive","Productive alternative for agencies","New","Mapped to future content","P2 comparison requires current, sourced competitor verification before publication."
"Scoro alternative","Competitor Alternatives - Expansion","Commercial Investigation","P1","/compare/scoro","Alternative page","Sarion vs scoro","Scoro alternative","New","Mapped to future content","P2 comparison requires current, sourced competitor verification before publication."
"Scoro alternatives","Competitor Alternatives - Expansion","Commercial Investigation","P1","/compare/scoro","Alternative page","Sarion vs scoro","Scoro alternatives","New","Mapped to future content","P2 comparison requires current, sourced competitor verification before publication."
"cheaper Scoro alternative","Competitor Alternatives - Expansion","Commercial Investigation","P1","/compare/scoro","Alternative page","Sarion vs scoro","cheaper Scoro alternative","New","Mapped to future content","P2 comparison requires current, sourced competitor verification before publication."
"Accelo alternative","Competitor Alternatives - Expansion","Commercial Investigation","P1","/compare/accelo","Alternative page","Sarion vs accelo","Accelo alternative","New","Mapped to future content","P2 comparison requires current, sourced competitor verification before publication."
"Accelo alternatives","Competitor Alternatives - Expansion","Commercial Investigation","P1","/compare/accelo","Alternative page","Sarion vs accelo","Accelo alternatives","New","Mapped to future content","P2 comparison requires current, sourced competitor verification before publication."
"Workamajig alternative","Competitor Alternatives - Expansion","Commercial Investigation","P1","/compare","Alternative page","agency software comparisons","Workamajig alternative","Existing","Mapped to existing page","Comparison hub owns broad evaluation intent."
"Function Point alternative","Competitor Alternatives - Expansion","Commercial Investigation","P1","/compare","Alternative page","agency software comparisons","Function Point alternative","Existing","Mapped to existing page","Comparison hub owns broad evaluation intent."
"Kantata alternative","Competitor Alternatives - Expansion","Commercial Investigation","P1","/compare","Alternative page","agency software comparisons","Kantata alternative","Existing","Mapped to existing page","Comparison hub owns broad evaluation intent."
"SuiteDash alternative","Competitor Alternatives - Expansion","Commercial Investigation","P1","/compare/suitedash","Alternative page","Sarion vs suitedash","SuiteDash alternative","New","Mapped to future content","P2 comparison requires current, sourced competitor verification before publication."
"SuiteDash alternatives","Competitor Alternatives - Expansion","Commercial Investigation","P1","/compare/suitedash","Alternative page","Sarion vs suitedash","SuiteDash alternatives","New","Mapped to future content","P2 comparison requires current, sourced competitor verification before publication."
"SuiteDash alternative for agencies","Competitor Alternatives - Expansion","Commercial Investigation","P1","/compare/suitedash","Alternative page","Sarion vs suitedash","SuiteDash alternative for agencies","New","Mapped to future content","P2 comparison requires current, sourced competitor verification before publication."
"ManyRequests alternative","Competitor Alternatives - Expansion","Commercial Investigation","P1","/compare/manyrequests","Alternative page","Sarion vs manyrequests","ManyRequests alternative","New","Mapped to future content","P2 comparison requires current, sourced competitor verification before publication."
"ManyRequests alternatives","Competitor Alternatives - Expansion","Commercial Investigation","P1","/compare/manyrequests","Alternative page","Sarion vs manyrequests","ManyRequests alternatives","New","Mapped to future content","P2 comparison requires current, sourced competitor verification before publication."
"Kitchen.co alternative","Competitor Alternatives - Expansion","Commercial Investigation","P1","/compare","Alternative page","agency software comparisons","Kitchen.co alternative","Existing","Mapped to existing page","Comparison hub owns broad evaluation intent."
"ClientVenue alternative","Competitor Alternatives - Expansion","Commercial Investigation","P1","/compare","Alternative page","agency software comparisons","ClientVenue alternative","Existing","Mapped to existing page","Comparison hub owns broad evaluation intent."
"AgencyPro alternative","Competitor Alternatives - Expansion","Commercial Investigation","P1","/compare","Alternative page","agency software comparisons","AgencyPro alternative","Existing","Mapped to existing page","Comparison hub owns broad evaluation intent."
"Agency Handy alternative","Competitor Alternatives - Expansion","Commercial Investigation","P1","/compare","Alternative page","agency software comparisons","Agency Handy alternative","Existing","Mapped to existing page","Comparison hub owns broad evaluation intent."
"Plutio alternative","Competitor Alternatives - Expansion","Commercial Investigation","P1","/compare/plutio","Alternative page","Sarion vs plutio","Plutio alternative","New","Mapped to future content","P2 comparison requires current, sourced competitor verification before publication."
"Plutio alternatives","Competitor Alternatives - Expansion","Commercial Investigation","P1","/compare/plutio","Alternative page","Sarion vs plutio","Plutio alternatives","New","Mapped to future content","P2 comparison requires current, sourced competitor verification before publication."
"HoneyBook alternative","Competitor Alternatives - Expansion","Commercial Investigation","P1","/compare/honeybook","Alternative page","Sarion vs honeybook","HoneyBook alternative","New","Mapped to future content","P2 comparison requires current, sourced competitor verification before publication."
"HoneyBook alternative for agencies","Competitor Alternatives - Expansion","Commercial Investigation","P1","/compare/honeybook","Alternative page","Sarion vs honeybook","HoneyBook alternative for agencies","New","Mapped to future content","P2 comparison requires current, sourced competitor verification before publication."
"Dubsado alternative","Competitor Alternatives - Expansion","Commercial Investigation","P1","/compare/dubsado","Alternative page","Sarion vs dubsado","Dubsado alternative","New","Mapped to future content","P2 comparison requires current, sourced competitor verification before publication."
"Bonsai alternative","Competitor Alternatives - Expansion","Commercial Investigation","P1","/compare/bonsai","Alternative page","Sarion vs bonsai","Bonsai alternative","New","Mapped to future content","P2 comparison requires current, sourced competitor verification before publication."
"Clientjoy alternative","Competitor Alternatives - Expansion","Commercial Investigation","P1","/compare/clientjoy","Alternative page","Sarion vs clientjoy","Clientjoy alternative","New","Mapped to future content","P2 comparison requires current, sourced competitor verification before publication."
"Flowlu alternative","Competitor Alternatives - Expansion","Commercial Investigation","P1","/compare","Alternative page","agency software comparisons","Flowlu alternative","Existing","Mapped to existing page","Comparison hub owns broad evaluation intent."
"Copilot client portal alternative","Competitor Alternatives - Expansion","Commercial Investigation","P1","/compare","Alternative page","agency software comparisons","Copilot client portal alternative","Existing","Mapped to existing page","Comparison hub owns broad evaluation intent."
"Moxo alternative","Competitor Alternatives - Expansion","Commercial Investigation","P1","/compare","Alternative page","agency software comparisons","Moxo alternative","Existing","Mapped to existing page","Comparison hub owns broad evaluation intent."
"Sarion vs ClickUp","Sarion Comparisons","Transactional / Commercial Investigation","P1","/compare/clickup","Brand comparison page","Sarion vs clickup","Sarion vs ClickUp","Existing","Mapped to existing page","Existing factual comparison page; alternative terms consolidate here to avoid duplicate intent."
"Sarion vs Asana","Sarion Comparisons","Transactional / Commercial Investigation","P1","/compare/asana","Brand comparison page","Sarion vs asana","Sarion vs Asana","Existing","Mapped to existing page","Existing factual comparison page; alternative terms consolidate here to avoid duplicate intent."
"Sarion vs Monday","Sarion Comparisons","Transactional / Commercial Investigation","P1","/compare/monday","Brand comparison page","Sarion vs monday","Sarion vs Monday","Existing","Mapped to existing page","Existing factual comparison page; alternative terms consolidate here to avoid duplicate intent."
"Sarion vs Notion","Sarion Comparisons","Transactional / Commercial Investigation","P1","/compare/notion","Brand comparison page","Sarion vs notion","Sarion vs Notion","Existing","Mapped to existing page","Existing factual comparison page; alternative terms consolidate here to avoid duplicate intent."
"Sarion vs HubSpot","Sarion Comparisons","Transactional / Commercial Investigation","P1","/compare/hubspot","Brand comparison page","Sarion vs hubspot","Sarion vs HubSpot","Existing","Mapped to existing page","Existing factual comparison page; alternative terms consolidate here to avoid duplicate intent."
"Sarion vs Zoho CRM","Sarion Comparisons","Transactional / Commercial Investigation","P1","/compare/zoho-crm","Brand comparison page","Sarion vs zoho CRM","Sarion vs Zoho CRM","Existing","Mapped to existing page","Existing factual comparison page; alternative terms consolidate here to avoid duplicate intent."
"Sarion vs Teamwork","Sarion Comparisons","Transactional / Commercial Investigation","P1","/compare/teamwork","Brand comparison page","Sarion vs teamwork","Sarion vs Teamwork","New","Mapped to future content","P2 comparison requires current, sourced competitor verification before publication."
"Sarion vs Productive","Sarion Comparisons","Transactional / Commercial Investigation","P1","/compare/productive","Brand comparison page","Sarion vs productive","Sarion vs Productive","New","Mapped to future content","P2 comparison requires current, sourced competitor verification before publication."
"Sarion vs Scoro","Sarion Comparisons","Transactional / Commercial Investigation","P1","/compare/scoro","Brand comparison page","Sarion vs scoro","Sarion vs Scoro","New","Mapped to future content","P2 comparison requires current, sourced competitor verification before publication."
"Sarion vs Accelo","Sarion Comparisons","Transactional / Commercial Investigation","P1","/compare/accelo","Brand comparison page","Sarion vs accelo","Sarion vs Accelo","New","Mapped to future content","P2 comparison requires current, sourced competitor verification before publication."
"Sarion vs SuiteDash","Sarion Comparisons","Transactional / Commercial Investigation","P1","/compare/suitedash","Brand comparison page","Sarion vs suitedash","Sarion vs SuiteDash","New","Mapped to future content","P2 comparison requires current, sourced competitor verification before publication."
"Sarion vs ManyRequests","Sarion Comparisons","Transactional / Commercial Investigation","P1","/compare/manyrequests","Brand comparison page","Sarion vs manyrequests","Sarion vs ManyRequests","New","Mapped to future content","P2 comparison requires current, sourced competitor verification before publication."
"Sarion vs HoneyBook","Sarion Comparisons","Transactional / Commercial Investigation","P1","/compare/honeybook","Brand comparison page","Sarion vs honeybook","Sarion vs HoneyBook","New","Mapped to future content","P2 comparison requires current, sourced competitor verification before publication."
"Sarion vs Dubsado","Sarion Comparisons","Transactional / Commercial Investigation","P1","/compare/dubsado","Brand comparison page","Sarion vs dubsado","Sarion vs Dubsado","New","Mapped to future content","P2 comparison requires current, sourced competitor verification before publication."
"Sarion vs Bonsai","Sarion Comparisons","Transactional / Commercial Investigation","P1","/compare/bonsai","Brand comparison page","Sarion vs bonsai","Sarion vs Bonsai","New","Mapped to future content","P2 comparison requires current, sourced competitor verification before publication."
"Sarion vs Plutio","Sarion Comparisons","Transactional / Commercial Investigation","P1","/compare/plutio","Brand comparison page","Sarion vs plutio","Sarion vs Plutio","New","Mapped to future content","P2 comparison requires current, sourced competitor verification before publication."
"Sarion vs Clientjoy","Sarion Comparisons","Transactional / Commercial Investigation","P1","/compare/clientjoy","Brand comparison page","Sarion vs clientjoy","Sarion vs Clientjoy","New","Mapped to future content","P2 comparison requires current, sourced competitor verification before publication."
"ClickUp vs Asana for agencies","Competitor vs Competitor","Commercial Investigation","P2","/blog/clickup-vs-asana-for-agencies","Comparison article","ClickUp vs Asana for agencies","","New","Mapped to future content","P3 editorial comparison; requires source refresh immediately before publication."
"ClickUp vs Teamwork for agencies","Competitor vs Competitor","Commercial Investigation","P2","/blog/clickup-vs-teamwork-for-agencies","Comparison article","ClickUp vs Teamwork for agencies","","New","Mapped to future content","P3 editorial comparison; requires source refresh immediately before publication."
"Teamwork vs Productive","Competitor vs Competitor","Commercial Investigation","P2","/blog/teamwork-vs-productive","Comparison article","Teamwork vs Productive","","New","Mapped to future content","P3 editorial comparison; requires source refresh immediately before publication."
"Productive vs Scoro","Competitor vs Competitor","Commercial Investigation","P2","/blog/productive-vs-scoro","Comparison article","Productive vs Scoro","","New","Mapped to future content","P3 editorial comparison; requires source refresh immediately before publication."
"SuiteDash vs ManyRequests","Competitor vs Competitor","Commercial Investigation","P2","/blog/suitedash-vs-manyrequests","Comparison article","SuiteDash vs ManyRequests","","New","Mapped to future content","P3 editorial comparison; requires source refresh immediately before publication."
"HoneyBook vs Dubsado","Competitor vs Competitor","Commercial Investigation","P2","/blog/honeybook-vs-dubsado","Comparison article","HoneyBook vs Dubsado","","New","Mapped to future content","P3 editorial comparison; requires source refresh immediately before publication."
"HoneyBook vs Bonsai","Competitor vs Competitor","Commercial Investigation","P2","/blog/honeybook-vs-bonsai","Comparison article","HoneyBook vs Bonsai","","New","Mapped to future content","P3 editorial comparison; requires source refresh immediately before publication."
"HubSpot vs Zoho for agencies","Competitor vs Competitor","Commercial Investigation","P2","/blog/hubspot-vs-zoho-for-agencies","Comparison article","HubSpot vs Zoho for agencies","","New","Mapped to future content","P3 editorial comparison; requires source refresh immediately before publication."
"replace multiple agency tools","Tool Consolidation","Commercial Investigation","P1","/agency-operations","Use-case / commercial page","agency operations software","replace multiple agency tools","New","Mapped to new page","Agency-operations and consolidation owner."
"all in one alternative to ClickUp and QuickBooks","Tool Consolidation","Commercial Investigation","P1","/agency-operations","Use-case / commercial page","agency operations software","all in one alternative to ClickUp and QuickBooks","New","Mapped to new page","Agency-operations and consolidation owner."
"CRM project management invoicing in one","Tool Consolidation","Commercial Investigation","P1","/agency-operations","Use-case / commercial page","agency operations software","CRM project management invoicing in one","New","Mapped to new page","Agency-operations and consolidation owner."
"CRM project management client portal","Tool Consolidation","Commercial Investigation","P1","/agency-operations","Use-case / commercial page","agency operations software","CRM project management client portal","New","Mapped to new page","Agency-operations and consolidation owner."
"CRM project management invoicing platform","Tool Consolidation","Commercial Investigation","P1","/agency-operations","Use-case / commercial page","agency operations software","CRM project management invoicing platform","New","Mapped to new page","Agency-operations and consolidation owner."
"project management CRM invoicing software","Tool Consolidation","Commercial Investigation","P1","/agency-operations","Use-case / commercial page","agency operations software","project management CRM invoicing software","New","Mapped to new page","Agency-operations and consolidation owner."
"client management project management invoicing software","Tool Consolidation","Commercial Investigation","P1","/agency-operations","Use-case / commercial page","agency operations software","client management project management invoicing software","New","Mapped to new page","Agency-operations and consolidation owner."
"CRM client portal invoicing software","Tool Consolidation","Commercial Investigation","P1","/agency-operations","Use-case / commercial page","agency operations software","CRM client portal invoicing software","New","Mapped to new page","Agency-operations and consolidation owner."
"all in one client management software","Tool Consolidation","Commercial Investigation","P1","/agency-operations","Use-case / commercial page","agency operations software","all in one client management software","New","Mapped to new page","Agency-operations and consolidation owner."
"all in one client portal software","Tool Consolidation","Commercial Investigation","P1","/agency-operations","Use-case / commercial page","agency operations software","all in one client portal software","New","Mapped to new page","Agency-operations and consolidation owner."
"all in one agency platform","Tool Consolidation","Commercial Investigation","P1","/agency-operations","Use-case / commercial page","agency operations software","all in one agency platform","New","Mapped to new page","Agency-operations and consolidation owner."
"agency software with everything in one place","Tool Consolidation","Commercial Investigation","P1","/agency-operations","Use-case / commercial page","agency operations software","agency software with everything in one place","New","Mapped to new page","Agency-operations and consolidation owner."
"one platform for agency management","Tool Consolidation","Commercial Investigation","P1","/agency-operations","Use-case / commercial page","agency operations software","one platform for agency management","New","Mapped to new page","Agency-operations and consolidation owner."
"consolidate agency software","Tool Consolidation","Commercial Investigation","P1","/agency-operations","Use-case / commercial page","agency operations software","consolidate agency software","New","Mapped to new page","Agency-operations and consolidation owner."
"agency tool consolidation","Tool Consolidation","Commercial Investigation","P1","/agency-operations","Use-case / commercial page","agency operations software","agency tool consolidation","New","Mapped to new page","Agency-operations and consolidation owner."
"replace agency spreadsheets","Tool Consolidation","Commercial Investigation","P1","/agency-operations","Use-case / commercial page","agency operations software","replace agency spreadsheets","New","Mapped to new page","Agency-operations and consolidation owner."
"agency spreadsheet alternative","Tool Consolidation","Commercial Investigation","P1","/agency-operations","Use-case / commercial page","agency operations software","agency spreadsheet alternative","New","Mapped to new page","Agency-operations and consolidation owner."
"CRM spreadsheet alternative","Tool Consolidation","Commercial Investigation","P1","/agency-operations","Use-case / commercial page","agency operations software","CRM spreadsheet alternative","New","Mapped to new page","Agency-operations and consolidation owner."
"client management spreadsheet alternative","Tool Consolidation","Commercial Investigation","P1","/agency-operations","Use-case / commercial page","agency operations software","client management spreadsheet alternative","New","Mapped to new page","Agency-operations and consolidation owner."
"agency management software pricing","Pricing Intent","Transactional","P1","/pricing","Pricing / commercial landing page","agency management software pricing","","Existing","Mapped to existing page","Live plan source of truth; pricing must not be duplicated in generated copy."
"agency CRM pricing","Pricing Intent","Transactional","P1","/pricing","Pricing / commercial landing page","agency management software pricing","agency CRM pricing","Existing","Mapped to existing page","Live plan source of truth; pricing must not be duplicated in generated copy."
"client portal software pricing","Pricing Intent","Transactional","P1","/pricing","Pricing / commercial landing page","agency management software pricing","client portal software pricing","Existing","Mapped to existing page","Live plan source of truth; pricing must not be duplicated in generated copy."
"agency project management software pricing","Pricing Intent","Transactional","P1","/pricing","Pricing / commercial landing page","agency management software pricing","agency project management software pricing","Existing","Mapped to existing page","Live plan source of truth; pricing must not be duplicated in generated copy."
"cheapest agency management software","Pricing Intent","Transactional","P1","/pricing","Pricing / commercial landing page","agency management software pricing","cheapest agency management software","Existing","Mapped to existing page","Live plan source of truth; pricing must not be duplicated in generated copy."
"agency software under $50","Pricing Intent","Transactional","P1","/pricing","Pricing / commercial landing page","agency management software pricing","agency software under $50","Existing","Mapped to existing page","Live plan source of truth; pricing must not be duplicated in generated copy."
"agency software $50 month","Pricing Intent","Transactional","P1","/pricing","Pricing / commercial landing page","agency management software pricing","agency software $50 month","Existing","Mapped to existing page","Live plan source of truth; pricing must not be duplicated in generated copy."
"free client portal software","Pricing Intent","Transactional","P1","/pricing","Pricing / commercial landing page","agency management software pricing","free client portal software","Existing","Mapped to existing page","Live plan source of truth; pricing must not be duplicated in generated copy."
"free CRM with client portal","Pricing Intent","Transactional","P1","/pricing","Pricing / commercial landing page","agency management software pricing","free CRM with client portal","Existing","Mapped to existing page","Live plan source of truth; pricing must not be duplicated in generated copy."
"free project management CRM","Pricing Intent","Transactional","P1","/pricing","Pricing / commercial landing page","agency management software pricing","free project management CRM","Existing","Mapped to existing page","Live plan source of truth; pricing must not be duplicated in generated copy."
"agency CRM free trial","Pricing Intent","Transactional","P1","/pricing","Pricing / commercial landing page","agency management software pricing","agency CRM free trial","Existing","Mapped to existing page","Live plan source of truth; pricing must not be duplicated in generated copy."
"client portal free trial","Pricing Intent","Transactional","P1","/pricing","Pricing / commercial landing page","agency management software pricing","client portal free trial","Existing","Mapped to existing page","Live plan source of truth; pricing must not be duplicated in generated copy."
"no credit card agency software","Pricing Intent","Transactional","P1","/pricing","Pricing / commercial landing page","agency management software pricing","no credit card agency software","Existing","Mapped to existing page","Live plan source of truth; pricing must not be duplicated in generated copy."
"agency CRM no credit card","Pricing Intent","Transactional","P1","/pricing","Pricing / commercial landing page","agency management software pricing","agency CRM no credit card","Existing","Mapped to existing page","Live plan source of truth; pricing must not be duplicated in generated copy."
"client portal no credit card required","Pricing Intent","Transactional","P1","/pricing","Pricing / commercial landing page","agency management software pricing","client portal no credit card required","Existing","Mapped to existing page","Live plan source of truth; pricing must not be duplicated in generated copy."
"CRM with client portal and invoicing","Feature Combinations","Commercial","P1","/agency-crm","Feature-combination landing page","agency CRM","CRM with client portal and invoicing","New","Mapped to new page","Authoritative post-sale agency CRM hub."
"CRM with project management client portal","Feature Combinations","Commercial","P1","/agency-crm","Feature-combination landing page","agency CRM","CRM with project management client portal","New","Mapped to new page","Authoritative post-sale agency CRM hub."
"CRM invoicing project management client portal","Feature Combinations","Commercial","P1","/agency-crm","Feature-combination landing page","agency CRM","CRM invoicing project management client portal","New","Mapped to new page","Authoritative post-sale agency CRM hub."
"project management with invoicing","Feature Combinations","Commercial","P1","/agency-operations","Feature-combination landing page","agency operations software","project management with invoicing","New","Mapped to new page","Combination variants consolidate under one authoritative workflow page to prevent cannibalization."
"project management with CRM","Feature Combinations","Commercial","P1","/agency-crm","Feature-combination landing page","agency CRM","project management with CRM","New","Mapped to new page","Authoritative post-sale agency CRM hub."
"client management with invoicing","Feature Combinations","Commercial","P1","/agency-operations","Feature-combination landing page","agency operations software","client management with invoicing","New","Mapped to new page","Combination variants consolidate under one authoritative workflow page to prevent cannibalization."
"client management with project tracking","Feature Combinations","Commercial","P1","/agency-operations","Feature-combination landing page","agency operations software","client management with project tracking","New","Mapped to new page","Combination variants consolidate under one authoritative workflow page to prevent cannibalization."
"client management with portal","Feature Combinations","Commercial","P1","/client-portal","Feature-combination landing page","client portal for agencies","client management with portal","New","Mapped to new page","Combination variants consolidate under one authoritative workflow page to prevent cannibalization."
"client portal with invoice tracking","Feature Combinations","Commercial","P1","/agency-crm","Feature-combination landing page","agency CRM","client portal with invoice tracking","New","Mapped to new page","Combination variants consolidate under one authoritative workflow page to prevent cannibalization."
"client portal with project updates","Feature Combinations","Commercial","P1","/client-portal","Feature-combination landing page","client portal for agencies","client portal with project updates","New","Mapped to new page","Combination variants consolidate under one authoritative workflow page to prevent cannibalization."
"agency CRM with task management","Feature Combinations","Commercial","P1","/agency-crm","Feature-combination landing page","agency CRM","agency CRM with task management","New","Mapped to new page","Authoritative post-sale agency CRM hub."
"agency CRM with invoice tracking","Feature Combinations","Commercial","P1","/agency-crm","Feature-combination landing page","agency CRM","agency CRM with invoice tracking","New","Mapped to new page","Authoritative post-sale agency CRM hub."
"agency CRM with client dashboard","Feature Combinations","Commercial","P1","/agency-crm","Feature-combination landing page","agency CRM","agency CRM with client dashboard","New","Mapped to new page","Authoritative post-sale agency CRM hub."
"all in one CRM and project management software","Feature Combinations","Commercial","P1","/agency-crm","Feature-combination landing page","agency CRM","all in one CRM and project management software","New","Mapped to new page","Authoritative post-sale agency CRM hub."
"CRM PM invoicing software","Feature Combinations","Commercial","P1","/agency-crm","Feature-combination landing page","agency CRM","CRM PM invoicing software","New","Mapped to new page","Authoritative post-sale agency CRM hub."
"CRM project invoice management software","Feature Combinations","Commercial","P1","/agency-crm","Feature-combination landing page","agency CRM","CRM project invoice management software","New","Mapped to new page","Authoritative post-sale agency CRM hub."
"when to switch agency management software","Switching / Migration","Commercial Investigation","P2","/guides/when-to-switch-agency-management-software","Migration / alternative content","when to switch agency management software","","New","Mapped to future content","Migration guide requires a verified import workflow and competitor-specific fact check."
"agency software migration","Switching / Migration","Commercial Investigation","P2","/guides/agency-software-migration","Migration / alternative content","agency software migration","","New","Mapped to future content","Migration guide requires a verified import workflow and competitor-specific fact check."
"migrate agency CRM","Switching / Migration","Commercial Investigation","P2","/guides/migrate-agency-crm","Migration / alternative content","migrate agency CRM","","New","Mapped to future content","Migration guide requires a verified import workflow and competitor-specific fact check."
"migrate from spreadsheets to CRM","Switching / Migration","Commercial Investigation","P2","/blog/signs-your-agency-has-outgrown-spreadsheets","Migration / alternative content","migrate from spreadsheets to CRM","","Existing","Mapped to existing page","Existing spreadsheet migration article supports the operations hub."
"move agency from spreadsheets","Switching / Migration","Commercial Investigation","P2","/blog/signs-your-agency-has-outgrown-spreadsheets","Migration / alternative content","move agency from spreadsheets","","Existing","Mapped to existing page","Existing spreadsheet migration article supports the operations hub."
"replace spreadsheets with agency software","Switching / Migration","Commercial Investigation","P2","/blog/signs-your-agency-has-outgrown-spreadsheets","Migration / alternative content","replace spreadsheets with agency software","","Existing","Mapped to existing page","Existing spreadsheet migration article supports the operations hub."
"move from ClickUp to agency software","Switching / Migration","Commercial Investigation","P2","/guides/move-from-clickup-to-agency-software","Migration / alternative content","move from ClickUp to agency software","","New","Mapped to future content","Migration guide requires a verified import workflow and competitor-specific fact check."
"move from Notion to CRM","Switching / Migration","Commercial Investigation","P2","/guides/move-from-notion-to-crm","Migration / alternative content","move from Notion to CRM","","New","Mapped to future content","Migration guide requires a verified import workflow and competitor-specific fact check."
"migrate from HubSpot","Switching / Migration","Commercial Investigation","P2","/guides/migrate-from-hubspot","Migration / alternative content","migrate from HubSpot","","New","Mapped to future content","Migration guide requires a verified import workflow and competitor-specific fact check."
"HubSpot too expensive alternative","Switching / Migration","Commercial Investigation","P2","/guides/hubspot-too-expensive-alternative","Migration / alternative content","HubSpot too expensive alternative","","New","Mapped to future content","Migration guide requires a verified import workflow and competitor-specific fact check."
"ClickUp too complicated alternative","Switching / Migration","Commercial Investigation","P2","/guides/clickup-too-complicated-alternative","Migration / alternative content","ClickUp too complicated alternative","","New","Mapped to future content","Migration guide requires a verified import workflow and competitor-specific fact check."
"Asana alternative for client work","Switching / Migration","Commercial Investigation","P2","/guides/asana-alternative-for-client-work","Migration / alternative content","Asana alternative for client work","","New","Mapped to future content","Migration guide requires a verified import workflow and competitor-specific fact check."
"Monday alternative for agency","Switching / Migration","Commercial Investigation","P2","/guides/monday-alternative-for-agency","Migration / alternative content","Monday alternative for agency","","New","Mapped to future content","Migration guide requires a verified import workflow and competitor-specific fact check."
"agency software without setup","Switching / Migration","Commercial Investigation","P2","/guides/agency-software-without-setup","Migration / alternative content","agency software without setup","","New","Mapped to future content","Migration guide requires a verified import workflow and competitor-specific fact check."
"easy to set up agency CRM","Switching / Migration","Commercial Investigation","P2","/guides/easy-to-set-up-agency-crm","Migration / alternative content","easy to set up agency CRM","","New","Mapped to future content","Migration guide requires a verified import workflow and competitor-specific fact check."
"CRM for agencies without sales pipeline","Switching / Migration","Commercial Investigation","P2","/guides/crm-for-agencies-without-sales-pipeline","Migration / alternative content","CRM for agencies without sales pipeline","","New","Mapped to future content","Migration guide requires a verified import workflow and competitor-specific fact check."
"CRM without sales pipeline","Switching / Migration","Commercial Investigation","P2","/guides/crm-without-sales-pipeline","Migration / alternative content","CRM without sales pipeline","","New","Mapped to future content","Migration guide requires a verified import workflow and competitor-specific fact check."
"simple CRM without sales features","Switching / Migration","Commercial Investigation","P2","/guides/simple-crm-without-sales-features","Migration / alternative content","simple CRM without sales features","","New","Mapped to future content","Migration guide requires a verified import workflow and competitor-specific fact check."
"CRM focused on existing clients","Switching / Migration","Commercial Investigation","P2","/guides/crm-focused-on-existing-clients","Migration / alternative content","CRM focused on existing clients","","New","Mapped to future content","Migration guide requires a verified import workflow and competitor-specific fact check."
"CRM for post sale client management","Switching / Migration","Commercial Investigation","P2","/guides/crm-for-post-sale-client-management","Migration / alternative content","CRM for post sale client management","","New","Mapped to future content","Migration guide requires a verified import workflow and competitor-specific fact check."
"what is agency management software","Informational - Agency Management","Informational","P2","/","Blog / guide","agency management software","what is agency management software","Existing","Mapped to existing page","Homepage owns the global agency-management category; no duplicate exact-match page."
"what does agency management software do","Informational - Agency Management","Informational","P2","/","Blog / guide","agency management software","what does agency management software do","Existing","Mapped to existing page","Homepage owns the global agency-management category; no duplicate exact-match page."
"how agency management software works","Informational - Agency Management","Informational","P2","/","Blog / guide","agency management software","how agency management software works","Existing","Mapped to existing page","Homepage owns the global agency-management category; no duplicate exact-match page."
"benefits of agency management software","Informational - Agency Management","Informational","P2","/","Blog / guide","agency management software","benefits of agency management software","Existing","Mapped to existing page","Homepage owns the global agency-management category; no duplicate exact-match page."
"agency management software features","Informational - Agency Management","Informational","P2","/","Blog / guide","agency management software","agency management software features","Existing","Mapped to existing page","Homepage owns the global agency-management category; no duplicate exact-match page."
"agency management system examples","Informational - Agency Management","Informational","P2","/","Blog / guide","agency management software","agency management system examples","Existing","Mapped to existing page","Homepage owns the global agency-management category; no duplicate exact-match page."
"agency management tools","Informational - Agency Management","Informational","P2","/","Blog / guide","agency management software","agency management tools","Existing","Mapped to existing page","Homepage owns the global agency-management category; no duplicate exact-match page."
"agency operations tools","Informational - Agency Management","Informational","P2","/","Blog / guide","agency management software","agency operations tools","Existing","Mapped to existing page","Homepage owns the global agency-management category; no duplicate exact-match page."
"what is an agency CRM","Informational - CRM","Informational","P2","/agency-crm","Blog / guide","agency CRM","what is an agency CRM","New","Mapped to new page","Authoritative post-sale agency CRM hub."
"agency CRM meaning","Informational - CRM","Informational","P2","/agency-crm","Blog / guide","agency CRM","agency CRM meaning","New","Mapped to new page","Authoritative post-sale agency CRM hub."
"agency CRM features","Informational - CRM","Informational","P2","/agency-crm","Blog / guide","agency CRM","agency CRM features","New","Mapped to new page","Authoritative post-sale agency CRM hub."
"why agencies need CRM","Informational - CRM","Informational","P2","/agency-crm","Blog / guide","agency CRM","why agencies need CRM","New","Mapped to new page","Authoritative post-sale agency CRM hub."
"how to choose agency CRM","Informational - CRM","Informational","P2","/agency-crm","Blog / guide","agency CRM","how to choose agency CRM","New","Mapped to new page","Authoritative post-sale agency CRM hub."
"agency CRM vs traditional CRM","Informational - CRM","Informational","P2","/agency-crm","Blog / guide","agency CRM","agency CRM vs traditional CRM","New","Mapped to new page","Authoritative post-sale agency CRM hub."
"agency CRM vs project management","Informational - CRM","Informational","P2","/agency-crm","Blog / guide","agency CRM","agency CRM vs project management","New","Mapped to new page","Authoritative post-sale agency CRM hub."
"CRM vs project management for agencies","Informational - CRM","Informational","P2","/agency-crm","Blog / guide","agency CRM","CRM vs project management for agencies","New","Mapped to new page","Authoritative post-sale agency CRM hub."
"CRM vs spreadsheets for agencies","Informational - CRM","Informational","P2","/agency-crm","Blog / guide","agency CRM","CRM vs spreadsheets for agencies","New","Mapped to new page","Authoritative post-sale agency CRM hub."
"what is a client portal","Informational - Client Portal","Informational","P2","/client-portal","Blog / guide","client portal for agencies","what is a client portal","New","Mapped to new page","Authoritative client portal hub; /features/client-portal supports product-detail intent."
"what is client portal software","Informational - Client Portal","Informational","P2","/client-portal","Blog / guide","client portal for agencies","what is client portal software","New","Mapped to new page","Authoritative client portal hub; /features/client-portal supports product-detail intent."
"client portal examples","Informational - Client Portal","Informational","P2","/client-portal","Blog / guide","client portal for agencies","client portal examples","New","Mapped to new page","Authoritative client portal hub; /features/client-portal supports product-detail intent."
"client portal features","Informational - Client Portal","Informational","P2","/client-portal","Blog / guide","client portal for agencies","client portal features","New","Mapped to new page","Authoritative client portal hub; /features/client-portal supports product-detail intent."
"client portal benefits","Informational - Client Portal","Informational","P2","/client-portal","Blog / guide","client portal for agencies","client portal benefits","New","Mapped to new page","Authoritative client portal hub; /features/client-portal supports product-detail intent."
"why agencies need client portals","Informational - Client Portal","Informational","P2","/client-portal","Blog / guide","client portal for agencies","why agencies need client portals","New","Mapped to new page","Authoritative client portal hub; /features/client-portal supports product-detail intent."
"client portal vs email","Informational - Client Portal","Informational","P2","/client-portal","Blog / guide","client portal for agencies","client portal vs email","New","Mapped to new page","Authoritative client portal hub; /features/client-portal supports product-detail intent."
"client portal vs shared drive","Informational - Client Portal","Informational","P2","/client-portal","Blog / guide","client portal for agencies","client portal vs shared drive","New","Mapped to new page","Authoritative client portal hub; /features/client-portal supports product-detail intent."
"client portal vs project management software","Informational - Client Portal","Informational","P2","/client-portal","Blog / guide","client portal for agencies","client portal vs project management software","New","Mapped to new page","Authoritative client portal hub; /features/client-portal supports product-detail intent."
"how to create client portal","Informational - Client Portal","Informational","P2","/client-portal","Blog / guide","client portal for agencies","how to create client portal","New","Mapped to new page","Authoritative client portal hub; /features/client-portal supports product-detail intent."
"how to set up client portal","Informational - Client Portal","Informational","P2","/client-portal","Blog / guide","client portal for agencies","how to set up client portal","New","Mapped to new page","Authoritative client portal hub; /features/client-portal supports product-detail intent."
"what should a client portal include","Informational - Client Portal","Informational","P2","/client-portal","Blog / guide","client portal for agencies","what should a client portal include","New","Mapped to new page","Authoritative client portal hub; /features/client-portal supports product-detail intent."
"agency project management best practices","Informational - Project Management","Informational","P2","/project-management-for-agencies","Blog / guide","project management software for agencies","agency project management best practices","New","Mapped to new page","Authoritative agency project-management hub."
"creative agency workflow","Informational - Project Management","Informational","P2","/project-management-for-agencies","Blog / guide","project management software for agencies","creative agency workflow","New","Mapped to new page","Authoritative agency project-management hub."
"project workflow for agencies","Informational - Project Management","Informational","P2","/project-management-for-agencies","Blog / guide","project management software for agencies","project workflow for agencies","New","Mapped to new page","Authoritative agency project-management hub."
"manage multiple client projects","Informational - Project Management","Informational","P2","/project-management-for-agencies","Blog / guide","project management software for agencies","manage multiple client projects","New","Mapped to new page","Authoritative agency project-management hub."
"agency project management process","Informational - Project Management","Informational","P2","/project-management-for-agencies","Blog / guide","project management software for agencies","agency project management process","New","Mapped to new page","Authoritative agency project-management hub."
"client onboarding","Client Onboarding","Informational / Commercial","P2","/use-cases/client-onboarding","Use-case hub + guides","agency client onboarding","client onboarding","New","Mapped to future content","P2 differentiated use-case hub; checklist intent is already covered by the blog."
"client onboarding software","Client Onboarding","Informational / Commercial","P2","/use-cases/client-onboarding","Use-case hub + guides","agency client onboarding","client onboarding software","New","Mapped to future content","P2 differentiated use-case hub; checklist intent is already covered by the blog."
"customer onboarding software","Client Onboarding","Informational / Commercial","P2","/use-cases/client-onboarding","Use-case hub + guides","agency client onboarding","customer onboarding software","New","Mapped to future content","P2 differentiated use-case hub; checklist intent is already covered by the blog."
"agency client onboarding","Client Onboarding","Informational / Commercial","P2","/use-cases/client-onboarding","Use-case hub + guides","agency client onboarding","","New","Mapped to future content","P2 differentiated use-case hub; checklist intent is already covered by the blog."
"marketing agency client onboarding","Client Onboarding","Informational / Commercial","P2","/use-cases/client-onboarding","Use-case hub + guides","agency client onboarding","marketing agency client onboarding","New","Mapped to future content","P2 differentiated use-case hub; checklist intent is already covered by the blog."
"digital agency client onboarding","Client Onboarding","Informational / Commercial","P2","/use-cases/client-onboarding","Use-case hub + guides","agency client onboarding","digital agency client onboarding","New","Mapped to future content","P2 differentiated use-case hub; checklist intent is already covered by the blog."
"creative agency client onboarding","Client Onboarding","Informational / Commercial","P2","/use-cases/client-onboarding","Use-case hub + guides","agency client onboarding","creative agency client onboarding","New","Mapped to future content","P2 differentiated use-case hub; checklist intent is already covered by the blog."
"freelancer client onboarding","Client Onboarding","Informational / Commercial","P2","/use-cases/client-onboarding","Use-case hub + guides","agency client onboarding","freelancer client onboarding","New","Mapped to future content","P2 differentiated use-case hub; checklist intent is already covered by the blog."
"consultant client onboarding","Client Onboarding","Informational / Commercial","P2","/use-cases/client-onboarding","Use-case hub + guides","agency client onboarding","consultant client onboarding","New","Mapped to future content","P2 differentiated use-case hub; checklist intent is already covered by the blog."
"client onboarding checklist","Client Onboarding","Informational / Commercial","P2","/blog/how-to-onboard-a-new-client-checklist","Use-case hub + guides","agency client onboarding","client onboarding checklist","Existing","Mapped to existing page","Homepage owns the global agency-management category; no duplicate exact-match page."
"digital marketing client onboarding checklist","Client Onboarding","Informational / Commercial","P2","/blog/how-to-onboard-a-new-client-checklist","Use-case hub + guides","agency client onboarding","digital marketing client onboarding checklist","Existing","Mapped to existing page","Homepage owns the global agency-management category; no duplicate exact-match page."
"new client onboarding process","Client Onboarding","Informational / Commercial","P2","/use-cases/client-onboarding","Use-case hub + guides","agency client onboarding","new client onboarding process","New","Mapped to future content","P2 differentiated use-case hub; checklist intent is already covered by the blog."
"client onboarding workflow","Client Onboarding","Informational / Commercial","P2","/use-cases/client-onboarding","Use-case hub + guides","agency client onboarding","client onboarding workflow","New","Mapped to future content","P2 differentiated use-case hub; checklist intent is already covered by the blog."
"agency onboarding workflow","Client Onboarding","Informational / Commercial","P2","/use-cases/client-onboarding","Use-case hub + guides","agency client onboarding","agency onboarding workflow","New","Mapped to future content","P2 differentiated use-case hub; checklist intent is already covered by the blog."
"client onboarding automation","Client Onboarding","Informational / Commercial","P2","/use-cases/client-onboarding","Use-case hub + guides","agency client onboarding","client onboarding automation","New","Mapped to future content","P2 differentiated use-case hub; checklist intent is already covered by the blog."
"client onboarding portal","Client Onboarding","Informational / Commercial","P2","/use-cases/client-onboarding","Use-case hub + guides","agency client onboarding","client onboarding portal","New","Mapped to future content","P2 differentiated use-case hub; checklist intent is already covered by the blog."
"client onboarding CRM","Client Onboarding","Informational / Commercial","P2","/use-cases/client-onboarding","Use-case hub + guides","agency client onboarding","client onboarding CRM","New","Mapped to future content","P2 differentiated use-case hub; checklist intent is already covered by the blog."
"client retainer management software","Retainer Management","Commercial / Informational","P2","/use-cases/retainer-management","Use-case page + guides","retainer management software","client retainer management software","New","Mapped to future content","P2 use-case page pending product-claim review."
"agency retainer management software","Retainer Management","Commercial / Informational","P2","/use-cases/retainer-management","Use-case page + guides","retainer management software","agency retainer management software","New","Mapped to future content","P2 use-case page pending product-claim review."
"retainer tracking software","Retainer Management","Commercial / Informational","P2","/use-cases/retainer-management","Use-case page + guides","retainer management software","retainer tracking software","New","Mapped to future content","P2 use-case page pending product-claim review."
"monthly retainer software","Retainer Management","Commercial / Informational","P2","/use-cases/retainer-management","Use-case page + guides","retainer management software","monthly retainer software","New","Mapped to future content","P2 use-case page pending product-claim review."
"agency retainer software","Retainer Management","Commercial / Informational","P2","/use-cases/retainer-management","Use-case page + guides","retainer management software","agency retainer software","New","Mapped to future content","P2 use-case page pending product-claim review."
"marketing agency retainer management","Retainer Management","Commercial / Informational","P2","/use-cases/retainer-management","Use-case page + guides","retainer management software","marketing agency retainer management","New","Mapped to future content","P2 use-case page pending product-claim review."
"SEO retainer management","Retainer Management","Commercial / Informational","P2","/use-cases/retainer-management","Use-case page + guides","retainer management software","SEO retainer management","New","Mapped to future content","P2 use-case page pending product-claim review."
"manage monthly clients","Retainer Management","Commercial / Informational","P2","/use-cases/retainer-management","Use-case page + guides","retainer management software","manage monthly clients","New","Mapped to future content","P2 use-case page pending product-claim review."
"manage recurring agency clients","Retainer Management","Commercial / Informational","P2","/use-cases/retainer-management","Use-case page + guides","retainer management software","manage recurring agency clients","New","Mapped to future content","P2 use-case page pending product-claim review."
"recurring client management software","Retainer Management","Commercial / Informational","P2","/use-cases/retainer-management","Use-case page + guides","retainer management software","recurring client management software","New","Mapped to future content","P2 use-case page pending product-claim review."
"retainer client management","Retainer Management","Commercial / Informational","P2","/use-cases/retainer-management","Use-case page + guides","retainer management software","retainer client management","New","Mapped to future content","P2 use-case page pending product-claim review."
"retainer project management","Retainer Management","Commercial / Informational","P2","/use-cases/retainer-management","Use-case page + guides","retainer management software","retainer project management","New","Mapped to future content","P2 use-case page pending product-claim review."
"agency recurring billing management","Retainer Management","Commercial / Informational","P2","/use-cases/retainer-management","Use-case page + guides","retainer management software","agency recurring billing management","New","Mapped to future content","P2 use-case page pending product-claim review."
"agency management software USA","Geographic - United States","Commercial / Localized","P3","/","Localized landing page only if justified","agency management software","agency management software USA","Existing","Intentionally not targeted","No country doorway page: current product, pricing, and evidence do not provide meaningful localization. Global English page remains relevant."
"agency CRM USA","Geographic - United States","Commercial / Localized","P3","/","Localized landing page only if justified","agency management software","agency CRM USA","Existing","Intentionally not targeted","No country doorway page: current product, pricing, and evidence do not provide meaningful localization. Global English page remains relevant."
"client portal software USA","Geographic - United States","Commercial / Localized","P3","/","Localized landing page only if justified","agency management software","client portal software USA","Existing","Intentionally not targeted","No country doorway page: current product, pricing, and evidence do not provide meaningful localization. Global English page remains relevant."
"marketing agency software USA","Geographic - United States","Commercial / Localized","P3","/","Localized landing page only if justified","agency management software","marketing agency software USA","Existing","Intentionally not targeted","No country doorway page: current product, pricing, and evidence do not provide meaningful localization. Global English page remains relevant."
"software for marketing agencies USA","Geographic - United States","Commercial / Localized","P3","/","Localized landing page only if justified","agency management software","software for marketing agencies USA","Existing","Intentionally not targeted","No country doorway page: current product, pricing, and evidence do not provide meaningful localization. Global English page remains relevant."
"agency management software UK","Geographic - United Kingdom","Commercial / Localized","P3","/","Localized landing page only if justified","agency management software","agency management software UK","Existing","Intentionally not targeted","No country doorway page: current product, pricing, and evidence do not provide meaningful localization. Global English page remains relevant."
"agency CRM UK","Geographic - United Kingdom","Commercial / Localized","P3","/","Localized landing page only if justified","agency management software","agency CRM UK","Existing","Intentionally not targeted","No country doorway page: current product, pricing, and evidence do not provide meaningful localization. Global English page remains relevant."
"CRM for marketing agencies UK","Geographic - United Kingdom","Commercial / Localized","P3","/","Localized landing page only if justified","agency management software","CRM for marketing agencies UK","Existing","Intentionally not targeted","No country doorway page: current product, pricing, and evidence do not provide meaningful localization. Global English page remains relevant."
"client portal software UK","Geographic - United Kingdom","Commercial / Localized","P3","/","Localized landing page only if justified","agency management software","client portal software UK","Existing","Intentionally not targeted","No country doorway page: current product, pricing, and evidence do not provide meaningful localization. Global English page remains relevant."
"creative agency software UK","Geographic - United Kingdom","Commercial / Localized","P3","/","Localized landing page only if justified","agency management software","creative agency software UK","Existing","Intentionally not targeted","No country doorway page: current product, pricing, and evidence do not provide meaningful localization. Global English page remains relevant."
"agency management software Canada","Geographic - Canada","Commercial / Localized","P3","/","Localized landing page only if justified","agency management software","agency management software Canada","Existing","Intentionally not targeted","No country doorway page: current product, pricing, and evidence do not provide meaningful localization. Global English page remains relevant."
"agency CRM Canada","Geographic - Canada","Commercial / Localized","P3","/","Localized landing page only if justified","agency management software","agency CRM Canada","Existing","Intentionally not targeted","No country doorway page: current product, pricing, and evidence do not provide meaningful localization. Global English page remains relevant."
"digital agency software Canada","Geographic - Canada","Commercial / Localized","P3","/","Localized landing page only if justified","agency management software","digital agency software Canada","Existing","Intentionally not targeted","No country doorway page: current product, pricing, and evidence do not provide meaningful localization. Global English page remains relevant."
"client portal software Canada","Geographic - Canada","Commercial / Localized","P3","/","Localized landing page only if justified","agency management software","client portal software Canada","Existing","Intentionally not targeted","No country doorway page: current product, pricing, and evidence do not provide meaningful localization. Global English page remains relevant."
"agency management software Australia","Geographic - Australia","Commercial / Localized","P3","/","Localized landing page only if justified","agency management software","agency management software Australia","Existing","Intentionally not targeted","No country doorway page: current product, pricing, and evidence do not provide meaningful localization. Global English page remains relevant."
"agency CRM Australia","Geographic - Australia","Commercial / Localized","P3","/","Localized landing page only if justified","agency management software","agency CRM Australia","Existing","Intentionally not targeted","No country doorway page: current product, pricing, and evidence do not provide meaningful localization. Global English page remains relevant."
"marketing agency software Australia","Geographic - Australia","Commercial / Localized","P3","/","Localized landing page only if justified","agency management software","marketing agency software Australia","Existing","Intentionally not targeted","No country doorway page: current product, pricing, and evidence do not provide meaningful localization. Global English page remains relevant."
"client portal software Australia","Geographic - Australia","Commercial / Localized","P3","/","Localized landing page only if justified","agency management software","client portal software Australia","Existing","Intentionally not targeted","No country doorway page: current product, pricing, and evidence do not provide meaningful localization. Global English page remains relevant."
"agency management software India","Geographic - India","Commercial / Localized","P3","/","Localized landing page only if justified","agency management software","agency management software India","Existing","Intentionally not targeted","No country doorway page: current product, pricing, and evidence do not provide meaningful localization. Global English page remains relevant."
"agency CRM India","Geographic - India","Commercial / Localized","P3","/","Localized landing page only if justified","agency management software","agency CRM India","Existing","Intentionally not targeted","No country doorway page: current product, pricing, and evidence do not provide meaningful localization. Global English page remains relevant."
"marketing agency software India","Geographic - India","Commercial / Localized","P3","/","Localized landing page only if justified","agency management software","marketing agency software India","Existing","Intentionally not targeted","No country doorway page: current product, pricing, and evidence do not provide meaningful localization. Global English page remains relevant."
"digital agency software India","Geographic - India","Commercial / Localized","P3","/","Localized landing page only if justified","agency management software","digital agency software India","Existing","Intentionally not targeted","No country doorway page: current product, pricing, and evidence do not provide meaningful localization. Global English page remains relevant."
"client portal software India","Geographic - India","Commercial / Localized","P3","/","Localized landing page only if justified","agency management software","client portal software India","Existing","Intentionally not targeted","No country doorway page: current product, pricing, and evidence do not provide meaningful localization. Global English page remains relevant."
"freelancer CRM India","Geographic - India","Commercial / Localized","P3","/","Localized landing page only if justified","agency management software","freelancer CRM India","Existing","Intentionally not targeted","No country doorway page: current product, pricing, and evidence do not provide meaningful localization. Global English page remains relevant."
"agency management software UAE","Geographic - UAE","Commercial / Localized","P3","/","Localized landing page only if justified","agency management software","agency management software UAE","Existing","Intentionally not targeted","No country doorway page: current product, pricing, and evidence do not provide meaningful localization. Global English page remains relevant."
"agency CRM UAE","Geographic - UAE","Commercial / Localized","P3","/","Localized landing page only if justified","agency management software","agency CRM UAE","Existing","Intentionally not targeted","No country doorway page: current product, pricing, and evidence do not provide meaningful localization. Global English page remains relevant."
"marketing agency software Dubai","Geographic - UAE","Commercial / Localized","P3","/","Localized landing page only if justified","agency management software","marketing agency software Dubai","Existing","Intentionally not targeted","No country doorway page: current product, pricing, and evidence do not provide meaningful localization. Global English page remains relevant."
"digital agency software Dubai","Geographic - UAE","Commercial / Localized","P3","/","Localized landing page only if justified","agency management software","digital agency software Dubai","Existing","Intentionally not targeted","No country doorway page: current product, pricing, and evidence do not provide meaningful localization. Global English page remains relevant."
"CRM for agencies Dubai","Geographic - UAE","Commercial / Localized","P3","/","Localized landing page only if justified","agency management software","CRM for agencies Dubai","Existing","Intentionally not targeted","No country doorway page: current product, pricing, and evidence do not provide meaningful localization. Global English page remains relevant."
"client portal software UAE","Geographic - UAE","Commercial / Localized","P3","/","Localized landing page only if justified","agency management software","client portal software UAE","Existing","Intentionally not targeted","No country doorway page: current product, pricing, and evidence do not provide meaningful localization. Global English page remains relevant."
"agency management software Singapore","Geographic - Singapore","Commercial / Localized","P3","/","Localized landing page only if justified","agency management software","agency management software Singapore","Existing","Intentionally not targeted","No country doorway page: current product, pricing, and evidence do not provide meaningful localization. Global English page remains relevant."
"agency CRM Singapore","Geographic - Singapore","Commercial / Localized","P3","/","Localized landing page only if justified","agency management software","agency CRM Singapore","Existing","Intentionally not targeted","No country doorway page: current product, pricing, and evidence do not provide meaningful localization. Global English page remains relevant."
"digital agency management software Singapore","Geographic - Singapore","Commercial / Localized","P3","/","Localized landing page only if justified","agency management software","digital agency management software Singapore","Existing","Intentionally not targeted","No country doorway page: current product, pricing, and evidence do not provide meaningful localization. Global English page remains relevant."
"agency management software Germany","Geographic - Germany","Commercial / Localized","P3","/","Localized landing page only if justified","agency management software","agency management software Germany","Existing","Intentionally not targeted","No country doorway page: current product, pricing, and evidence do not provide meaningful localization. Global English page remains relevant."
"agency CRM Germany","Geographic - Germany","Commercial / Localized","P3","/","Localized landing page only if justified","agency management software","agency CRM Germany","Existing","Intentionally not targeted","No country doorway page: current product, pricing, and evidence do not provide meaningful localization. Global English page remains relevant."
"client portal software Germany","Geographic - Germany","Commercial / Localized","P3","/","Localized landing page only if justified","agency management software","client portal software Germany","Existing","Intentionally not targeted","No country doorway page: current product, pricing, and evidence do not provide meaningful localization. Global English page remains relevant."
"marketing agency software Germany","Geographic - Germany","Commercial / Localized","P3","/","Localized landing page only if justified","agency management software","marketing agency software Germany","Existing","Intentionally not targeted","No country doorway page: current product, pricing, and evidence do not provide meaningful localization. Global English page remains relevant."
"digital agency software Germany","Geographic - Germany","Commercial / Localized","P3","/","Localized landing page only if justified","agency management software","digital agency software Germany","Existing","Intentionally not targeted","No country doorway page: current product, pricing, and evidence do not provide meaningful localization. Global English page remains relevant."
"agency management software France","Geographic - France","Commercial / Localized","P3","/","Localized landing page only if justified","agency management software","agency management software France","Existing","Intentionally not targeted","No country doorway page: current product, pricing, and evidence do not provide meaningful localization. Global English page remains relevant."
"agency CRM France","Geographic - France","Commercial / Localized","P3","/","Localized landing page only if justified","agency management software","agency CRM France","Existing","Intentionally not targeted","No country doorway page: current product, pricing, and evidence do not provide meaningful localization. Global English page remains relevant."
"client portal software France","Geographic - France","Commercial / Localized","P3","/","Localized landing page only if justified","agency management software","client portal software France","Existing","Intentionally not targeted","No country doorway page: current product, pricing, and evidence do not provide meaningful localization. Global English page remains relevant."
"marketing agency software France","Geographic - France","Commercial / Localized","P3","/","Localized landing page only if justified","agency management software","marketing agency software France","Existing","Intentionally not targeted","No country doorway page: current product, pricing, and evidence do not provide meaningful localization. Global English page remains relevant."
"digital agency software France","Geographic - France","Commercial / Localized","P3","/","Localized landing page only if justified","agency management software","digital agency software France","Existing","Intentionally not targeted","No country doorway page: current product, pricing, and evidence do not provide meaningful localization. Global English page remains relevant."
"agency management software Netherlands","Geographic - Netherlands","Commercial / Localized","P3","/","Localized landing page only if justified","agency management software","agency management software Netherlands","Existing","Intentionally not targeted","No country doorway page: current product, pricing, and evidence do not provide meaningful localization. Global English page remains relevant."
"agency CRM Netherlands","Geographic - Netherlands","Commercial / Localized","P3","/","Localized landing page only if justified","agency management software","agency CRM Netherlands","Existing","Intentionally not targeted","No country doorway page: current product, pricing, and evidence do not provide meaningful localization. Global English page remains relevant."
"client portal software Netherlands","Geographic - Netherlands","Commercial / Localized","P3","/","Localized landing page only if justified","agency management software","client portal software Netherlands","Existing","Intentionally not targeted","No country doorway page: current product, pricing, and evidence do not provide meaningful localization. Global English page remains relevant."
"marketing agency software Netherlands","Geographic - Netherlands","Commercial / Localized","P3","/","Localized landing page only if justified","agency management software","marketing agency software Netherlands","Existing","Intentionally not targeted","No country doorway page: current product, pricing, and evidence do not provide meaningful localization. Global English page remains relevant."
"digital agency software Netherlands","Geographic - Netherlands","Commercial / Localized","P3","/","Localized landing page only if justified","agency management software","digital agency software Netherlands","Existing","Intentionally not targeted","No country doorway page: current product, pricing, and evidence do not provide meaningful localization. Global English page remains relevant."
"agency management software Ireland","Geographic - Ireland","Commercial / Localized","P3","/","Localized landing page only if justified","agency management software","agency management software Ireland","Existing","Intentionally not targeted","No country doorway page: current product, pricing, and evidence do not provide meaningful localization. Global English page remains relevant."
"agency CRM Ireland","Geographic - Ireland","Commercial / Localized","P3","/","Localized landing page only if justified","agency management software","agency CRM Ireland","Existing","Intentionally not targeted","No country doorway page: current product, pricing, and evidence do not provide meaningful localization. Global English page remains relevant."
"client portal software Ireland","Geographic - Ireland","Commercial / Localized","P3","/","Localized landing page only if justified","agency management software","client portal software Ireland","Existing","Intentionally not targeted","No country doorway page: current product, pricing, and evidence do not provide meaningful localization. Global English page remains relevant."
"marketing agency software Ireland","Geographic - Ireland","Commercial / Localized","P3","/","Localized landing page only if justified","agency management software","marketing agency software Ireland","Existing","Intentionally not targeted","No country doorway page: current product, pricing, and evidence do not provide meaningful localization. Global English page remains relevant."
"digital agency software Ireland","Geographic - Ireland","Commercial / Localized","P3","/","Localized landing page only if justified","agency management software","digital agency software Ireland","Existing","Intentionally not targeted","No country doorway page: current product, pricing, and evidence do not provide meaningful localization. Global English page remains relevant."
"agency management software New Zealand","Geographic - New Zealand","Commercial / Localized","P3","/","Localized landing page only if justified","agency management software","agency management software New Zealand","Existing","Intentionally not targeted","No country doorway page: current product, pricing, and evidence do not provide meaningful localization. Global English page remains relevant."
"agency CRM New Zealand","Geographic - New Zealand","Commercial / Localized","P3","/","Localized landing page only if justified","agency management software","agency CRM New Zealand","Existing","Intentionally not targeted","No country doorway page: current product, pricing, and evidence do not provide meaningful localization. Global English page remains relevant."
"client portal software New Zealand","Geographic - New Zealand","Commercial / Localized","P3","/","Localized landing page only if justified","agency management software","client portal software New Zealand","Existing","Intentionally not targeted","No country doorway page: current product, pricing, and evidence do not provide meaningful localization. Global English page remains relevant."
"marketing agency software New Zealand","Geographic - New Zealand","Commercial / Localized","P3","/","Localized landing page only if justified","agency management software","marketing agency software New Zealand","Existing","Intentionally not targeted","No country doorway page: current product, pricing, and evidence do not provide meaningful localization. Global English page remains relevant."
"digital agency software New Zealand","Geographic - New Zealand","Commercial / Localized","P3","/","Localized landing page only if justified","agency management software","digital agency software New Zealand","Existing","Intentionally not targeted","No country doorway page: current product, pricing, and evidence do not provide meaningful localization. Global English page remains relevant."
"agency management software South Africa","Geographic - South Africa","Commercial / Localized","P3","/","Localized landing page only if justified","agency management software","agency management software South Africa","Existing","Intentionally not targeted","No country doorway page: current product, pricing, and evidence do not provide meaningful localization. Global English page remains relevant."
"agency CRM South Africa","Geographic - South Africa","Commercial / Localized","P3","/","Localized landing page only if justified","agency management software","agency CRM South Africa","Existing","Intentionally not targeted","No country doorway page: current product, pricing, and evidence do not provide meaningful localization. Global English page remains relevant."
"client portal software South Africa","Geographic - South Africa","Commercial / Localized","P3","/","Localized landing page only if justified","agency management software","client portal software South Africa","Existing","Intentionally not targeted","No country doorway page: current product, pricing, and evidence do not provide meaningful localization. Global English page remains relevant."
"marketing agency software South Africa","Geographic - South Africa","Commercial / Localized","P3","/","Localized landing page only if justified","agency management software","marketing agency software South Africa","Existing","Intentionally not targeted","No country doorway page: current product, pricing, and evidence do not provide meaningful localization. Global English page remains relevant."
"digital agency software South Africa","Geographic - South Africa","Commercial / Localized","P3","/","Localized landing page only if justified","agency management software","digital agency software South Africa","Existing","Intentionally not targeted","No country doorway page: current product, pricing, and evidence do not provide meaningful localization. Global English page remains relevant."
"agency management software Saudi Arabia","Geographic - Saudi Arabia","Commercial / Localized","P3","/","Localized landing page only if justified","agency management software","agency management software Saudi Arabia","Existing","Intentionally not targeted","No country doorway page: current product, pricing, and evidence do not provide meaningful localization. Global English page remains relevant."
"agency CRM Saudi Arabia","Geographic - Saudi Arabia","Commercial / Localized","P3","/","Localized landing page only if justified","agency management software","agency CRM Saudi Arabia","Existing","Intentionally not targeted","No country doorway page: current product, pricing, and evidence do not provide meaningful localization. Global English page remains relevant."
"client portal software Saudi Arabia","Geographic - Saudi Arabia","Commercial / Localized","P3","/","Localized landing page only if justified","agency management software","client portal software Saudi Arabia","Existing","Intentionally not targeted","No country doorway page: current product, pricing, and evidence do not provide meaningful localization. Global English page remains relevant."
"marketing agency software Saudi Arabia","Geographic - Saudi Arabia","Commercial / Localized","P3","/","Localized landing page only if justified","agency management software","marketing agency software Saudi Arabia","Existing","Intentionally not targeted","No country doorway page: current product, pricing, and evidence do not provide meaningful localization. Global English page remains relevant."
"digital agency software Saudi Arabia","Geographic - Saudi Arabia","Commercial / Localized","P3","/","Localized landing page only if justified","agency management software","digital agency software Saudi Arabia","Existing","Intentionally not targeted","No country doorway page: current product, pricing, and evidence do not provide meaningful localization. Global English page remains relevant."
"agency management software Qatar","Geographic - Qatar","Commercial / Localized","P3","/","Localized landing page only if justified","agency management software","agency management software Qatar","Existing","Intentionally not targeted","No country doorway page: current product, pricing, and evidence do not provide meaningful localization. Global English page remains relevant."
"agency CRM Qatar","Geographic - Qatar","Commercial / Localized","P3","/","Localized landing page only if justified","agency management software","agency CRM Qatar","Existing","Intentionally not targeted","No country doorway page: current product, pricing, and evidence do not provide meaningful localization. Global English page remains relevant."
"client portal software Qatar","Geographic - Qatar","Commercial / Localized","P3","/","Localized landing page only if justified","agency management software","client portal software Qatar","Existing","Intentionally not targeted","No country doorway page: current product, pricing, and evidence do not provide meaningful localization. Global English page remains relevant."
"marketing agency software Qatar","Geographic - Qatar","Commercial / Localized","P3","/","Localized landing page only if justified","agency management software","marketing agency software Qatar","Existing","Intentionally not targeted","No country doorway page: current product, pricing, and evidence do not provide meaningful localization. Global English page remains relevant."
"digital agency software Qatar","Geographic - Qatar","Commercial / Localized","P3","/","Localized landing page only if justified","agency management software","digital agency software Qatar","Existing","Intentionally not targeted","No country doorway page: current product, pricing, and evidence do not provide meaningful localization. Global English page remains relevant."
"agency management software Malaysia","Geographic - Malaysia","Commercial / Localized","P3","/","Localized landing page only if justified","agency management software","agency management software Malaysia","Existing","Intentionally not targeted","No country doorway page: current product, pricing, and evidence do not provide meaningful localization. Global English page remains relevant."
"agency CRM Malaysia","Geographic - Malaysia","Commercial / Localized","P3","/","Localized landing page only if justified","agency management software","agency CRM Malaysia","Existing","Intentionally not targeted","No country doorway page: current product, pricing, and evidence do not provide meaningful localization. Global English page remains relevant."
"client portal software Malaysia","Geographic - Malaysia","Commercial / Localized","P3","/","Localized landing page only if justified","agency management software","client portal software Malaysia","Existing","Intentionally not targeted","No country doorway page: current product, pricing, and evidence do not provide meaningful localization. Global English page remains relevant."
"marketing agency software Malaysia","Geographic - Malaysia","Commercial / Localized","P3","/","Localized landing page only if justified","agency management software","marketing agency software Malaysia","Existing","Intentionally not targeted","No country doorway page: current product, pricing, and evidence do not provide meaningful localization. Global English page remains relevant."
"digital agency software Malaysia","Geographic - Malaysia","Commercial / Localized","P3","/","Localized landing page only if justified","agency management software","digital agency software Malaysia","Existing","Intentionally not targeted","No country doorway page: current product, pricing, and evidence do not provide meaningful localization. Global English page remains relevant."
"agency management software Philippines","Geographic - Philippines","Commercial / Localized","P3","/","Localized landing page only if justified","agency management software","agency management software Philippines","Existing","Intentionally not targeted","No country doorway page: current product, pricing, and evidence do not provide meaningful localization. Global English page remains relevant."
"agency CRM Philippines","Geographic - Philippines","Commercial / Localized","P3","/","Localized landing page only if justified","agency management software","agency CRM Philippines","Existing","Intentionally not targeted","No country doorway page: current product, pricing, and evidence do not provide meaningful localization. Global English page remains relevant."
"client portal software Philippines","Geographic - Philippines","Commercial / Localized","P3","/","Localized landing page only if justified","agency management software","client portal software Philippines","Existing","Intentionally not targeted","No country doorway page: current product, pricing, and evidence do not provide meaningful localization. Global English page remains relevant."
"marketing agency software Philippines","Geographic - Philippines","Commercial / Localized","P3","/","Localized landing page only if justified","agency management software","marketing agency software Philippines","Existing","Intentionally not targeted","No country doorway page: current product, pricing, and evidence do not provide meaningful localization. Global English page remains relevant."
"digital agency software Philippines","Geographic - Philippines","Commercial / Localized","P3","/","Localized landing page only if justified","agency management software","digital agency software Philippines","Existing","Intentionally not targeted","No country doorway page: current product, pricing, and evidence do not provide meaningful localization. Global English page remains relevant."
"what is the best software for running an agency","AI / Natural Language Queries","Informational / Commercial Investigation","P2","/","FAQ / blog / AI-search answer content","agency management software","what is the best software for running an agency","Existing","Mapped to existing page","Mapped semantically to the page that directly answers the natural-language query."
"what software do marketing agencies use","AI / Natural Language Queries","Informational / Commercial Investigation","P2","/","FAQ / blog / AI-search answer content","agency management software","what software do marketing agencies use","Existing","Mapped to existing page","Mapped semantically to the page that directly answers the natural-language query."
"what CRM is best for small agencies","AI / Natural Language Queries","Informational / Commercial Investigation","P2","/agency-crm","FAQ / blog / AI-search answer content","agency CRM","what CRM is best for small agencies","New","Mapped to new page","Mapped semantically to the page that directly answers the natural-language query."
"what is the best CRM for a creative agency","AI / Natural Language Queries","Informational / Commercial Investigation","P2","/agency-crm","FAQ / blog / AI-search answer content","agency CRM","what is the best CRM for a creative agency","New","Mapped to new page","Mapped semantically to the page that directly answers the natural-language query."
"which CRM is best for marketing agencies","AI / Natural Language Queries","Informational / Commercial Investigation","P2","/agency-crm","FAQ / blog / AI-search answer content","agency CRM","which CRM is best for marketing agencies","New","Mapped to new page","Mapped semantically to the page that directly answers the natural-language query."
"what software helps agencies manage clients","AI / Natural Language Queries","Informational / Commercial Investigation","P2","/agency-crm","FAQ / blog / AI-search answer content","agency CRM","what software helps agencies manage clients","New","Mapped to new page","Mapped semantically to the page that directly answers the natural-language query."
"how do agencies keep track of clients","AI / Natural Language Queries","Informational / Commercial Investigation","P2","/agency-crm","FAQ / blog / AI-search answer content","agency CRM","how do agencies keep track of clients","New","Mapped to new page","Mapped semantically to the page that directly answers the natural-language query."
"how do agencies manage projects and invoices","AI / Natural Language Queries","Informational / Commercial Investigation","P2","/agency-invoicing","FAQ / blog / AI-search answer content","agency invoicing software","how do agencies manage projects and invoices","New","Mapped to new page","Mapped semantically to the page that directly answers the natural-language query."
"what is the best client portal for an agency","AI / Natural Language Queries","Informational / Commercial Investigation","P2","/client-portal","FAQ / blog / AI-search answer content","client portal for agencies","what is the best client portal for an agency","New","Mapped to new page","Mapped semantically to the page that directly answers the natural-language query."
"what software gives clients project updates","AI / Natural Language Queries","Informational / Commercial Investigation","P2","/agency-crm","FAQ / blog / AI-search answer content","agency CRM","what software gives clients project updates","New","Mapped to new page","Mapped semantically to the page that directly answers the natural-language query."
"what is a good alternative to ClickUp for agencies","AI / Natural Language Queries","Informational / Commercial Investigation","P2","/","FAQ / blog / AI-search answer content","agency management software","what is a good alternative to ClickUp for agencies","Existing","Mapped to existing page","Mapped semantically to the page that directly answers the natural-language query."
"what is a simpler alternative to HubSpot","AI / Natural Language Queries","Informational / Commercial Investigation","P2","/","FAQ / blog / AI-search answer content","agency management software","what is a simpler alternative to HubSpot","Existing","Mapped to existing page","Mapped semantically to the page that directly answers the natural-language query."
"which agency software includes invoicing","AI / Natural Language Queries","Informational / Commercial Investigation","P2","/","FAQ / blog / AI-search answer content","agency management software","which agency software includes invoicing","Existing","Mapped to existing page","Mapped semantically to the page that directly answers the natural-language query."
"what agency software includes a client portal","AI / Natural Language Queries","Informational / Commercial Investigation","P2","/client-portal","FAQ / blog / AI-search answer content","client portal for agencies","what agency software includes a client portal","New","Mapped to new page","Mapped semantically to the page that directly answers the natural-language query."
"which CRM includes project management and invoicing","AI / Natural Language Queries","Informational / Commercial Investigation","P2","/agency-crm","FAQ / blog / AI-search answer content","agency CRM","which CRM includes project management and invoicing","New","Mapped to new page","Mapped semantically to the page that directly answers the natural-language query."
"what is the best all in one agency platform","AI / Natural Language Queries","Informational / Commercial Investigation","P2","/","FAQ / blog / AI-search answer content","agency management software","what is the best all in one agency platform","Existing","Mapped to existing page","Mapped semantically to the page that directly answers the natural-language query."
"what is the best agency CRM for a small team","AI / Natural Language Queries","Informational / Commercial Investigation","P2","/agency-crm","FAQ / blog / AI-search answer content","agency CRM","what is the best agency CRM for a small team","New","Mapped to new page","Mapped semantically to the page that directly answers the natural-language query."
"what software should a 5 person agency use","AI / Natural Language Queries","Informational / Commercial Investigation","P2","/","FAQ / blog / AI-search answer content","agency management software","what software should a 5 person agency use","Existing","Mapped to existing page","Mapped semantically to the page that directly answers the natural-language query."
"what is the best CRM for freelancers","AI / Natural Language Queries","Informational / Commercial Investigation","P2","/agency-crm","FAQ / blog / AI-search answer content","agency CRM","what is the best CRM for freelancers","New","Mapped to new page","Mapped semantically to the page that directly answers the natural-language query."
"how can freelancers manage clients and invoices","AI / Natural Language Queries","Informational / Commercial Investigation","P2","/agency-invoicing","FAQ / blog / AI-search answer content","agency invoicing software","how can freelancers manage clients and invoices","New","Mapped to new page","Mapped semantically to the page that directly answers the natural-language query."
"how do marketing agencies organize clients","AI / Natural Language Queries","Informational / Commercial Investigation","P2","/agency-crm","FAQ / blog / AI-search answer content","agency CRM","how do marketing agencies organize clients","New","Mapped to new page","Mapped semantically to the page that directly answers the natural-language query."
"how do I reduce client status update emails","AI / Natural Language Queries","Informational / Commercial Investigation","P2","/agency-crm","FAQ / blog / AI-search answer content","agency CRM","how do I reduce client status update emails","New","Mapped to new page","Mapped semantically to the page that directly answers the natural-language query."
