Keyword,Cluster,Intent,Current Target URL,Primary/Secondary,Current Status,Content Changes,Internal Link Changes,CTR Changes,Schema Changes,Backlink/Authority Need,Priority,Implemented,Notes
"agency management software","Core / Agency Management","Commercial","/","Primary","Mapped to existing page","Strengthen canonical owner with answer-first copy, related-hub links, FAQ and CTA alignment.","Maintain contextual links from relevant supporting pages","Review only after Search Console evidence is supplied","Visible FAQPage, WebPage and BreadcrumbList maintained","Relevant agency workflow/tool-selection mentions","P1 — commercial owner","Yes — hub optimization pass","Homepage owns the global agency-management category; no duplicate exact-match page."
"best agency management software","Core / Agency Management","Commercial","/","Secondary","Mapped to existing page","Strengthen canonical owner with answer-first copy, related-hub links, FAQ and CTA alignment.","Maintain contextual links from relevant supporting pages","Review only after Search Console evidence is supplied","Visible FAQPage, WebPage and BreadcrumbList maintained","Relevant agency workflow/tool-selection mentions","P1 — commercial owner","Yes — hub optimization pass","Homepage owns the global agency-management category; no duplicate exact-match page."
"agency management platform","Core / Agency Management","Commercial","/","Secondary","Mapped to existing page","Strengthen canonical owner with answer-first copy, related-hub links, FAQ and CTA alignment.","Maintain contextual links from relevant supporting pages","Review only after Search Console evidence is supplied","Visible FAQPage, WebPage and BreadcrumbList maintained","Relevant agency workflow/tool-selection mentions","P1 — commercial owner","Yes — hub optimization pass","Homepage owns the global agency-management category; no duplicate exact-match page."
"agency management system","Core / Agency Management","Commercial","/","Secondary","Mapped to existing page","Strengthen canonical owner with answer-first copy, related-hub links, FAQ and CTA alignment.","Maintain contextual links from relevant supporting pages","Review only after Search Console evidence is supplied","Visible FAQPage, WebPage and BreadcrumbList maintained","Relevant agency workflow/tool-selection mentions","P1 — commercial owner","Yes — hub optimization pass","Homepage owns the global agency-management category; no duplicate exact-match page."
"agency software","Core / Agency Management","Commercial","/","Secondary","Mapped to existing page","Strengthen canonical owner with answer-first copy, related-hub links, FAQ and CTA alignment.","Maintain contextual links from relevant supporting pages","Review only after Search Console evidence is supplied","Visible FAQPage, WebPage and BreadcrumbList maintained","Relevant agency workflow/tool-selection mentions","P1 — commercial owner","Yes — hub optimization pass","Homepage owns the global agency-management category; no duplicate exact-match page."
"software for agencies","Core / Agency Management","Commercial","/","Secondary","Mapped to existing page","Strengthen canonical owner with answer-first copy, related-hub links, FAQ and CTA alignment.","Maintain contextual links from relevant supporting pages","Review only after Search Console evidence is supplied","Visible FAQPage, WebPage and BreadcrumbList maintained","Relevant agency workflow/tool-selection mentions","P1 — commercial owner","Yes — hub optimization pass","Homepage owns the global agency-management category; no duplicate exact-match page."
"all in one agency software","Core / Agency Management","Commercial","/","Secondary","Mapped to existing page","Strengthen canonical owner with answer-first copy, related-hub links, FAQ and CTA alignment.","Maintain contextual links from relevant supporting pages","Review only after Search Console evidence is supplied","Visible FAQPage, WebPage and BreadcrumbList maintained","Relevant agency workflow/tool-selection mentions","P1 — commercial owner","Yes — hub optimization pass","Homepage owns the global agency-management category; no duplicate exact-match page."
"agency operations software","Core / Agency Management","Commercial","/","Secondary","Mapped to existing page","Strengthen canonical owner with answer-first copy, related-hub links, FAQ and CTA alignment.","Maintain contextual links from relevant supporting pages","Review only after Search Console evidence is supplied","Visible FAQPage, WebPage and BreadcrumbList maintained","Relevant agency workflow/tool-selection mentions","P1 — commercial owner","Yes — hub optimization pass","Homepage owns the global agency-management category; no duplicate exact-match page."
"agency workflow software","Core / Agency Management","Commercial","/","Secondary","Mapped to existing page","Strengthen canonical owner with answer-first copy, related-hub links, FAQ and CTA alignment.","Maintain contextual links from relevant supporting pages","Review only after Search Console evidence is supplied","Visible FAQPage, WebPage and BreadcrumbList maintained","Relevant agency workflow/tool-selection mentions","P1 — commercial owner","Yes — hub optimization pass","Homepage owns the global agency-management category; no duplicate exact-match page."
"agency management tool","Core / Agency Management","Commercial","/","Secondary","Mapped to existing page","Strengthen canonical owner with answer-first copy, related-hub links, FAQ and CTA alignment.","Maintain contextual links from relevant supporting pages","Review only after Search Console evidence is supplied","Visible FAQPage, WebPage and BreadcrumbList maintained","Relevant agency workflow/tool-selection mentions","P1 — commercial owner","Yes — hub optimization pass","Homepage owns the global agency-management category; no duplicate exact-match page."
"agency software platform","Core / Agency Management","Commercial","/","Secondary","Mapped to existing page","Strengthen canonical owner with answer-first copy, related-hub links, FAQ and CTA alignment.","Maintain contextual links from relevant supporting pages","Review only after Search Console evidence is supplied","Visible FAQPage, WebPage and BreadcrumbList maintained","Relevant agency workflow/tool-selection mentions","P1 — commercial owner","Yes — hub optimization pass","Homepage owns the global agency-management category; no duplicate exact-match page."
"agency business software","Core / Agency Management","Commercial","/","Secondary","Mapped to existing page","Strengthen canonical owner with answer-first copy, related-hub links, FAQ and CTA alignment.","Maintain contextual links from relevant supporting pages","Review only after Search Console evidence is supplied","Visible FAQPage, WebPage and BreadcrumbList maintained","Relevant agency workflow/tool-selection mentions","P1 — commercial owner","Yes — hub optimization pass","Homepage owns the global agency-management category; no duplicate exact-match page."
"agency operations platform","Core / Agency Management","Commercial","/","Secondary","Mapped to existing page","Strengthen canonical owner with answer-first copy, related-hub links, FAQ and CTA alignment.","Maintain contextual links from relevant supporting pages","Review only after Search Console evidence is supplied","Visible FAQPage, WebPage and BreadcrumbList maintained","Relevant agency workflow/tool-selection mentions","P1 — commercial owner","Yes — hub optimization pass","Homepage owns the global agency-management category; no duplicate exact-match page."
"agency operating system","Core / Agency Management","Commercial","/","Secondary","Mapped to existing page","Strengthen canonical owner with answer-first copy, related-hub links, FAQ and CTA alignment.","Maintain contextual links from relevant supporting pages","Review only after Search Console evidence is supplied","Visible FAQPage, WebPage and BreadcrumbList maintained","Relevant agency workflow/tool-selection mentions","P1 — commercial owner","Yes — hub optimization pass","Homepage owns the global agency-management category; no duplicate exact-match page."
"agency workflow management","Core / Agency Management","Commercial","/","Secondary","Mapped to existing page","Strengthen canonical owner with answer-first copy, related-hub links, FAQ and CTA alignment.","Maintain contextual links from relevant supporting pages","Review only after Search Console evidence is supplied","Visible FAQPage, WebPage and BreadcrumbList maintained","Relevant agency workflow/tool-selection mentions","P1 — commercial owner","Yes — hub optimization pass","Homepage owns the global agency-management category; no duplicate exact-match page."
"agency workflow platform","Core / Agency Management","Commercial","/","Secondary","Mapped to existing page","Strengthen canonical owner with answer-first copy, related-hub links, FAQ and CTA alignment.","Maintain contextual links from relevant supporting pages","Review only after Search Console evidence is supplied","Visible FAQPage, WebPage and BreadcrumbList maintained","Relevant agency workflow/tool-selection mentions","P1 — commercial owner","Yes — hub optimization pass","Homepage owns the global agency-management category; no duplicate exact-match page."
"agency productivity software","Core / Agency Management","Commercial","/","Secondary","Mapped to existing page","Strengthen canonical owner with answer-first copy, related-hub links, FAQ and CTA alignment.","Maintain contextual links from relevant supporting pages","Review only after Search Console evidence is supplied","Visible FAQPage, WebPage and BreadcrumbList maintained","Relevant agency workflow/tool-selection mentions","P1 — commercial owner","Yes — hub optimization pass","Homepage owns the global agency-management category; no duplicate exact-match page."
"agency administration software","Core / Agency Management","Commercial","/","Secondary","Mapped to existing page","Strengthen canonical owner with answer-first copy, related-hub links, FAQ and CTA alignment.","Maintain contextual links from relevant supporting pages","Review only after Search Console evidence is supplied","Visible FAQPage, WebPage and BreadcrumbList maintained","Relevant agency workflow/tool-selection mentions","P1 — commercial owner","Yes — hub optimization pass","Homepage owns the global agency-management category; no duplicate exact-match page."
"agency organization software","Core / Agency Management","Commercial","/","Secondary","Mapped to existing page","Strengthen canonical owner with answer-first copy, related-hub links, FAQ and CTA alignment.","Maintain contextual links from relevant supporting pages","Review only after Search Console evidence is supplied","Visible FAQPage, WebPage and BreadcrumbList maintained","Relevant agency workflow/tool-selection mentions","P1 — commercial owner","Yes — hub optimization pass","Homepage owns the global agency-management category; no duplicate exact-match page."
"agency office management software","Core / Agency Management","Commercial","/","Secondary","Mapped to existing page","Strengthen canonical owner with answer-first copy, related-hub links, FAQ and CTA alignment.","Maintain contextual links from relevant supporting pages","Review only after Search Console evidence is supplied","Visible FAQPage, WebPage and BreadcrumbList maintained","Relevant agency workflow/tool-selection mentions","P1 — commercial owner","Yes — hub optimization pass","Homepage owns the global agency-management category; no duplicate exact-match page."
"online agency management software","Core / Agency Management","Commercial","/","Secondary","Mapped to existing page","Strengthen canonical owner with answer-first copy, related-hub links, FAQ and CTA alignment.","Maintain contextual links from relevant supporting pages","Review only after Search Console evidence is supplied","Visible FAQPage, WebPage and BreadcrumbList maintained","Relevant agency workflow/tool-selection mentions","P1 — commercial owner","Yes — hub optimization pass","Homepage owns the global agency-management category; no duplicate exact-match page."
"cloud agency management software","Core / Agency Management","Commercial","/","Secondary","Mapped to existing page","Strengthen canonical owner with answer-first copy, related-hub links, FAQ and CTA alignment.","Maintain contextual links from relevant supporting pages","Review only after Search Console evidence is supplied","Visible FAQPage, WebPage and BreadcrumbList maintained","Relevant agency workflow/tool-selection mentions","P1 — commercial owner","Yes — hub optimization pass","Homepage owns the global agency-management category; no duplicate exact-match page."
"SaaS agency management software","Core / Agency Management","Commercial","/","Secondary","Mapped to existing page","Strengthen canonical owner with answer-first copy, related-hub links, FAQ and CTA alignment.","Maintain contextual links from relevant supporting pages","Review only after Search Console evidence is supplied","Visible FAQPage, WebPage and BreadcrumbList maintained","Relevant agency workflow/tool-selection mentions","P1 — commercial owner","Yes — hub optimization pass","Homepage owns the global agency-management category; no duplicate exact-match page."
"modern agency management software","Core / Agency Management","Commercial","/","Secondary","Mapped to existing page","Strengthen canonical owner with answer-first copy, related-hub links, FAQ and CTA alignment.","Maintain contextual links from relevant supporting pages","Review only after Search Console evidence is supplied","Visible FAQPage, WebPage and BreadcrumbList maintained","Relevant agency workflow/tool-selection mentions","P1 — commercial owner","Yes — hub optimization pass","Homepage owns the global agency-management category; no duplicate exact-match page."
"simple agency management software","Core / Agency Management","Commercial","/","Secondary","Mapped to existing page","Strengthen canonical owner with answer-first copy, related-hub links, FAQ and CTA alignment.","Maintain contextual links from relevant supporting pages","Review only after Search Console evidence is supplied","Visible FAQPage, WebPage and BreadcrumbList maintained","Relevant agency workflow/tool-selection mentions","P1 — commercial owner","Yes — hub optimization pass","Homepage owns the global agency-management category; no duplicate exact-match page."
"easy agency management software","Core / Agency Management","Commercial","/","Secondary","Mapped to existing page","Strengthen canonical owner with answer-first copy, related-hub links, FAQ and CTA alignment.","Maintain contextual links from relevant supporting pages","Review only after Search Console evidence is supplied","Visible FAQPage, WebPage and BreadcrumbList maintained","Relevant agency workflow/tool-selection mentions","P1 — commercial owner","Yes — hub optimization pass","Homepage owns the global agency-management category; no duplicate exact-match page."
"affordable agency management software","Core / Agency Management","Commercial","/","Secondary","Mapped to existing page","Strengthen canonical owner with answer-first copy, related-hub links, FAQ and CTA alignment.","Maintain contextual links from relevant supporting pages","Review only after Search Console evidence is supplied","Visible FAQPage, WebPage and BreadcrumbList maintained","Relevant agency workflow/tool-selection mentions","P1 — commercial owner","Yes — hub optimization pass","Homepage owns the global agency-management category; no duplicate exact-match page."
"low cost agency management software","Core / Agency Management","Commercial","/","Secondary","Mapped to existing page","Strengthen canonical owner with answer-first copy, related-hub links, FAQ and CTA alignment.","Maintain contextual links from relevant supporting pages","Review only after Search Console evidence is supplied","Visible FAQPage, WebPage and BreadcrumbList maintained","Relevant agency workflow/tool-selection mentions","P1 — commercial owner","Yes — hub optimization pass","Homepage owns the global agency-management category; no duplicate exact-match page."
"free agency management software","Core / Agency Management","Commercial","/","Secondary","Mapped to existing page","Strengthen canonical owner with answer-first copy, related-hub links, FAQ and CTA alignment.","Maintain contextual links from relevant supporting pages","Review only after Search Console evidence is supplied","Visible FAQPage, WebPage and BreadcrumbList maintained","Relevant agency workflow/tool-selection mentions","P1 — commercial owner","Yes — hub optimization pass","Homepage owns the global agency-management category; no duplicate exact-match page."
"agency management software free","Core / Agency Management","Commercial","/","Secondary","Mapped to existing page","Strengthen canonical owner with answer-first copy, related-hub links, FAQ and CTA alignment.","Maintain contextual links from relevant supporting pages","Review only after Search Console evidence is supplied","Visible FAQPage, WebPage and BreadcrumbList maintained","Relevant agency workflow/tool-selection mentions","P1 — commercial owner","Yes — hub optimization pass","Homepage owns the global agency-management category; no duplicate exact-match page."
"agency management software free trial","Core / Agency Management","Commercial","/","Secondary","Mapped to existing page","Strengthen canonical owner with answer-first copy, related-hub links, FAQ and CTA alignment.","Maintain contextual links from relevant supporting pages","Review only after Search Console evidence is supplied","Visible FAQPage, WebPage and BreadcrumbList maintained","Relevant agency workflow/tool-selection mentions","P1 — commercial owner","Yes — hub optimization pass","Homepage owns the global agency-management category; no duplicate exact-match page."
"agency management software for small business","Core / Agency Management","Commercial","/","Secondary","Mapped to existing page","Strengthen canonical owner with answer-first copy, related-hub links, FAQ and CTA alignment.","Maintain contextual links from relevant supporting pages","Review only after Search Console evidence is supplied","Visible FAQPage, WebPage and BreadcrumbList maintained","Relevant agency workflow/tool-selection mentions","P1 — commercial owner","Yes — hub optimization pass","Homepage owns the global agency-management category; no duplicate exact-match page."
"agency management software for startups","Core / Agency Management","Commercial","/","Secondary","Mapped to existing page","Strengthen canonical owner with answer-first copy, related-hub links, FAQ and CTA alignment.","Maintain contextual links from relevant supporting pages","Review only after Search Console evidence is supplied","Visible FAQPage, WebPage and BreadcrumbList maintained","Relevant agency workflow/tool-selection mentions","P1 — commercial owner","Yes — hub optimization pass","Homepage owns the global agency-management category; no duplicate exact-match page."
"agency management software for small agencies","Core / Agency Management","Commercial","/","Secondary","Mapped to existing page","Strengthen canonical owner with answer-first copy, related-hub links, FAQ and CTA alignment.","Maintain contextual links from relevant supporting pages","Review only after Search Console evidence is supplied","Visible FAQPage, WebPage and BreadcrumbList maintained","Relevant agency workflow/tool-selection mentions","P1 — commercial owner","Yes — hub optimization pass","Homepage owns the global agency-management category; no duplicate exact-match page."
"agency management software for growing agencies","Core / Agency Management","Commercial","/","Secondary","Mapped to existing page","Strengthen canonical owner with answer-first copy, related-hub links, FAQ and CTA alignment.","Maintain contextual links from relevant supporting pages","Review only after Search Console evidence is supplied","Visible FAQPage, WebPage and BreadcrumbList maintained","Relevant agency workflow/tool-selection mentions","P1 — commercial owner","Yes — hub optimization pass","Homepage owns the global agency-management category; no duplicate exact-match page."
"agency management software for teams","Core / Agency Management","Commercial","/","Secondary","Mapped to existing page","Strengthen canonical owner with answer-first copy, related-hub links, FAQ and CTA alignment.","Maintain contextual links from relevant supporting pages","Review only after Search Console evidence is supplied","Visible FAQPage, WebPage and BreadcrumbList maintained","Relevant agency workflow/tool-selection mentions","P1 — commercial owner","Yes — hub optimization pass","Homepage owns the global agency-management category; no duplicate exact-match page."
"agency management software for freelancers","Core / Agency Management","Commercial","/","Secondary","Mapped to existing page","Strengthen canonical owner with answer-first copy, related-hub links, FAQ and CTA alignment.","Maintain contextual links from relevant supporting pages","Review only after Search Console evidence is supplied","Visible FAQPage, WebPage and BreadcrumbList maintained","Relevant agency workflow/tool-selection mentions","P1 — commercial owner","Yes — hub optimization pass","Homepage owns the global agency-management category; no duplicate exact-match page."
"agency management software with CRM","Core / Agency Management","Commercial","/","Secondary","Mapped to existing page","Strengthen canonical owner with answer-first copy, related-hub links, FAQ and CTA alignment.","Maintain contextual links from relevant supporting pages","Review only after Search Console evidence is supplied","Visible FAQPage, WebPage and BreadcrumbList maintained","Relevant agency workflow/tool-selection mentions","P1 — commercial owner","Yes — hub optimization pass","Homepage owns the global agency-management category; no duplicate exact-match page."
"agency management software with invoicing","Core / Agency Management","Commercial","/","Secondary","Mapped to existing page","Strengthen canonical owner with answer-first copy, related-hub links, FAQ and CTA alignment.","Maintain contextual links from relevant supporting pages","Review only after Search Console evidence is supplied","Visible FAQPage, WebPage and BreadcrumbList maintained","Relevant agency workflow/tool-selection mentions","P1 — commercial owner","Yes — hub optimization pass","Homepage owns the global agency-management category; no duplicate exact-match page."
"agency management software with client portal","Core / Agency Management","Commercial","/","Secondary","Mapped to existing page","Strengthen canonical owner with answer-first copy, related-hub links, FAQ and CTA alignment.","Maintain contextual links from relevant supporting pages","Review only after Search Console evidence is supplied","Visible FAQPage, WebPage and BreadcrumbList maintained","Relevant agency workflow/tool-selection mentions","P1 — commercial owner","Yes — hub optimization pass","Homepage owns the global agency-management category; no duplicate exact-match page."
"agency management software with project management","Core / Agency Management","Commercial","/","Secondary","Mapped to existing page","Strengthen canonical owner with answer-first copy, related-hub links, FAQ and CTA alignment.","Maintain contextual links from relevant supporting pages","Review only after Search Console evidence is supplied","Visible FAQPage, WebPage and BreadcrumbList maintained","Relevant agency workflow/tool-selection mentions","P1 — commercial owner","Yes — hub optimization pass","Homepage owns the global agency-management category; no duplicate exact-match page."
"agency management software with billing","Core / Agency Management","Commercial","/","Secondary","Mapped to existing page","Strengthen canonical owner with answer-first copy, related-hub links, FAQ and CTA alignment.","Maintain contextual links from relevant supporting pages","Review only after Search Console evidence is supplied","Visible FAQPage, WebPage and BreadcrumbList maintained","Relevant agency workflow/tool-selection mentions","P1 — commercial owner","Yes — hub optimization pass","Homepage owns the global agency-management category; no duplicate exact-match page."
"agency management software with task management","Core / Agency Management","Commercial","/","Secondary","Mapped to existing page","Strengthen canonical owner with answer-first copy, related-hub links, FAQ and CTA alignment.","Maintain contextual links from relevant supporting pages","Review only after Search Console evidence is supplied","Visible FAQPage, WebPage and BreadcrumbList maintained","Relevant agency workflow/tool-selection mentions","P1 — commercial owner","Yes — hub optimization pass","Homepage owns the global agency-management category; no duplicate exact-match page."
"agency management software with reporting","Core / Agency Management","Commercial","/","Secondary","Mapped to existing page","Strengthen canonical owner with answer-first copy, related-hub links, FAQ and CTA alignment.","Maintain contextual links from relevant supporting pages","Review only after Search Console evidence is supplied","Visible FAQPage, WebPage and BreadcrumbList maintained","Relevant agency workflow/tool-selection mentions","P1 — commercial owner","Yes — hub optimization pass","Homepage owns the global agency-management category; no duplicate exact-match page."
"agency management software with team management","Core / Agency Management","Commercial","/","Secondary","Mapped to existing page","Strengthen canonical owner with answer-first copy, related-hub links, FAQ and CTA alignment.","Maintain contextual links from relevant supporting pages","Review only after Search Console evidence is supplied","Visible FAQPage, WebPage and BreadcrumbList maintained","Relevant agency workflow/tool-selection mentions","P1 — commercial owner","Yes — hub optimization pass","Homepage owns the global agency-management category; no duplicate exact-match page."
"agency management software with CRM and invoicing","Core / Agency Management","Commercial","/","Secondary","Mapped to existing page","Strengthen canonical owner with answer-first copy, related-hub links, FAQ and CTA alignment.","Maintain contextual links from relevant supporting pages","Review only after Search Console evidence is supplied","Visible FAQPage, WebPage and BreadcrumbList maintained","Relevant agency workflow/tool-selection mentions","P1 — commercial owner","Yes — hub optimization pass","Homepage owns the global agency-management category; no duplicate exact-match page."
"best all in one agency software","Core / Agency Management","Commercial","/","Secondary","Mapped to existing page","Strengthen canonical owner with answer-first copy, related-hub links, FAQ and CTA alignment.","Maintain contextual links from relevant supporting pages","Review only after Search Console evidence is supplied","Visible FAQPage, WebPage and BreadcrumbList maintained","Relevant agency workflow/tool-selection mentions","P1 — commercial owner","Yes — hub optimization pass","Homepage owns the global agency-management category; no duplicate exact-match page."
"complete agency management software","Core / Agency Management","Commercial","/","Secondary","Mapped to existing page","Strengthen canonical owner with answer-first copy, related-hub links, FAQ and CTA alignment.","Maintain contextual links from relevant supporting pages","Review only after Search Console evidence is supplied","Visible FAQPage, WebPage and BreadcrumbList maintained","Relevant agency workflow/tool-selection mentions","P1 — commercial owner","Yes — hub optimization pass","Homepage owns the global agency-management category; no duplicate exact-match page."
"integrated agency management software","Core / Agency Management","Commercial","/","Secondary","Mapped to existing page","Strengthen canonical owner with answer-first copy, related-hub links, FAQ and CTA alignment.","Maintain contextual links from relevant supporting pages","Review only after Search Console evidence is supplied","Visible FAQPage, WebPage and BreadcrumbList maintained","Relevant agency workflow/tool-selection mentions","P1 — commercial owner","Yes — hub optimization pass","Homepage owns the global agency-management category; no duplicate exact-match page."
"client agency management software","Core / Agency Management","Commercial","/","Secondary","Mapped to existing page","Strengthen canonical owner with answer-first copy, related-hub links, FAQ and CTA alignment.","Maintain contextual links from relevant supporting pages","Review only after Search Console evidence is supplied","Visible FAQPage, WebPage and BreadcrumbList maintained","Relevant agency workflow/tool-selection mentions","P1 — commercial owner","Yes — hub optimization pass","Homepage owns the global agency-management category; no duplicate exact-match page."
"professional services agency software","Core / Agency Management","Commercial","/","Secondary","Mapped to existing page","Strengthen canonical owner with answer-first copy, related-hub links, FAQ and CTA alignment.","Maintain contextual links from relevant supporting pages","Review only after Search Console evidence is supplied","Visible FAQPage, WebPage and BreadcrumbList maintained","Relevant agency workflow/tool-selection mentions","P1 — commercial owner","Yes — hub optimization pass","Homepage owns the global agency-management category; no duplicate exact-match page."
"client service management software","Core / Agency Management","Commercial","/","Secondary","Mapped to existing page","Strengthen canonical owner with answer-first copy, related-hub links, FAQ and CTA alignment.","Maintain contextual links from relevant supporting pages","Review only after Search Console evidence is supplied","Visible FAQPage, WebPage and BreadcrumbList maintained","Relevant agency workflow/tool-selection mentions","P1 — commercial owner","Yes — hub optimization pass","Homepage owns the global agency-management category; no duplicate exact-match page."
"client service agency software","Core / Agency Management","Commercial","/","Secondary","Mapped to existing page","Strengthen canonical owner with answer-first copy, related-hub links, FAQ and CTA alignment.","Maintain contextual links from relevant supporting pages","Review only after Search Console evidence is supplied","Visible FAQPage, WebPage and BreadcrumbList maintained","Relevant agency workflow/tool-selection mentions","P1 — commercial owner","Yes — hub optimization pass","Homepage owns the global agency-management category; no duplicate exact-match page."
"client delivery software","Core / Agency Management","Commercial","/","Secondary","Mapped to existing page","Strengthen canonical owner with answer-first copy, related-hub links, FAQ and CTA alignment.","Maintain contextual links from relevant supporting pages","Review only after Search Console evidence is supplied","Visible FAQPage, WebPage and BreadcrumbList maintained","Relevant agency workflow/tool-selection mentions","P1 — commercial owner","Yes — hub optimization pass","Homepage owns the global agency-management category; no duplicate exact-match page."
"client delivery platform","Core / Agency Management","Commercial","/","Secondary","Mapped to existing page","Strengthen canonical owner with answer-first copy, related-hub links, FAQ and CTA alignment.","Maintain contextual links from relevant supporting pages","Review only after Search Console evidence is supplied","Visible FAQPage, WebPage and BreadcrumbList maintained","Relevant agency workflow/tool-selection mentions","P1 — commercial owner","Yes — hub optimization pass","Homepage owns the global agency-management category; no duplicate exact-match page."
"client delivery management software","Core / Agency Management","Commercial","/","Secondary","Mapped to existing page","Strengthen canonical owner with answer-first copy, related-hub links, FAQ and CTA alignment.","Maintain contextual links from relevant supporting pages","Review only after Search Console evidence is supplied","Visible FAQPage, WebPage and BreadcrumbList maintained","Relevant agency workflow/tool-selection mentions","P1 — commercial owner","Yes — hub optimization pass","Homepage owns the global agency-management category; no duplicate exact-match page."
"agency delivery software","Core / Agency Management","Commercial","/","Secondary","Mapped to existing page","Strengthen canonical owner with answer-first copy, related-hub links, FAQ and CTA alignment.","Maintain contextual links from relevant supporting pages","Review only after Search Console evidence is supplied","Visible FAQPage, WebPage and BreadcrumbList maintained","Relevant agency workflow/tool-selection mentions","P1 — commercial owner","Yes — hub optimization pass","Homepage owns the global agency-management category; no duplicate exact-match page."
"agency delivery platform","Core / Agency Management","Commercial","/","Secondary","Mapped to existing page","Strengthen canonical owner with answer-first copy, related-hub links, FAQ and CTA alignment.","Maintain contextual links from relevant supporting pages","Review only after Search Console evidence is supplied","Visible FAQPage, WebPage and BreadcrumbList maintained","Relevant agency workflow/tool-selection mentions","P1 — commercial owner","Yes — hub optimization pass","Homepage owns the global agency-management category; no duplicate exact-match page."
"agency CRM","Agency CRM","Commercial","/agency-crm","Primary","Mapped to new page","Strengthen canonical owner with answer-first copy, related-hub links, FAQ and CTA alignment.","Maintain contextual links from relevant supporting pages","Review only after Search Console evidence is supplied","Visible FAQPage, WebPage and BreadcrumbList maintained","Relevant agency workflow/tool-selection mentions","P1 — commercial owner","Yes — hub optimization pass","Authoritative post-sale agency CRM hub."
"agency CRM software","Agency CRM","Commercial","/agency-crm","Secondary","Mapped to new page","Strengthen canonical owner with answer-first copy, related-hub links, FAQ and CTA alignment.","Maintain contextual links from relevant supporting pages","Review only after Search Console evidence is supplied","Visible FAQPage, WebPage and BreadcrumbList maintained","Relevant agency workflow/tool-selection mentions","P1 — commercial owner","Yes — hub optimization pass","Authoritative post-sale agency CRM hub."
"CRM for agencies","Agency CRM","Commercial","/agency-crm","Secondary","Mapped to new page","Strengthen canonical owner with answer-first copy, related-hub links, FAQ and CTA alignment.","Maintain contextual links from relevant supporting pages","Review only after Search Console evidence is supplied","Visible FAQPage, WebPage and BreadcrumbList maintained","Relevant agency workflow/tool-selection mentions","P1 — commercial owner","Yes — hub optimization pass","Authoritative post-sale agency CRM hub."
"CRM software for agencies","Agency CRM","Commercial","/agency-crm","Secondary","Mapped to new page","Strengthen canonical owner with answer-first copy, related-hub links, FAQ and CTA alignment.","Maintain contextual links from relevant supporting pages","Review only after Search Console evidence is supplied","Visible FAQPage, WebPage and BreadcrumbList maintained","Relevant agency workflow/tool-selection mentions","P1 — commercial owner","Yes — hub optimization pass","Authoritative post-sale agency CRM hub."
"best agency CRM","Agency CRM","Commercial","/agency-crm","Secondary","Mapped to new page","Strengthen canonical owner with answer-first copy, related-hub links, FAQ and CTA alignment.","Maintain contextual links from relevant supporting pages","Review only after Search Console evidence is supplied","Visible FAQPage, WebPage and BreadcrumbList maintained","Relevant agency workflow/tool-selection mentions","P1 — commercial owner","Yes — hub optimization pass","Authoritative post-sale agency CRM hub."
"best CRM for agencies","Agency CRM","Commercial","/agency-crm","Secondary","Mapped to new page","Strengthen canonical owner with answer-first copy, related-hub links, FAQ and CTA alignment.","Maintain contextual links from relevant supporting pages","Review only after Search Console evidence is supplied","Visible FAQPage, WebPage and BreadcrumbList maintained","Relevant agency workflow/tool-selection mentions","P1 — commercial owner","Yes — hub optimization pass","Authoritative post-sale agency CRM hub."
"best CRM software for agencies","Agency CRM","Commercial","/agency-crm","Secondary","Mapped to new page","Strengthen canonical owner with answer-first copy, related-hub links, FAQ and CTA alignment.","Maintain contextual links from relevant supporting pages","Review only after Search Console evidence is supplied","Visible FAQPage, WebPage and BreadcrumbList maintained","Relevant agency workflow/tool-selection mentions","P1 — commercial owner","Yes — hub optimization pass","Authoritative post-sale agency CRM hub."
"free agency CRM","Agency CRM","Commercial","/agency-crm","Secondary","Mapped to new page","Strengthen canonical owner with answer-first copy, related-hub links, FAQ and CTA alignment.","Maintain contextual links from relevant supporting pages","Review only after Search Console evidence is supplied","Visible FAQPage, WebPage and BreadcrumbList maintained","Relevant agency workflow/tool-selection mentions","P1 — commercial owner","Yes — hub optimization pass","Authoritative post-sale agency CRM hub."
"free CRM for agencies","Agency CRM","Commercial","/agency-crm","Secondary","Mapped to new page","Strengthen canonical owner with answer-first copy, related-hub links, FAQ and CTA alignment.","Maintain contextual links from relevant supporting pages","Review only after Search Console evidence is supplied","Visible FAQPage, WebPage and BreadcrumbList maintained","Relevant agency workflow/tool-selection mentions","P1 — commercial owner","Yes — hub optimization pass","Authoritative post-sale agency CRM hub."
"affordable agency CRM","Agency CRM","Commercial","/agency-crm","Secondary","Mapped to new page","Strengthen canonical owner with answer-first copy, related-hub links, FAQ and CTA alignment.","Maintain contextual links from relevant supporting pages","Review only after Search Console evidence is supplied","Visible FAQPage, WebPage and BreadcrumbList maintained","Relevant agency workflow/tool-selection mentions","P1 — commercial owner","Yes — hub optimization pass","Authoritative post-sale agency CRM hub."
"simple CRM for agencies","Agency CRM","Commercial","/agency-crm","Secondary","Mapped to new page","Strengthen canonical owner with answer-first copy, related-hub links, FAQ and CTA alignment.","Maintain contextual links from relevant supporting pages","Review only after Search Console evidence is supplied","Visible FAQPage, WebPage and BreadcrumbList maintained","Relevant agency workflow/tool-selection mentions","P1 — commercial owner","Yes — hub optimization pass","Authoritative post-sale agency CRM hub."
"easy CRM for agencies","Agency CRM","Commercial","/agency-crm","Secondary","Mapped to new page","Strengthen canonical owner with answer-first copy, related-hub links, FAQ and CTA alignment.","Maintain contextual links from relevant supporting pages","Review only after Search Console evidence is supplied","Visible FAQPage, WebPage and BreadcrumbList maintained","Relevant agency workflow/tool-selection mentions","P1 — commercial owner","Yes — hub optimization pass","Authoritative post-sale agency CRM hub."
"lightweight agency CRM","Agency CRM","Commercial","/agency-crm","Secondary","Mapped to new page","Strengthen canonical owner with answer-first copy, related-hub links, FAQ and CTA alignment.","Maintain contextual links from relevant supporting pages","Review only after Search Console evidence is supplied","Visible FAQPage, WebPage and BreadcrumbList maintained","Relevant agency workflow/tool-selection mentions","P1 — commercial owner","Yes — hub optimization pass","Authoritative post-sale agency CRM hub."
"modern agency CRM","Agency CRM","Commercial","/agency-crm","Secondary","Mapped to new page","Strengthen canonical owner with answer-first copy, related-hub links, FAQ and CTA alignment.","Maintain contextual links from relevant supporting pages","Review only after Search Console evidence is supplied","Visible FAQPage, WebPage and BreadcrumbList maintained","Relevant agency workflow/tool-selection mentions","P1 — commercial owner","Yes — hub optimization pass","Authoritative post-sale agency CRM hub."
"small agency CRM","Agency CRM","Commercial","/agency-crm","Secondary","Mapped to new page","Strengthen canonical owner with answer-first copy, related-hub links, FAQ and CTA alignment.","Maintain contextual links from relevant supporting pages","Review only after Search Console evidence is supplied","Visible FAQPage, WebPage and BreadcrumbList maintained","Relevant agency workflow/tool-selection mentions","P1 — commercial owner","Yes — hub optimization pass","Authoritative post-sale agency CRM hub."
"CRM for small agencies","Agency CRM","Commercial","/agency-crm","Secondary","Mapped to new page","Strengthen canonical owner with answer-first copy, related-hub links, FAQ and CTA alignment.","Maintain contextual links from relevant supporting pages","Review only after Search Console evidence is supplied","Visible FAQPage, WebPage and BreadcrumbList maintained","Relevant agency workflow/tool-selection mentions","P1 — commercial owner","Yes — hub optimization pass","Authoritative post-sale agency CRM hub."
"CRM for growing agencies","Agency CRM","Commercial","/agency-crm","Secondary","Mapped to new page","Strengthen canonical owner with answer-first copy, related-hub links, FAQ and CTA alignment.","Maintain contextual links from relevant supporting pages","Review only after Search Console evidence is supplied","Visible FAQPage, WebPage and BreadcrumbList maintained","Relevant agency workflow/tool-selection mentions","P1 — commercial owner","Yes — hub optimization pass","Authoritative post-sale agency CRM hub."
"CRM for creative agencies","Agency CRM","Commercial","/agency-crm","Secondary","Mapped to new page","Strengthen canonical owner with answer-first copy, related-hub links, FAQ and CTA alignment.","Maintain contextual links from relevant supporting pages","Review only after Search Console evidence is supplied","Visible FAQPage, WebPage and BreadcrumbList maintained","Relevant agency workflow/tool-selection mentions","P1 — commercial owner","Yes — hub optimization pass","Authoritative post-sale agency CRM hub."
"CRM for digital agencies","Agency CRM","Commercial","/agency-crm","Secondary","Mapped to new page","Strengthen canonical owner with answer-first copy, related-hub links, FAQ and CTA alignment.","Maintain contextual links from relevant supporting pages","Review only after Search Console evidence is supplied","Visible FAQPage, WebPage and BreadcrumbList maintained","Relevant agency workflow/tool-selection mentions","P1 — commercial owner","Yes — hub optimization pass","Authoritative post-sale agency CRM hub."
"CRM for marketing agencies","Agency CRM","Commercial","/agency-crm","Secondary","Mapped to new page","Strengthen canonical owner with answer-first copy, related-hub links, FAQ and CTA alignment.","Maintain contextual links from relevant supporting pages","Review only after Search Console evidence is supplied","Visible FAQPage, WebPage and BreadcrumbList maintained","Relevant agency workflow/tool-selection mentions","P1 — commercial owner","Yes — hub optimization pass","Authoritative post-sale agency CRM hub."
"CRM for advertising agencies","Agency CRM","Commercial","/agency-crm","Secondary","Mapped to new page","Strengthen canonical owner with answer-first copy, related-hub links, FAQ and CTA alignment.","Maintain contextual links from relevant supporting pages","Review only after Search Console evidence is supplied","Visible FAQPage, WebPage and BreadcrumbList maintained","Relevant agency workflow/tool-selection mentions","P1 — commercial owner","Yes — hub optimization pass","Authoritative post-sale agency CRM hub."
"CRM for branding agencies","Agency CRM","Commercial","/agency-crm","Secondary","Mapped to new page","Strengthen canonical owner with answer-first copy, related-hub links, FAQ and CTA alignment.","Maintain contextual links from relevant supporting pages","Review only after Search Console evidence is supplied","Visible FAQPage, WebPage and BreadcrumbList maintained","Relevant agency workflow/tool-selection mentions","P1 — commercial owner","Yes — hub optimization pass","Authoritative post-sale agency CRM hub."
"CRM for design agencies","Agency CRM","Commercial","/agency-crm","Secondary","Mapped to new page","Strengthen canonical owner with answer-first copy, related-hub links, FAQ and CTA alignment.","Maintain contextual links from relevant supporting pages","Review only after Search Console evidence is supplied","Visible FAQPage, WebPage and BreadcrumbList maintained","Relevant agency workflow/tool-selection mentions","P1 — commercial owner","Yes — hub optimization pass","Authoritative post-sale agency CRM hub."
"CRM for web agencies","Agency CRM","Commercial","/agency-crm","Secondary","Mapped to new page","Strengthen canonical owner with answer-first copy, related-hub links, FAQ and CTA alignment.","Maintain contextual links from relevant supporting pages","Review only after Search Console evidence is supplied","Visible FAQPage, WebPage and BreadcrumbList maintained","Relevant agency workflow/tool-selection mentions","P1 — commercial owner","Yes — hub optimization pass","Authoritative post-sale agency CRM hub."
"CRM for web development agencies","Agency CRM","Commercial","/agency-crm","Secondary","Mapped to new page","Strengthen canonical owner with answer-first copy, related-hub links, FAQ and CTA alignment.","Maintain contextual links from relevant supporting pages","Review only after Search Console evidence is supplied","Visible FAQPage, WebPage and BreadcrumbList maintained","Relevant agency workflow/tool-selection mentions","P1 — commercial owner","Yes — hub optimization pass","Authoritative post-sale agency CRM hub."
"CRM for SEO agencies","Agency CRM","Commercial","/agency-crm","Secondary","Mapped to new page","Strengthen canonical owner with answer-first copy, related-hub links, FAQ and CTA alignment.","Maintain contextual links from relevant supporting pages","Review only after Search Console evidence is supplied","Visible FAQPage, WebPage and BreadcrumbList maintained","Relevant agency workflow/tool-selection mentions","P1 — commercial owner","Yes — hub optimization pass","Authoritative post-sale agency CRM hub."
"CRM for social media agencies","Agency CRM","Commercial","/agency-crm","Secondary","Mapped to new page","Strengthen canonical owner with answer-first copy, related-hub links, FAQ and CTA alignment.","Maintain contextual links from relevant supporting pages","Review only after Search Console evidence is supplied","Visible FAQPage, WebPage and BreadcrumbList maintained","Relevant agency workflow/tool-selection mentions","P1 — commercial owner","Yes — hub optimization pass","Authoritative post-sale agency CRM hub."
"CRM for PR agencies","Agency CRM","Commercial","/agency-crm","Secondary","Mapped to new page","Strengthen canonical owner with answer-first copy, related-hub links, FAQ and CTA alignment.","Maintain contextual links from relevant supporting pages","Review only after Search Console evidence is supplied","Visible FAQPage, WebPage and BreadcrumbList maintained","Relevant agency workflow/tool-selection mentions","P1 — commercial owner","Yes — hub optimization pass","Authoritative post-sale agency CRM hub."
"CRM for content agencies","Agency CRM","Commercial","/agency-crm","Secondary","Mapped to new page","Strengthen canonical owner with answer-first copy, related-hub links, FAQ and CTA alignment.","Maintain contextual links from relevant supporting pages","Review only after Search Console evidence is supplied","Visible FAQPage, WebPage and BreadcrumbList maintained","Relevant agency workflow/tool-selection mentions","P1 — commercial owner","Yes — hub optimization pass","Authoritative post-sale agency CRM hub."
"CRM for consulting agencies","Agency CRM","Commercial","/agency-crm","Secondary","Mapped to new page","Strengthen canonical owner with answer-first copy, related-hub links, FAQ and CTA alignment.","Maintain contextual links from relevant supporting pages","Review only after Search Console evidence is supplied","Visible FAQPage, WebPage and BreadcrumbList maintained","Relevant agency workflow/tool-selection mentions","P1 — commercial owner","Yes — hub optimization pass","Authoritative post-sale agency CRM hub."
"CRM for consultants","Agency CRM","Commercial","/agency-crm","Secondary","Mapped to new page","Strengthen canonical owner with answer-first copy, related-hub links, FAQ and CTA alignment.","Maintain contextual links from relevant supporting pages","Review only after Search Console evidence is supplied","Visible FAQPage, WebPage and BreadcrumbList maintained","Relevant agency workflow/tool-selection mentions","P1 — commercial owner","Yes — hub optimization pass","Authoritative post-sale agency CRM hub."
"CRM for freelancers","Agency CRM","Commercial","/agency-crm","Secondary","Mapped to new page","Strengthen canonical owner with answer-first copy, related-hub links, FAQ and CTA alignment.","Maintain contextual links from relevant supporting pages","Review only after Search Console evidence is supplied","Visible FAQPage, WebPage and BreadcrumbList maintained","Relevant agency workflow/tool-selection mentions","P1 — commercial owner","Yes — hub optimization pass","Authoritative post-sale agency CRM hub."
"CRM for service businesses","Agency CRM","Commercial","/agency-crm","Secondary","Mapped to new page","Strengthen canonical owner with answer-first copy, related-hub links, FAQ and CTA alignment.","Maintain contextual links from relevant supporting pages","Review only after Search Console evidence is supplied","Visible FAQPage, WebPage and BreadcrumbList maintained","Relevant agency workflow/tool-selection mentions","P1 — commercial owner","Yes — hub optimization pass","Authoritative post-sale agency CRM hub."
"service business CRM","Agency CRM","Commercial","/agency-crm","Secondary","Mapped to new page","Strengthen canonical owner with answer-first copy, related-hub links, FAQ and CTA alignment.","Maintain contextual links from relevant supporting pages","Review only after Search Console evidence is supplied","Visible FAQPage, WebPage and BreadcrumbList maintained","Relevant agency workflow/tool-selection mentions","P1 — commercial owner","Yes — hub optimization pass","Authoritative post-sale agency CRM hub."
"client CRM software","Agency CRM","Commercial","/agency-crm","Secondary","Mapped to new page","Strengthen canonical owner with answer-first copy, related-hub links, FAQ and CTA alignment.","Maintain contextual links from relevant supporting pages","Review only after Search Console evidence is supplied","Visible FAQPage, WebPage and BreadcrumbList maintained","Relevant agency workflow/tool-selection mentions","P1 — commercial owner","Yes — hub optimization pass","Authoritative post-sale agency CRM hub."
"client management CRM","Agency CRM","Commercial","/agency-crm","Secondary","Mapped to new page","Strengthen canonical owner with answer-first copy, related-hub links, FAQ and CTA alignment.","Maintain contextual links from relevant supporting pages","Review only after Search Console evidence is supplied","Visible FAQPage, WebPage and BreadcrumbList maintained","Relevant agency workflow/tool-selection mentions","P1 — commercial owner","Yes — hub optimization pass","Authoritative post-sale agency CRM hub."
"agency client CRM","Agency CRM","Commercial","/agency-crm","Secondary","Mapped to new page","Strengthen canonical owner with answer-first copy, related-hub links, FAQ and CTA alignment.","Maintain contextual links from relevant supporting pages","Review only after Search Console evidence is supplied","Visible FAQPage, WebPage and BreadcrumbList maintained","Relevant agency workflow/tool-selection mentions","P1 — commercial owner","Yes — hub optimization pass","Authoritative post-sale agency CRM hub."
"CRM with client portal","Agency CRM","Commercial","/agency-crm","Secondary","Mapped to new page","Strengthen canonical owner with answer-first copy, related-hub links, FAQ and CTA alignment.","Maintain contextual links from relevant supporting pages","Review only after Search Console evidence is supplied","Visible FAQPage, WebPage and BreadcrumbList maintained","Relevant agency workflow/tool-selection mentions","P1 — commercial owner","Yes — hub optimization pass","Authoritative post-sale agency CRM hub."
"CRM with project management","Agency CRM","Commercial","/agency-crm","Secondary","Mapped to new page","Strengthen canonical owner with answer-first copy, related-hub links, FAQ and CTA alignment.","Maintain contextual links from relevant supporting pages","Review only after Search Console evidence is supplied","Visible FAQPage, WebPage and BreadcrumbList maintained","Relevant agency workflow/tool-selection mentions","P1 — commercial owner","Yes — hub optimization pass","Authoritative post-sale agency CRM hub."
"CRM with project management and invoicing","Agency CRM","Commercial","/agency-crm","Secondary","Mapped to new page","Strengthen canonical owner with answer-first copy, related-hub links, FAQ and CTA alignment.","Maintain contextual links from relevant supporting pages","Review only after Search Console evidence is supplied","Visible FAQPage, WebPage and BreadcrumbList maintained","Relevant agency workflow/tool-selection mentions","P1 — commercial owner","Yes — hub optimization pass","Authoritative post-sale agency CRM hub."
"CRM with invoicing","Agency CRM","Commercial","/agency-crm","Secondary","Mapped to new page","Strengthen canonical owner with answer-first copy, related-hub links, FAQ and CTA alignment.","Maintain contextual links from relevant supporting pages","Review only after Search Console evidence is supplied","Visible FAQPage, WebPage and BreadcrumbList maintained","Relevant agency workflow/tool-selection mentions","P1 — commercial owner","Yes — hub optimization pass","Authoritative post-sale agency CRM hub."
"CRM with billing","Agency CRM","Commercial","/agency-crm","Secondary","Mapped to new page","Strengthen canonical owner with answer-first copy, related-hub links, FAQ and CTA alignment.","Maintain contextual links from relevant supporting pages","Review only after Search Console evidence is supplied","Visible FAQPage, WebPage and BreadcrumbList maintained","Relevant agency workflow/tool-selection mentions","P1 — commercial owner","Yes — hub optimization pass","Authoritative post-sale agency CRM hub."
"CRM for managing clients","Agency CRM","Commercial","/agency-crm","Secondary","Mapped to new page","Strengthen canonical owner with answer-first copy, related-hub links, FAQ and CTA alignment.","Maintain contextual links from relevant supporting pages","Review only after Search Console evidence is supplied","Visible FAQPage, WebPage and BreadcrumbList maintained","Relevant agency workflow/tool-selection mentions","P1 — commercial owner","Yes — hub optimization pass","Authoritative post-sale agency CRM hub."
"client relationship management software for agencies","Agency CRM","Commercial","/agency-crm","Secondary","Mapped to new page","Strengthen canonical owner with answer-first copy, related-hub links, FAQ and CTA alignment.","Maintain contextual links from relevant supporting pages","Review only after Search Console evidence is supplied","Visible FAQPage, WebPage and BreadcrumbList maintained","Relevant agency workflow/tool-selection mentions","P1 — commercial owner","Yes — hub optimization pass","Authoritative post-sale agency CRM hub."
"agency relationship management software","Agency CRM","Commercial","/agency-crm","Secondary","Mapped to new page","Strengthen canonical owner with answer-first copy, related-hub links, FAQ and CTA alignment.","Maintain contextual links from relevant supporting pages","Review only after Search Console evidence is supplied","Visible FAQPage, WebPage and BreadcrumbList maintained","Relevant agency workflow/tool-selection mentions","P1 — commercial owner","Yes — hub optimization pass","Authoritative post-sale agency CRM hub."
"post sales CRM","Agency CRM","Commercial","/agency-crm","Secondary","Mapped to new page","Strengthen canonical owner with answer-first copy, related-hub links, FAQ and CTA alignment.","Maintain contextual links from relevant supporting pages","Review only after Search Console evidence is supplied","Visible FAQPage, WebPage and BreadcrumbList maintained","Relevant agency workflow/tool-selection mentions","P1 — commercial owner","Yes — hub optimization pass","Authoritative post-sale agency CRM hub."
"client delivery CRM","Agency CRM","Commercial","/agency-crm","Secondary","Mapped to new page","Strengthen canonical owner with answer-first copy, related-hub links, FAQ and CTA alignment.","Maintain contextual links from relevant supporting pages","Review only after Search Console evidence is supplied","Visible FAQPage, WebPage and BreadcrumbList maintained","Relevant agency workflow/tool-selection mentions","P1 — commercial owner","Yes — hub optimization pass","Authoritative post-sale agency CRM hub."
"CRM for client delivery","Agency CRM","Commercial","/agency-crm","Secondary","Mapped to new page","Strengthen canonical owner with answer-first copy, related-hub links, FAQ and CTA alignment.","Maintain contextual links from relevant supporting pages","Review only after Search Console evidence is supplied","Visible FAQPage, WebPage and BreadcrumbList maintained","Relevant agency workflow/tool-selection mentions","P1 — commercial owner","Yes — hub optimization pass","Authoritative post-sale agency CRM hub."
"CRM after sales pipeline","Agency CRM","Commercial","/agency-crm","Secondary","Mapped to new page","Strengthen canonical owner with answer-first copy, related-hub links, FAQ and CTA alignment.","Maintain contextual links from relevant supporting pages","Review only after Search Console evidence is supplied","Visible FAQPage, WebPage and BreadcrumbList maintained","Relevant agency workflow/tool-selection mentions","P1 — commercial owner","Yes — hub optimization pass","Authoritative post-sale agency CRM hub."
"CRM for client projects","Agency CRM","Commercial","/agency-crm","Secondary","Mapped to new page","Strengthen canonical owner with answer-first copy, related-hub links, FAQ and CTA alignment.","Maintain contextual links from relevant supporting pages","Review only after Search Console evidence is supplied","Visible FAQPage, WebPage and BreadcrumbList maintained","Relevant agency workflow/tool-selection mentions","P1 — commercial owner","Yes — hub optimization pass","Authoritative post-sale agency CRM hub."
"CRM for recurring clients","Agency CRM","Commercial","/agency-crm","Secondary","Mapped to new page","Strengthen canonical owner with answer-first copy, related-hub links, FAQ and CTA alignment.","Maintain contextual links from relevant supporting pages","Review only after Search Console evidence is supplied","Visible FAQPage, WebPage and BreadcrumbList maintained","Relevant agency workflow/tool-selection mentions","P1 — commercial owner","Yes — hub optimization pass","Authoritative post-sale agency CRM hub."
"CRM for retainer clients","Agency CRM","Commercial","/agency-crm","Secondary","Mapped to new page","Strengthen canonical owner with answer-first copy, related-hub links, FAQ and CTA alignment.","Maintain contextual links from relevant supporting pages","Review only after Search Console evidence is supplied","Visible FAQPage, WebPage and BreadcrumbList maintained","Relevant agency workflow/tool-selection mentions","P1 — commercial owner","Yes — hub optimization pass","Authoritative post-sale agency CRM hub."
"client portal","Client Portal","Commercial","/client-portal","Secondary","Mapped to new page","Strengthen canonical owner with answer-first copy, related-hub links, FAQ and CTA alignment.","Maintain contextual links from relevant supporting pages","Review only after Search Console evidence is supplied","Visible FAQPage, WebPage and BreadcrumbList maintained","Relevant agency workflow/tool-selection mentions","P1 — commercial owner","Yes — hub optimization pass","Authoritative client portal hub; /features/client-portal supports product-detail intent."
"client portal software","Client Portal","Commercial","/client-portal","Secondary","Mapped to new page","Strengthen canonical owner with answer-first copy, related-hub links, FAQ and CTA alignment.","Maintain contextual links from relevant supporting pages","Review only after Search Console evidence is supplied","Visible FAQPage, WebPage and BreadcrumbList maintained","Relevant agency workflow/tool-selection mentions","P1 — commercial owner","Yes — hub optimization pass","Authoritative client portal hub; /features/client-portal supports product-detail intent."
"client portal platform","Client Portal","Commercial","/client-portal","Secondary","Mapped to new page","Strengthen canonical owner with answer-first copy, related-hub links, FAQ and CTA alignment.","Maintain contextual links from relevant supporting pages","Review only after Search Console evidence is supplied","Visible FAQPage, WebPage and BreadcrumbList maintained","Relevant agency workflow/tool-selection mentions","P1 — commercial owner","Yes — hub optimization pass","Authoritative client portal hub; /features/client-portal supports product-detail intent."
"client portal app","Client Portal","Commercial","/client-portal","Secondary","Mapped to new page","Strengthen canonical owner with answer-first copy, related-hub links, FAQ and CTA alignment.","Maintain contextual links from relevant supporting pages","Review only after Search Console evidence is supplied","Visible FAQPage, WebPage and BreadcrumbList maintained","Relevant agency workflow/tool-selection mentions","P1 — commercial owner","Yes — hub optimization pass","Authoritative client portal hub; /features/client-portal supports product-detail intent."
"online client portal","Client Portal","Commercial","/client-portal","Secondary","Mapped to new page","Strengthen canonical owner with answer-first copy, related-hub links, FAQ and CTA alignment.","Maintain contextual links from relevant supporting pages","Review only after Search Console evidence is supplied","Visible FAQPage, WebPage and BreadcrumbList maintained","Relevant agency workflow/tool-selection mentions","P1 — commercial owner","Yes — hub optimization pass","Authoritative client portal hub; /features/client-portal supports product-detail intent."
"client management portal","Client Portal","Commercial","/client-portal","Secondary","Mapped to new page","Strengthen canonical owner with answer-first copy, related-hub links, FAQ and CTA alignment.","Maintain contextual links from relevant supporting pages","Review only after Search Console evidence is supplied","Visible FAQPage, WebPage and BreadcrumbList maintained","Relevant agency workflow/tool-selection mentions","P1 — commercial owner","Yes — hub optimization pass","Authoritative client portal hub; /features/client-portal supports product-detail intent."
"customer portal software","Client Portal","Commercial","/client-portal","Secondary","Mapped to new page","Strengthen canonical owner with answer-first copy, related-hub links, FAQ and CTA alignment.","Maintain contextual links from relevant supporting pages","Review only after Search Console evidence is supplied","Visible FAQPage, WebPage and BreadcrumbList maintained","Relevant agency workflow/tool-selection mentions","P1 — commercial owner","Yes — hub optimization pass","Authoritative client portal hub; /features/client-portal supports product-detail intent."
"client dashboard software","Client Portal","Commercial","/client-portal","Secondary","Mapped to new page","Strengthen canonical owner with answer-first copy, related-hub links, FAQ and CTA alignment.","Maintain contextual links from relevant supporting pages","Review only after Search Console evidence is supplied","Visible FAQPage, WebPage and BreadcrumbList maintained","Relevant agency workflow/tool-selection mentions","P1 — commercial owner","Yes — hub optimization pass","Authoritative client portal hub; /features/client-portal supports product-detail intent."
"customer dashboard software","Client Portal","Commercial","/client-portal","Secondary","Mapped to new page","Strengthen canonical owner with answer-first copy, related-hub links, FAQ and CTA alignment.","Maintain contextual links from relevant supporting pages","Review only after Search Console evidence is supplied","Visible FAQPage, WebPage and BreadcrumbList maintained","Relevant agency workflow/tool-selection mentions","P1 — commercial owner","Yes — hub optimization pass","Authoritative client portal hub; /features/client-portal supports product-detail intent."
"client workspace","Client Portal","Commercial","/client-portal","Secondary","Mapped to new page","Strengthen canonical owner with answer-first copy, related-hub links, FAQ and CTA alignment.","Maintain contextual links from relevant supporting pages","Review only after Search Console evidence is supplied","Visible FAQPage, WebPage and BreadcrumbList maintained","Relevant agency workflow/tool-selection mentions","P1 — commercial owner","Yes — hub optimization pass","Authoritative client portal hub; /features/client-portal supports product-detail intent."
"client workspace software","Client Portal","Commercial","/client-portal","Secondary","Mapped to new page","Strengthen canonical owner with answer-first copy, related-hub links, FAQ and CTA alignment.","Maintain contextual links from relevant supporting pages","Review only after Search Console evidence is supplied","Visible FAQPage, WebPage and BreadcrumbList maintained","Relevant agency workflow/tool-selection mentions","P1 — commercial owner","Yes — hub optimization pass","Authoritative client portal hub; /features/client-portal supports product-detail intent."
"client portal for agencies","Client Portal","Commercial","/client-portal","Primary","Mapped to new page","Strengthen canonical owner with answer-first copy, related-hub links, FAQ and CTA alignment.","Maintain contextual links from relevant supporting pages","Review only after Search Console evidence is supplied","Visible FAQPage, WebPage and BreadcrumbList maintained","Relevant agency workflow/tool-selection mentions","P1 — commercial owner","Yes — hub optimization pass","Authoritative client portal hub; /features/client-portal supports product-detail intent."
"client portal software for agencies","Client Portal","Commercial","/client-portal","Secondary","Mapped to new page","Strengthen canonical owner with answer-first copy, related-hub links, FAQ and CTA alignment.","Maintain contextual links from relevant supporting pages","Review only after Search Console evidence is supplied","Visible FAQPage, WebPage and BreadcrumbList maintained","Relevant agency workflow/tool-selection mentions","P1 — commercial owner","Yes — hub optimization pass","Authoritative client portal hub; /features/client-portal supports product-detail intent."
"agency client portal","Client Portal","Commercial","/client-portal","Secondary","Mapped to new page","Strengthen canonical owner with answer-first copy, related-hub links, FAQ and CTA alignment.","Maintain contextual links from relevant supporting pages","Review only after Search Console evidence is supplied","Visible FAQPage, WebPage and BreadcrumbList maintained","Relevant agency workflow/tool-selection mentions","P1 — commercial owner","Yes — hub optimization pass","Authoritative client portal hub; /features/client-portal supports product-detail intent."
"agency client portal software","Client Portal","Commercial","/client-portal","Secondary","Mapped to new page","Strengthen canonical owner with answer-first copy, related-hub links, FAQ and CTA alignment.","Maintain contextual links from relevant supporting pages","Review only after Search Console evidence is supplied","Visible FAQPage, WebPage and BreadcrumbList maintained","Relevant agency workflow/tool-selection mentions","P1 — commercial owner","Yes — hub optimization pass","Authoritative client portal hub; /features/client-portal supports product-detail intent."
"best client portal for agencies","Client Portal","Commercial","/client-portal","Secondary","Mapped to new page","Strengthen canonical owner with answer-first copy, related-hub links, FAQ and CTA alignment.","Maintain contextual links from relevant supporting pages","Review only after Search Console evidence is supplied","Visible FAQPage, WebPage and BreadcrumbList maintained","Relevant agency workflow/tool-selection mentions","P1 — commercial owner","Yes — hub optimization pass","Authoritative client portal hub; /features/client-portal supports product-detail intent."
"client portal for marketing agencies","Client Portal","Commercial","/client-portal","Secondary","Mapped to new page","Strengthen canonical owner with answer-first copy, related-hub links, FAQ and CTA alignment.","Maintain contextual links from relevant supporting pages","Review only after Search Console evidence is supplied","Visible FAQPage, WebPage and BreadcrumbList maintained","Relevant agency workflow/tool-selection mentions","P1 — commercial owner","Yes — hub optimization pass","Authoritative client portal hub; /features/client-portal supports product-detail intent."
"client portal for digital agencies","Client Portal","Commercial","/client-portal","Secondary","Mapped to new page","Strengthen canonical owner with answer-first copy, related-hub links, FAQ and CTA alignment.","Maintain contextual links from relevant supporting pages","Review only after Search Console evidence is supplied","Visible FAQPage, WebPage and BreadcrumbList maintained","Relevant agency workflow/tool-selection mentions","P1 — commercial owner","Yes — hub optimization pass","Authoritative client portal hub; /features/client-portal supports product-detail intent."
"client portal for creative agencies","Client Portal","Commercial","/client-portal","Secondary","Mapped to new page","Strengthen canonical owner with answer-first copy, related-hub links, FAQ and CTA alignment.","Maintain contextual links from relevant supporting pages","Review only after Search Console evidence is supplied","Visible FAQPage, WebPage and BreadcrumbList maintained","Relevant agency workflow/tool-selection mentions","P1 — commercial owner","Yes — hub optimization pass","Authoritative client portal hub; /features/client-portal supports product-detail intent."
"client portal for design agencies","Client Portal","Commercial","/client-portal","Secondary","Mapped to new page","Strengthen canonical owner with answer-first copy, related-hub links, FAQ and CTA alignment.","Maintain contextual links from relevant supporting pages","Review only after Search Console evidence is supplied","Visible FAQPage, WebPage and BreadcrumbList maintained","Relevant agency workflow/tool-selection mentions","P1 — commercial owner","Yes — hub optimization pass","Authoritative client portal hub; /features/client-portal supports product-detail intent."
"client portal for web agencies","Client Portal","Commercial","/client-portal","Secondary","Mapped to new page","Strengthen canonical owner with answer-first copy, related-hub links, FAQ and CTA alignment.","Maintain contextual links from relevant supporting pages","Review only after Search Console evidence is supplied","Visible FAQPage, WebPage and BreadcrumbList maintained","Relevant agency workflow/tool-selection mentions","P1 — commercial owner","Yes — hub optimization pass","Authoritative client portal hub; /features/client-portal supports product-detail intent."
"client portal for SEO agencies","Client Portal","Commercial","/client-portal","Secondary","Mapped to new page","Strengthen canonical owner with answer-first copy, related-hub links, FAQ and CTA alignment.","Maintain contextual links from relevant supporting pages","Review only after Search Console evidence is supplied","Visible FAQPage, WebPage and BreadcrumbList maintained","Relevant agency workflow/tool-selection mentions","P1 — commercial owner","Yes — hub optimization pass","Authoritative client portal hub; /features/client-portal supports product-detail intent."
"client portal for branding agencies","Client Portal","Commercial","/client-portal","Secondary","Mapped to new page","Strengthen canonical owner with answer-first copy, related-hub links, FAQ and CTA alignment.","Maintain contextual links from relevant supporting pages","Review only after Search Console evidence is supplied","Visible FAQPage, WebPage and BreadcrumbList maintained","Relevant agency workflow/tool-selection mentions","P1 — commercial owner","Yes — hub optimization pass","Authoritative client portal hub; /features/client-portal supports product-detail intent."
"client portal for advertising agencies","Client Portal","Commercial","/client-portal","Secondary","Mapped to new page","Strengthen canonical owner with answer-first copy, related-hub links, FAQ and CTA alignment.","Maintain contextual links from relevant supporting pages","Review only after Search Console evidence is supplied","Visible FAQPage, WebPage and BreadcrumbList maintained","Relevant agency workflow/tool-selection mentions","P1 — commercial owner","Yes — hub optimization pass","Authoritative client portal hub; /features/client-portal supports product-detail intent."
"client portal for consultants","Client Portal","Commercial","/client-portal","Secondary","Mapped to new page","Strengthen canonical owner with answer-first copy, related-hub links, FAQ and CTA alignment.","Maintain contextual links from relevant supporting pages","Review only after Search Console evidence is supplied","Visible FAQPage, WebPage and BreadcrumbList maintained","Relevant agency workflow/tool-selection mentions","P1 — commercial owner","Yes — hub optimization pass","Authoritative client portal hub; /features/client-portal supports product-detail intent."
"client portal for freelancers","Client Portal","Commercial","/client-portal","Secondary","Mapped to new page","Strengthen canonical owner with answer-first copy, related-hub links, FAQ and CTA alignment.","Maintain contextual links from relevant supporting pages","Review only after Search Console evidence is supplied","Visible FAQPage, WebPage and BreadcrumbList maintained","Relevant agency workflow/tool-selection mentions","P1 — commercial owner","Yes — hub optimization pass","Authoritative client portal hub; /features/client-portal supports product-detail intent."
"freelancer client portal software","Client Portal","Commercial","/client-portal","Secondary","Mapped to new page","Strengthen canonical owner with answer-first copy, related-hub links, FAQ and CTA alignment.","Maintain contextual links from relevant supporting pages","Review only after Search Console evidence is supplied","Visible FAQPage, WebPage and BreadcrumbList maintained","Relevant agency workflow/tool-selection mentions","P1 — commercial owner","Yes — hub optimization pass","Authoritative client portal hub; /features/client-portal supports product-detail intent."
"branded client portal","Client Portal","Commercial","/client-portal","Secondary","Mapped to new page","Strengthen canonical owner with answer-first copy, related-hub links, FAQ and CTA alignment.","Maintain contextual links from relevant supporting pages","Review only after Search Console evidence is supplied","Visible FAQPage, WebPage and BreadcrumbList maintained","Relevant agency workflow/tool-selection mentions","P1 — commercial owner","Yes — hub optimization pass","Authoritative client portal hub; /features/client-portal supports product-detail intent."
"branded client portal software","Client Portal","Commercial","/client-portal","Secondary","Mapped to new page","Strengthen canonical owner with answer-first copy, related-hub links, FAQ and CTA alignment.","Maintain contextual links from relevant supporting pages","Review only after Search Console evidence is supplied","Visible FAQPage, WebPage and BreadcrumbList maintained","Relevant agency workflow/tool-selection mentions","P1 — commercial owner","Yes — hub optimization pass","Authoritative client portal hub; /features/client-portal supports product-detail intent."
"custom branded client portal","Client Portal","Commercial","/client-portal","Secondary","Mapped to new page","Strengthen canonical owner with answer-first copy, related-hub links, FAQ and CTA alignment.","Maintain contextual links from relevant supporting pages","Review only after Search Console evidence is supplied","Visible FAQPage, WebPage and BreadcrumbList maintained","Relevant agency workflow/tool-selection mentions","P1 — commercial owner","Yes — hub optimization pass","Authoritative client portal hub; /features/client-portal supports product-detail intent."
"customizable client portal","Client Portal","Commercial","/client-portal","Secondary","Mapped to new page","Strengthen canonical owner with answer-first copy, related-hub links, FAQ and CTA alignment.","Maintain contextual links from relevant supporting pages","Review only after Search Console evidence is supplied","Visible FAQPage, WebPage and BreadcrumbList maintained","Relevant agency workflow/tool-selection mentions","P1 — commercial owner","Yes — hub optimization pass","Authoritative client portal hub; /features/client-portal supports product-detail intent."
"white label client portal","Client Portal","Commercial","/client-portal","Secondary","Mapped to new page","Strengthen canonical owner with answer-first copy, related-hub links, FAQ and CTA alignment.","Maintain contextual links from relevant supporting pages","Review only after Search Console evidence is supplied","Visible FAQPage, WebPage and BreadcrumbList maintained","Relevant agency workflow/tool-selection mentions","P1 — commercial owner","Yes — hub optimization pass","Authoritative client portal hub; /features/client-portal supports product-detail intent."
"white label client portal software","Client Portal","Commercial","/client-portal","Secondary","Mapped to new page","Strengthen canonical owner with answer-first copy, related-hub links, FAQ and CTA alignment.","Maintain contextual links from relevant supporting pages","Review only after Search Console evidence is supplied","Visible FAQPage, WebPage and BreadcrumbList maintained","Relevant agency workflow/tool-selection mentions","P1 — commercial owner","Yes — hub optimization pass","Authoritative client portal hub; /features/client-portal supports product-detail intent."
"agency branded portal","Client Portal","Commercial","/client-portal","Secondary","Mapped to new page","Strengthen canonical owner with answer-first copy, related-hub links, FAQ and CTA alignment.","Maintain contextual links from relevant supporting pages","Review only after Search Console evidence is supplied","Visible FAQPage, WebPage and BreadcrumbList maintained","Relevant agency workflow/tool-selection mentions","P1 — commercial owner","Yes — hub optimization pass","Authoritative client portal hub; /features/client-portal supports product-detail intent."
"client portal with custom branding","Client Portal","Commercial","/client-portal","Secondary","Mapped to new page","Strengthen canonical owner with answer-first copy, related-hub links, FAQ and CTA alignment.","Maintain contextual links from relevant supporting pages","Review only after Search Console evidence is supplied","Visible FAQPage, WebPage and BreadcrumbList maintained","Relevant agency workflow/tool-selection mentions","P1 — commercial owner","Yes — hub optimization pass","Authoritative client portal hub; /features/client-portal supports product-detail intent."
"client portal with custom domain","Client Portal","Commercial","/client-portal","Secondary","Mapped to new page","Strengthen canonical owner with answer-first copy, related-hub links, FAQ and CTA alignment.","Maintain contextual links from relevant supporting pages","Review only after Search Console evidence is supplied","Visible FAQPage, WebPage and BreadcrumbList maintained","Relevant agency workflow/tool-selection mentions","P1 — commercial owner","Yes — hub optimization pass","Authoritative client portal hub; /features/client-portal supports product-detail intent."
"client portal with custom subdomain","Client Portal","Commercial","/client-portal","Secondary","Mapped to new page","Strengthen canonical owner with answer-first copy, related-hub links, FAQ and CTA alignment.","Maintain contextual links from relevant supporting pages","Review only after Search Console evidence is supplied","Visible FAQPage, WebPage and BreadcrumbList maintained","Relevant agency workflow/tool-selection mentions","P1 — commercial owner","Yes — hub optimization pass","Authoritative client portal hub; /features/client-portal supports product-detail intent."
"project management with client portal","Client Portal","Commercial","/client-portal","Secondary","Mapped to new page","Strengthen canonical owner with answer-first copy, related-hub links, FAQ and CTA alignment.","Maintain contextual links from relevant supporting pages","Review only after Search Console evidence is supplied","Visible FAQPage, WebPage and BreadcrumbList maintained","Relevant agency workflow/tool-selection mentions","P1 — commercial owner","Yes — hub optimization pass","Authoritative client portal hub; /features/client-portal supports product-detail intent."
"project management software with client portal","Client Portal","Commercial","/client-portal","Secondary","Mapped to new page","Strengthen canonical owner with answer-first copy, related-hub links, FAQ and CTA alignment.","Maintain contextual links from relevant supporting pages","Review only after Search Console evidence is supplied","Visible FAQPage, WebPage and BreadcrumbList maintained","Relevant agency workflow/tool-selection mentions","P1 — commercial owner","Yes — hub optimization pass","Authoritative client portal hub; /features/client-portal supports product-detail intent."
"invoicing software with client portal","Client Portal","Commercial","/client-portal","Secondary","Mapped to new page","Strengthen canonical owner with answer-first copy, related-hub links, FAQ and CTA alignment.","Maintain contextual links from relevant supporting pages","Review only after Search Console evidence is supplied","Visible FAQPage, WebPage and BreadcrumbList maintained","Relevant agency workflow/tool-selection mentions","P1 — commercial owner","Yes — hub optimization pass","Authoritative client portal hub; /features/client-portal supports product-detail intent."
"CRM invoicing client portal software","Client Portal","Commercial","/client-portal","Secondary","Mapped to new page","Strengthen canonical owner with answer-first copy, related-hub links, FAQ and CTA alignment.","Maintain contextual links from relevant supporting pages","Review only after Search Console evidence is supplied","Visible FAQPage, WebPage and BreadcrumbList maintained","Relevant agency workflow/tool-selection mentions","P1 — commercial owner","Yes — hub optimization pass","Authoritative client portal hub; /features/client-portal supports product-detail intent."
"client portal with invoicing","Client Portal","Commercial","/client-portal","Secondary","Mapped to new page","Strengthen canonical owner with answer-first copy, related-hub links, FAQ and CTA alignment.","Maintain contextual links from relevant supporting pages","Review only after Search Console evidence is supplied","Visible FAQPage, WebPage and BreadcrumbList maintained","Relevant agency workflow/tool-selection mentions","P1 — commercial owner","Yes — hub optimization pass","Authoritative client portal hub; /features/client-portal supports product-detail intent."
"client portal with project management","Client Portal","Commercial","/client-portal","Secondary","Mapped to new page","Strengthen canonical owner with answer-first copy, related-hub links, FAQ and CTA alignment.","Maintain contextual links from relevant supporting pages","Review only after Search Console evidence is supplied","Visible FAQPage, WebPage and BreadcrumbList maintained","Relevant agency workflow/tool-selection mentions","P1 — commercial owner","Yes — hub optimization pass","Authoritative client portal hub; /features/client-portal supports product-detail intent."
"client portal with file sharing","Client Portal","Commercial","/client-portal","Secondary","Mapped to new page","Strengthen canonical owner with answer-first copy, related-hub links, FAQ and CTA alignment.","Maintain contextual links from relevant supporting pages","Review only after Search Console evidence is supplied","Visible FAQPage, WebPage and BreadcrumbList maintained","Relevant agency workflow/tool-selection mentions","P1 — commercial owner","Yes — hub optimization pass","Authoritative client portal hub; /features/client-portal supports product-detail intent."
"client portal with comments","Client Portal","Commercial","/client-portal","Secondary","Mapped to new page","Strengthen canonical owner with answer-first copy, related-hub links, FAQ and CTA alignment.","Maintain contextual links from relevant supporting pages","Review only after Search Console evidence is supplied","Visible FAQPage, WebPage and BreadcrumbList maintained","Relevant agency workflow/tool-selection mentions","P1 — commercial owner","Yes — hub optimization pass","Authoritative client portal hub; /features/client-portal supports product-detail intent."
"client portal for project updates","Client Portal","Commercial","/client-portal","Secondary","Mapped to new page","Strengthen canonical owner with answer-first copy, related-hub links, FAQ and CTA alignment.","Maintain contextual links from relevant supporting pages","Review only after Search Console evidence is supplied","Visible FAQPage, WebPage and BreadcrumbList maintained","Relevant agency workflow/tool-selection mentions","P1 — commercial owner","Yes — hub optimization pass","Authoritative client portal hub; /features/client-portal supports product-detail intent."
"client portal for project status","Client Portal","Commercial","/client-portal","Secondary","Mapped to new page","Strengthen canonical owner with answer-first copy, related-hub links, FAQ and CTA alignment.","Maintain contextual links from relevant supporting pages","Review only after Search Console evidence is supplied","Visible FAQPage, WebPage and BreadcrumbList maintained","Relevant agency workflow/tool-selection mentions","P1 — commercial owner","Yes — hub optimization pass","Authoritative client portal hub; /features/client-portal supports product-detail intent."
"client portal for invoices","Client Portal","Commercial","/client-portal","Secondary","Mapped to new page","Strengthen canonical owner with answer-first copy, related-hub links, FAQ and CTA alignment.","Maintain contextual links from relevant supporting pages","Review only after Search Console evidence is supplied","Visible FAQPage, WebPage and BreadcrumbList maintained","Relevant agency workflow/tool-selection mentions","P1 — commercial owner","Yes — hub optimization pass","Authoritative client portal hub; /features/client-portal supports product-detail intent."
"secure client portal software","Client Portal","Commercial","/client-portal","Secondary","Mapped to new page","Strengthen canonical owner with answer-first copy, related-hub links, FAQ and CTA alignment.","Maintain contextual links from relevant supporting pages","Review only after Search Console evidence is supplied","Visible FAQPage, WebPage and BreadcrumbList maintained","Relevant agency workflow/tool-selection mentions","P1 — commercial owner","Yes — hub optimization pass","Authoritative client portal hub; /features/client-portal supports product-detail intent."
"no login client portal","Client Portal","Commercial","/client-portal","Secondary","Mapped to new page","Strengthen canonical owner with answer-first copy, related-hub links, FAQ and CTA alignment.","Maintain contextual links from relevant supporting pages","Review only after Search Console evidence is supplied","Visible FAQPage, WebPage and BreadcrumbList maintained","Relevant agency workflow/tool-selection mentions","P1 — commercial owner","Yes — hub optimization pass","Authoritative client portal hub; /features/client-portal supports product-detail intent."
"passwordless client portal","Client Portal","Commercial","/client-portal","Secondary","Mapped to new page","Strengthen canonical owner with answer-first copy, related-hub links, FAQ and CTA alignment.","Maintain contextual links from relevant supporting pages","Review only after Search Console evidence is supplied","Visible FAQPage, WebPage and BreadcrumbList maintained","Relevant agency workflow/tool-selection mentions","P1 — commercial owner","Yes — hub optimization pass","Authoritative client portal hub; /features/client-portal supports product-detail intent."
"agency project management","Project Management","Commercial","/project-management-for-agencies","Secondary","Mapped to new page","Strengthen canonical owner with answer-first copy, related-hub links, FAQ and CTA alignment.","Maintain contextual links from relevant supporting pages","Review only after Search Console evidence is supplied","Visible FAQPage, WebPage and BreadcrumbList maintained","Relevant agency workflow/tool-selection mentions","P1 — commercial owner","Yes — hub optimization pass","Authoritative agency project-management hub."
"agency project management software","Project Management","Commercial","/project-management-for-agencies","Secondary","Mapped to new page","Strengthen canonical owner with answer-first copy, related-hub links, FAQ and CTA alignment.","Maintain contextual links from relevant supporting pages","Review only after Search Console evidence is supplied","Visible FAQPage, WebPage and BreadcrumbList maintained","Relevant agency workflow/tool-selection mentions","P1 — commercial owner","Yes — hub optimization pass","Authoritative agency project-management hub."
"project management software for agencies","Project Management","Commercial","/project-management-for-agencies","Primary","Mapped to new page","Strengthen canonical owner with answer-first copy, related-hub links, FAQ and CTA alignment.","Maintain contextual links from relevant supporting pages","Review only after Search Console evidence is supplied","Visible FAQPage, WebPage and BreadcrumbList maintained","Relevant agency workflow/tool-selection mentions","P1 — commercial owner","Yes — hub optimization pass","Authoritative agency project-management hub."
"best project management software for agencies","Project Management","Commercial","/project-management-for-agencies","Secondary","Mapped to new page","Strengthen canonical owner with answer-first copy, related-hub links, FAQ and CTA alignment.","Maintain contextual links from relevant supporting pages","Review only after Search Console evidence is supplied","Visible FAQPage, WebPage and BreadcrumbList maintained","Relevant agency workflow/tool-selection mentions","P1 — commercial owner","Yes — hub optimization pass","Authoritative agency project-management hub."
"project management for marketing agencies","Project Management","Commercial","/project-management-for-agencies","Secondary","Mapped to new page","Strengthen canonical owner with answer-first copy, related-hub links, FAQ and CTA alignment.","Maintain contextual links from relevant supporting pages","Review only after Search Console evidence is supplied","Visible FAQPage, WebPage and BreadcrumbList maintained","Relevant agency workflow/tool-selection mentions","P1 — commercial owner","Yes — hub optimization pass","Authoritative agency project-management hub."
"project management for digital agencies","Project Management","Commercial","/project-management-for-agencies","Secondary","Mapped to new page","Strengthen canonical owner with answer-first copy, related-hub links, FAQ and CTA alignment.","Maintain contextual links from relevant supporting pages","Review only after Search Console evidence is supplied","Visible FAQPage, WebPage and BreadcrumbList maintained","Relevant agency workflow/tool-selection mentions","P1 — commercial owner","Yes — hub optimization pass","Authoritative agency project-management hub."
"project management for creative agencies","Project Management","Commercial","/project-management-for-agencies","Secondary","Mapped to new page","Strengthen canonical owner with answer-first copy, related-hub links, FAQ and CTA alignment.","Maintain contextual links from relevant supporting pages","Review only after Search Console evidence is supplied","Visible FAQPage, WebPage and BreadcrumbList maintained","Relevant agency workflow/tool-selection mentions","P1 — commercial owner","Yes — hub optimization pass","Authoritative agency project-management hub."
"project management for design agencies","Project Management","Commercial","/project-management-for-agencies","Secondary","Mapped to new page","Strengthen canonical owner with answer-first copy, related-hub links, FAQ and CTA alignment.","Maintain contextual links from relevant supporting pages","Review only after Search Console evidence is supplied","Visible FAQPage, WebPage and BreadcrumbList maintained","Relevant agency workflow/tool-selection mentions","P1 — commercial owner","Yes — hub optimization pass","Authoritative agency project-management hub."
"project management for advertising agencies","Project Management","Commercial","/project-management-for-agencies","Secondary","Mapped to new page","Strengthen canonical owner with answer-first copy, related-hub links, FAQ and CTA alignment.","Maintain contextual links from relevant supporting pages","Review only after Search Console evidence is supplied","Visible FAQPage, WebPage and BreadcrumbList maintained","Relevant agency workflow/tool-selection mentions","P1 — commercial owner","Yes — hub optimization pass","Authoritative agency project-management hub."
"project management for web agencies","Project Management","Commercial","/project-management-for-agencies","Secondary","Mapped to new page","Strengthen canonical owner with answer-first copy, related-hub links, FAQ and CTA alignment.","Maintain contextual links from relevant supporting pages","Review only after Search Console evidence is supplied","Visible FAQPage, WebPage and BreadcrumbList maintained","Relevant agency workflow/tool-selection mentions","P1 — commercial owner","Yes — hub optimization pass","Authoritative agency project-management hub."
"project management for SEO agencies","Project Management","Commercial","/project-management-for-agencies","Secondary","Mapped to new page","Strengthen canonical owner with answer-first copy, related-hub links, FAQ and CTA alignment.","Maintain contextual links from relevant supporting pages","Review only after Search Console evidence is supplied","Visible FAQPage, WebPage and BreadcrumbList maintained","Relevant agency workflow/tool-selection mentions","P1 — commercial owner","Yes — hub optimization pass","Authoritative agency project-management hub."
"project management for freelancers","Project Management","Commercial","/project-management-for-agencies","Secondary","Mapped to new page","Strengthen canonical owner with answer-first copy, related-hub links, FAQ and CTA alignment.","Maintain contextual links from relevant supporting pages","Review only after Search Console evidence is supplied","Visible FAQPage, WebPage and BreadcrumbList maintained","Relevant agency workflow/tool-selection mentions","P1 — commercial owner","Yes — hub optimization pass","Authoritative agency project-management hub."
"project management for consultants","Project Management","Commercial","/project-management-for-agencies","Secondary","Mapped to new page","Strengthen canonical owner with answer-first copy, related-hub links, FAQ and CTA alignment.","Maintain contextual links from relevant supporting pages","Review only after Search Console evidence is supplied","Visible FAQPage, WebPage and BreadcrumbList maintained","Relevant agency workflow/tool-selection mentions","P1 — commercial owner","Yes — hub optimization pass","Authoritative agency project-management hub."
"client project management software","Project Management","Commercial","/project-management-for-agencies","Secondary","Mapped to new page","Strengthen canonical owner with answer-first copy, related-hub links, FAQ and CTA alignment.","Maintain contextual links from relevant supporting pages","Review only after Search Console evidence is supplied","Visible FAQPage, WebPage and BreadcrumbList maintained","Relevant agency workflow/tool-selection mentions","P1 — commercial owner","Yes — hub optimization pass","Authoritative agency project-management hub."
"client project tracking software","Project Management","Commercial","/project-management-for-agencies","Secondary","Mapped to new page","Strengthen canonical owner with answer-first copy, related-hub links, FAQ and CTA alignment.","Maintain contextual links from relevant supporting pages","Review only after Search Console evidence is supplied","Visible FAQPage, WebPage and BreadcrumbList maintained","Relevant agency workflow/tool-selection mentions","P1 — commercial owner","Yes — hub optimization pass","Authoritative agency project-management hub."
"agency project tracking software","Project Management","Commercial","/project-management-for-agencies","Secondary","Mapped to new page","Strengthen canonical owner with answer-first copy, related-hub links, FAQ and CTA alignment.","Maintain contextual links from relevant supporting pages","Review only after Search Console evidence is supplied","Visible FAQPage, WebPage and BreadcrumbList maintained","Relevant agency workflow/tool-selection mentions","P1 — commercial owner","Yes — hub optimization pass","Authoritative agency project-management hub."
"project tracking for agencies","Project Management","Commercial","/project-management-for-agencies","Secondary","Mapped to new page","Strengthen canonical owner with answer-first copy, related-hub links, FAQ and CTA alignment.","Maintain contextual links from relevant supporting pages","Review only after Search Console evidence is supplied","Visible FAQPage, WebPage and BreadcrumbList maintained","Relevant agency workflow/tool-selection mentions","P1 — commercial owner","Yes — hub optimization pass","Authoritative agency project-management hub."
"client project tracking","Project Management","Commercial","/project-management-for-agencies","Secondary","Mapped to new page","Strengthen canonical owner with answer-first copy, related-hub links, FAQ and CTA alignment.","Maintain contextual links from relevant supporting pages","Review only after Search Console evidence is supplied","Visible FAQPage, WebPage and BreadcrumbList maintained","Relevant agency workflow/tool-selection mentions","P1 — commercial owner","Yes — hub optimization pass","Authoritative agency project-management hub."
"project status tracking software","Project Management","Commercial","/project-management-for-agencies","Secondary","Mapped to new page","Strengthen canonical owner with answer-first copy, related-hub links, FAQ and CTA alignment.","Maintain contextual links from relevant supporting pages","Review only after Search Console evidence is supplied","Visible FAQPage, WebPage and BreadcrumbList maintained","Relevant agency workflow/tool-selection mentions","P1 — commercial owner","Yes — hub optimization pass","Authoritative agency project-management hub."
"project dashboard for clients","Project Management","Commercial","/project-management-for-agencies","Secondary","Mapped to new page","Strengthen canonical owner with answer-first copy, related-hub links, FAQ and CTA alignment.","Maintain contextual links from relevant supporting pages","Review only after Search Console evidence is supplied","Visible FAQPage, WebPage and BreadcrumbList maintained","Relevant agency workflow/tool-selection mentions","P1 — commercial owner","Yes — hub optimization pass","Authoritative agency project-management hub."
"client project dashboard","Project Management","Commercial","/project-management-for-agencies","Secondary","Mapped to new page","Strengthen canonical owner with answer-first copy, related-hub links, FAQ and CTA alignment.","Maintain contextual links from relevant supporting pages","Review only after Search Console evidence is supplied","Visible FAQPage, WebPage and BreadcrumbList maintained","Relevant agency workflow/tool-selection mentions","P1 — commercial owner","Yes — hub optimization pass","Authoritative agency project-management hub."
"agency task management software","Project Management","Commercial","/project-management-for-agencies","Secondary","Mapped to new page","Strengthen canonical owner with answer-first copy, related-hub links, FAQ and CTA alignment.","Maintain contextual links from relevant supporting pages","Review only after Search Console evidence is supplied","Visible FAQPage, WebPage and BreadcrumbList maintained","Relevant agency workflow/tool-selection mentions","P1 — commercial owner","Yes — hub optimization pass","Authoritative agency project-management hub."
"task management for agencies","Project Management","Commercial","/project-management-for-agencies","Secondary","Mapped to new page","Strengthen canonical owner with answer-first copy, related-hub links, FAQ and CTA alignment.","Maintain contextual links from relevant supporting pages","Review only after Search Console evidence is supplied","Visible FAQPage, WebPage and BreadcrumbList maintained","Relevant agency workflow/tool-selection mentions","P1 — commercial owner","Yes — hub optimization pass","Authoritative agency project-management hub."
"client task management software","Project Management","Commercial","/project-management-for-agencies","Secondary","Mapped to new page","Strengthen canonical owner with answer-first copy, related-hub links, FAQ and CTA alignment.","Maintain contextual links from relevant supporting pages","Review only after Search Console evidence is supplied","Visible FAQPage, WebPage and BreadcrumbList maintained","Relevant agency workflow/tool-selection mentions","P1 — commercial owner","Yes — hub optimization pass","Authoritative agency project-management hub."
"agency workflow project management","Project Management","Commercial","/project-management-for-agencies","Secondary","Mapped to new page","Strengthen canonical owner with answer-first copy, related-hub links, FAQ and CTA alignment.","Maintain contextual links from relevant supporting pages","Review only after Search Console evidence is supplied","Visible FAQPage, WebPage and BreadcrumbList maintained","Relevant agency workflow/tool-selection mentions","P1 — commercial owner","Yes — hub optimization pass","Authoritative agency project-management hub."
"project management CRM for agencies","Project Management","Commercial","/project-management-for-agencies","Secondary","Mapped to new page","Strengthen canonical owner with answer-first copy, related-hub links, FAQ and CTA alignment.","Maintain contextual links from relevant supporting pages","Review only after Search Console evidence is supplied","Visible FAQPage, WebPage and BreadcrumbList maintained","Relevant agency workflow/tool-selection mentions","P1 — commercial owner","Yes — hub optimization pass","Authoritative agency project-management hub."
"CRM project management software","Project Management","Commercial","/project-management-for-agencies","Secondary","Mapped to new page","Strengthen canonical owner with answer-first copy, related-hub links, FAQ and CTA alignment.","Maintain contextual links from relevant supporting pages","Review only after Search Console evidence is supplied","Visible FAQPage, WebPage and BreadcrumbList maintained","Relevant agency workflow/tool-selection mentions","P1 — commercial owner","Yes — hub optimization pass","Authoritative agency project-management hub."
"CRM project management invoicing software","Project Management","Commercial","/project-management-for-agencies","Secondary","Mapped to new page","Strengthen canonical owner with answer-first copy, related-hub links, FAQ and CTA alignment.","Maintain contextual links from relevant supporting pages","Review only after Search Console evidence is supplied","Visible FAQPage, WebPage and BreadcrumbList maintained","Relevant agency workflow/tool-selection mentions","P1 — commercial owner","Yes — hub optimization pass","Authoritative agency project-management hub."
"client project management portal","Project Management","Commercial","/project-management-for-agencies","Secondary","Mapped to new page","Strengthen canonical owner with answer-first copy, related-hub links, FAQ and CTA alignment.","Maintain contextual links from relevant supporting pages","Review only after Search Console evidence is supplied","Visible FAQPage, WebPage and BreadcrumbList maintained","Relevant agency workflow/tool-selection mentions","P1 — commercial owner","Yes — hub optimization pass","Authoritative agency project-management hub."
"project management client portal","Project Management","Commercial","/project-management-for-agencies","Secondary","Mapped to new page","Strengthen canonical owner with answer-first copy, related-hub links, FAQ and CTA alignment.","Maintain contextual links from relevant supporting pages","Review only after Search Console evidence is supplied","Visible FAQPage, WebPage and BreadcrumbList maintained","Relevant agency workflow/tool-selection mentions","P1 — commercial owner","Yes — hub optimization pass","Authoritative agency project-management hub."
"project management invoicing client portal","Project Management","Commercial","/project-management-for-agencies","Secondary","Mapped to new page","Strengthen canonical owner with answer-first copy, related-hub links, FAQ and CTA alignment.","Maintain contextual links from relevant supporting pages","Review only after Search Console evidence is supplied","Visible FAQPage, WebPage and BreadcrumbList maintained","Relevant agency workflow/tool-selection mentions","P1 — commercial owner","Yes — hub optimization pass","Authoritative agency project-management hub."
"agency invoicing software","Invoicing & Billing","Commercial","/agency-invoicing","Primary","Mapped to new page","Strengthen canonical owner with answer-first copy, related-hub links, FAQ and CTA alignment.","Maintain contextual links from relevant supporting pages","Review only after Search Console evidence is supplied","Visible FAQPage, WebPage and BreadcrumbList maintained","Relevant agency workflow/tool-selection mentions","P1 — commercial owner","Yes — hub optimization pass","Operational invoicing hub; avoids claiming full accounting functionality."
"invoicing software for agencies","Invoicing & Billing","Commercial","/agency-invoicing","Secondary","Mapped to new page","Strengthen canonical owner with answer-first copy, related-hub links, FAQ and CTA alignment.","Maintain contextual links from relevant supporting pages","Review only after Search Console evidence is supplied","Visible FAQPage, WebPage and BreadcrumbList maintained","Relevant agency workflow/tool-selection mentions","P1 — commercial owner","Yes — hub optimization pass","Operational invoicing hub; avoids claiming full accounting functionality."
"invoice software for agencies","Invoicing & Billing","Commercial","/agency-invoicing","Secondary","Mapped to new page","Strengthen canonical owner with answer-first copy, related-hub links, FAQ and CTA alignment.","Maintain contextual links from relevant supporting pages","Review only after Search Console evidence is supplied","Visible FAQPage, WebPage and BreadcrumbList maintained","Relevant agency workflow/tool-selection mentions","P1 — commercial owner","Yes — hub optimization pass","Operational invoicing hub; avoids claiming full accounting functionality."
"agency invoice software","Invoicing & Billing","Commercial","/agency-invoicing","Secondary","Mapped to new page","Strengthen canonical owner with answer-first copy, related-hub links, FAQ and CTA alignment.","Maintain contextual links from relevant supporting pages","Review only after Search Console evidence is supplied","Visible FAQPage, WebPage and BreadcrumbList maintained","Relevant agency workflow/tool-selection mentions","P1 — commercial owner","Yes — hub optimization pass","Operational invoicing hub; avoids claiming full accounting functionality."
"agency billing software","Invoicing & Billing","Commercial","/agency-invoicing","Secondary","Mapped to new page","Strengthen canonical owner with answer-first copy, related-hub links, FAQ and CTA alignment.","Maintain contextual links from relevant supporting pages","Review only after Search Console evidence is supplied","Visible FAQPage, WebPage and BreadcrumbList maintained","Relevant agency workflow/tool-selection mentions","P1 — commercial owner","Yes — hub optimization pass","Operational invoicing hub; avoids claiming full accounting functionality."
"billing software for agencies","Invoicing & Billing","Commercial","/agency-invoicing","Secondary","Mapped to new page","Strengthen canonical owner with answer-first copy, related-hub links, FAQ and CTA alignment.","Maintain contextual links from relevant supporting pages","Review only after Search Console evidence is supplied","Visible FAQPage, WebPage and BreadcrumbList maintained","Relevant agency workflow/tool-selection mentions","P1 — commercial owner","Yes — hub optimization pass","Operational invoicing hub; avoids claiming full accounting functionality."
"client billing software","Invoicing & Billing","Commercial","/agency-invoicing","Secondary","Mapped to new page","Strengthen canonical owner with answer-first copy, related-hub links, FAQ and CTA alignment.","Maintain contextual links from relevant supporting pages","Review only after Search Console evidence is supplied","Visible FAQPage, WebPage and BreadcrumbList maintained","Relevant agency workflow/tool-selection mentions","P1 — commercial owner","Yes — hub optimization pass","Operational invoicing hub; avoids claiming full accounting functionality."
"client invoicing software","Invoicing & Billing","Commercial","/agency-invoicing","Secondary","Mapped to new page","Strengthen canonical owner with answer-first copy, related-hub links, FAQ and CTA alignment.","Maintain contextual links from relevant supporting pages","Review only after Search Console evidence is supplied","Visible FAQPage, WebPage and BreadcrumbList maintained","Relevant agency workflow/tool-selection mentions","P1 — commercial owner","Yes — hub optimization pass","Operational invoicing hub; avoids claiming full accounting functionality."
"invoice management software","Invoicing & Billing","Commercial","/agency-invoicing","Secondary","Mapped to new page","Strengthen canonical owner with answer-first copy, related-hub links, FAQ and CTA alignment.","Maintain contextual links from relevant supporting pages","Review only after Search Console evidence is supplied","Visible FAQPage, WebPage and BreadcrumbList maintained","Relevant agency workflow/tool-selection mentions","P1 — commercial owner","Yes — hub optimization pass","Operational invoicing hub; avoids claiming full accounting functionality."
"invoice tracking software","Invoicing & Billing","Commercial","/agency-invoicing","Secondary","Mapped to new page","Strengthen canonical owner with answer-first copy, related-hub links, FAQ and CTA alignment.","Maintain contextual links from relevant supporting pages","Review only after Search Console evidence is supplied","Visible FAQPage, WebPage and BreadcrumbList maintained","Relevant agency workflow/tool-selection mentions","P1 — commercial owner","Yes — hub optimization pass","Operational invoicing hub; avoids claiming full accounting functionality."
"payment tracking software","Invoicing & Billing","Commercial","/agency-invoicing","Secondary","Mapped to new page","Strengthen canonical owner with answer-first copy, related-hub links, FAQ and CTA alignment.","Maintain contextual links from relevant supporting pages","Review only after Search Console evidence is supplied","Visible FAQPage, WebPage and BreadcrumbList maintained","Relevant agency workflow/tool-selection mentions","P1 — commercial owner","Yes — hub optimization pass","Operational invoicing hub; avoids claiming full accounting functionality."
"agency payment tracking","Invoicing & Billing","Commercial","/agency-invoicing","Secondary","Mapped to new page","Strengthen canonical owner with answer-first copy, related-hub links, FAQ and CTA alignment.","Maintain contextual links from relevant supporting pages","Review only after Search Console evidence is supplied","Visible FAQPage, WebPage and BreadcrumbList maintained","Relevant agency workflow/tool-selection mentions","P1 — commercial owner","Yes — hub optimization pass","Operational invoicing hub; avoids claiming full accounting functionality."
"invoice status tracking","Invoicing & Billing","Commercial","/agency-invoicing","Secondary","Mapped to new page","Strengthen canonical owner with answer-first copy, related-hub links, FAQ and CTA alignment.","Maintain contextual links from relevant supporting pages","Review only after Search Console evidence is supplied","Visible FAQPage, WebPage and BreadcrumbList maintained","Relevant agency workflow/tool-selection mentions","P1 — commercial owner","Yes — hub optimization pass","Operational invoicing hub; avoids claiming full accounting functionality."
"overdue invoice tracking","Invoicing & Billing","Commercial","/agency-invoicing","Secondary","Mapped to new page","Strengthen canonical owner with answer-first copy, related-hub links, FAQ and CTA alignment.","Maintain contextual links from relevant supporting pages","Review only after Search Console evidence is supplied","Visible FAQPage, WebPage and BreadcrumbList maintained","Relevant agency workflow/tool-selection mentions","P1 — commercial owner","Yes — hub optimization pass","Operational invoicing hub; avoids claiming full accounting functionality."
"agency accounts receivable software","Invoicing & Billing","Commercial","/agency-invoicing","Secondary","Mapped to new page","Strengthen canonical owner with answer-first copy, related-hub links, FAQ and CTA alignment.","Maintain contextual links from relevant supporting pages","Review only after Search Console evidence is supplied","Visible FAQPage, WebPage and BreadcrumbList maintained","Relevant agency workflow/tool-selection mentions","P1 — commercial owner","Yes — hub optimization pass","Operational invoicing hub; avoids claiming full accounting functionality."
"agency billing management","Invoicing & Billing","Commercial","/agency-invoicing","Secondary","Mapped to new page","Strengthen canonical owner with answer-first copy, related-hub links, FAQ and CTA alignment.","Maintain contextual links from relevant supporting pages","Review only after Search Console evidence is supplied","Visible FAQPage, WebPage and BreadcrumbList maintained","Relevant agency workflow/tool-selection mentions","P1 — commercial owner","Yes — hub optimization pass","Operational invoicing hub; avoids claiming full accounting functionality."
"marketing agency invoicing software","Invoicing & Billing","Commercial","/agency-invoicing","Secondary","Mapped to new page","Strengthen canonical owner with answer-first copy, related-hub links, FAQ and CTA alignment.","Maintain contextual links from relevant supporting pages","Review only after Search Console evidence is supplied","Visible FAQPage, WebPage and BreadcrumbList maintained","Relevant agency workflow/tool-selection mentions","P1 — commercial owner","Yes — hub optimization pass","Operational invoicing hub; avoids claiming full accounting functionality."
"digital agency invoicing software","Invoicing & Billing","Commercial","/agency-invoicing","Secondary","Mapped to new page","Strengthen canonical owner with answer-first copy, related-hub links, FAQ and CTA alignment.","Maintain contextual links from relevant supporting pages","Review only after Search Console evidence is supplied","Visible FAQPage, WebPage and BreadcrumbList maintained","Relevant agency workflow/tool-selection mentions","P1 — commercial owner","Yes — hub optimization pass","Operational invoicing hub; avoids claiming full accounting functionality."
"creative agency invoicing software","Invoicing & Billing","Commercial","/agency-invoicing","Secondary","Mapped to new page","Strengthen canonical owner with answer-first copy, related-hub links, FAQ and CTA alignment.","Maintain contextual links from relevant supporting pages","Review only after Search Console evidence is supplied","Visible FAQPage, WebPage and BreadcrumbList maintained","Relevant agency workflow/tool-selection mentions","P1 — commercial owner","Yes — hub optimization pass","Operational invoicing hub; avoids claiming full accounting functionality."
"design agency invoicing software","Invoicing & Billing","Commercial","/agency-invoicing","Secondary","Mapped to new page","Strengthen canonical owner with answer-first copy, related-hub links, FAQ and CTA alignment.","Maintain contextual links from relevant supporting pages","Review only after Search Console evidence is supplied","Visible FAQPage, WebPage and BreadcrumbList maintained","Relevant agency workflow/tool-selection mentions","P1 — commercial owner","Yes — hub optimization pass","Operational invoicing hub; avoids claiming full accounting functionality."
"consultant invoicing software","Invoicing & Billing","Commercial","/agency-invoicing","Secondary","Mapped to new page","Strengthen canonical owner with answer-first copy, related-hub links, FAQ and CTA alignment.","Maintain contextual links from relevant supporting pages","Review only after Search Console evidence is supplied","Visible FAQPage, WebPage and BreadcrumbList maintained","Relevant agency workflow/tool-selection mentions","P1 — commercial owner","Yes — hub optimization pass","Operational invoicing hub; avoids claiming full accounting functionality."
"freelancer invoicing software","Invoicing & Billing","Commercial","/agency-invoicing","Secondary","Mapped to new page","Strengthen canonical owner with answer-first copy, related-hub links, FAQ and CTA alignment.","Maintain contextual links from relevant supporting pages","Review only after Search Console evidence is supplied","Visible FAQPage, WebPage and BreadcrumbList maintained","Relevant agency workflow/tool-selection mentions","P1 — commercial owner","Yes — hub optimization pass","Operational invoicing hub; avoids claiming full accounting functionality."
"CRM and invoice software","Invoicing & Billing","Commercial","/agency-invoicing","Secondary","Mapped to new page","Strengthen canonical owner with answer-first copy, related-hub links, FAQ and CTA alignment.","Maintain contextual links from relevant supporting pages","Review only after Search Console evidence is supplied","Visible FAQPage, WebPage and BreadcrumbList maintained","Relevant agency workflow/tool-selection mentions","P1 — commercial owner","Yes — hub optimization pass","Operational invoicing hub; avoids claiming full accounting functionality."
"project management and invoicing software","Invoicing & Billing","Commercial","/agency-invoicing","Secondary","Mapped to new page","Strengthen canonical owner with answer-first copy, related-hub links, FAQ and CTA alignment.","Maintain contextual links from relevant supporting pages","Review only after Search Console evidence is supplied","Visible FAQPage, WebPage and BreadcrumbList maintained","Relevant agency workflow/tool-selection mentions","P1 — commercial owner","Yes — hub optimization pass","Operational invoicing hub; avoids claiming full accounting functionality."
"client portal invoicing software","Invoicing & Billing","Commercial","/agency-invoicing","Secondary","Mapped to new page","Strengthen canonical owner with answer-first copy, related-hub links, FAQ and CTA alignment.","Maintain contextual links from relevant supporting pages","Review only after Search Console evidence is supplied","Visible FAQPage, WebPage and BreadcrumbList maintained","Relevant agency workflow/tool-selection mentions","P1 — commercial owner","Yes — hub optimization pass","Operational invoicing hub; avoids claiming full accounting functionality."
"invoicing and client management software","Invoicing & Billing","Commercial","/agency-invoicing","Secondary","Mapped to new page","Strengthen canonical owner with answer-first copy, related-hub links, FAQ and CTA alignment.","Maintain contextual links from relevant supporting pages","Review only after Search Console evidence is supplied","Visible FAQPage, WebPage and BreadcrumbList maintained","Relevant agency workflow/tool-selection mentions","P1 — commercial owner","Yes — hub optimization pass","Operational invoicing hub; avoids claiming full accounting functionality."
"invoicing CRM for agencies","Invoicing & Billing","Commercial","/agency-invoicing","Secondary","Mapped to new page","Strengthen canonical owner with answer-first copy, related-hub links, FAQ and CTA alignment.","Maintain contextual links from relevant supporting pages","Review only after Search Console evidence is supplied","Visible FAQPage, WebPage and BreadcrumbList maintained","Relevant agency workflow/tool-selection mentions","P1 — commercial owner","Yes — hub optimization pass","Operational invoicing hub; avoids claiming full accounting functionality."
"multi currency invoicing software","Invoicing & Billing","Commercial","/agency-invoicing","Secondary","Mapped to new page","Strengthen canonical owner with answer-first copy, related-hub links, FAQ and CTA alignment.","Maintain contextual links from relevant supporting pages","Review only after Search Console evidence is supplied","Visible FAQPage, WebPage and BreadcrumbList maintained","Relevant agency workflow/tool-selection mentions","P1 — commercial owner","Yes — hub optimization pass","Operational invoicing hub; avoids claiming full accounting functionality."
"international invoice software for agencies","Invoicing & Billing","Commercial","/agency-invoicing","Secondary","Mapped to new page","Strengthen canonical owner with answer-first copy, related-hub links, FAQ and CTA alignment.","Maintain contextual links from relevant supporting pages","Review only after Search Console evidence is supplied","Visible FAQPage, WebPage and BreadcrumbList maintained","Relevant agency workflow/tool-selection mentions","P1 — commercial owner","Yes — hub optimization pass","Operational invoicing hub; avoids claiming full accounting functionality."
"best CRM for freelancers","Freelancers","Commercial","/solutions/freelancers","Secondary","Mapped to existing page","Strengthen the mapped canonical page; link to its parent commercial hub without competing for the head term.","Link naturally to mapped commercial owner","Review only after Search Console evidence is supplied","Match visible content only","Relevant agency workflow/tool-selection mentions","P1 — supporting opportunity","Planned","Existing differentiated industry solution page."
"all in one freelancer software","Freelancers","Commercial","/solutions/freelancers","Secondary","Mapped to existing page","Strengthen the mapped canonical page; link to its parent commercial hub without competing for the head term.","Link naturally to mapped commercial owner","Review only after Search Console evidence is supplied","Match visible content only","Relevant agency workflow/tool-selection mentions","P1 — supporting opportunity","Planned","Existing differentiated industry solution page."
"agency software free trial","Small Agencies & Startups","Commercial","/solutions/small-agencies","Secondary","Mapped to future content","Keep as documented future-content gap; do not create without distinct intent evidence.","Link naturally to mapped commercial owner","Review only after Search Console evidence is supplied","Match visible content only","Relevant agency workflow/tool-selection mentions","P1 — supporting opportunity","Planned","P2 industry page requires genuinely differentiated workflow copy."
"best agency software","Best / BOFU","Commercial Investigation","/blog/best-agency-software","Primary","Mapped to future content","Keep as documented future-content gap; do not create without distinct intent evidence.","Link naturally to mapped commercial owner","Review only after Search Console evidence is supplied","Match visible content only","Relevant agency workflow/tool-selection mentions","P1 — supporting opportunity","Planned","Balanced best-of article in P2 editorial backlog; evaluation criteria and disclosure required."
"best agency management tools","Best / BOFU","Commercial Investigation","/blog/best-agency-management-tools","Primary","Mapped to future content","Keep as documented future-content gap; do not create without distinct intent evidence.","Link naturally to mapped commercial owner","Review only after Search Console evidence is supplied","Match visible content only","Relevant agency workflow/tool-selection mentions","P1 — supporting opportunity","Planned","Balanced best-of article in P2 editorial backlog; evaluation criteria and disclosure required."
"best software for agencies","Best / BOFU","Commercial Investigation","/blog/best-software-for-agencies","Primary","Mapped to future content","Keep as documented future-content gap; do not create without distinct intent evidence.","Link naturally to mapped commercial owner","Review only after Search Console evidence is supplied","Match visible content only","Relevant agency workflow/tool-selection mentions","P1 — supporting opportunity","Planned","Balanced best-of article in P2 editorial backlog; evaluation criteria and disclosure required."
"best agency CRM software","Best / BOFU","Commercial Investigation","/blog/best-agency-crm-software","Primary","Mapped to future content","Keep as documented future-content gap; do not create without distinct intent evidence.","Link naturally to mapped commercial owner","Review only after Search Console evidence is supplied","Match visible content only","Relevant agency workflow/tool-selection mentions","P1 — supporting opportunity","Planned","Balanced best-of article in P2 editorial backlog; evaluation criteria and disclosure required."
"best CRM for marketing agencies","Best / BOFU","Commercial Investigation","/blog/best-crm-for-marketing-agencies","Primary","Mapped to future content","Keep as documented future-content gap; do not create without distinct intent evidence.","Link naturally to mapped commercial owner","Review only after Search Console evidence is supplied","Match visible content only","Relevant agency workflow/tool-selection mentions","P1 — supporting opportunity","Planned","Balanced best-of article in P2 editorial backlog; evaluation criteria and disclosure required."
"best CRM for digital agencies","Best / BOFU","Commercial Investigation","/blog/best-crm-for-digital-agencies","Primary","Mapped to future content","Keep as documented future-content gap; do not create without distinct intent evidence.","Link naturally to mapped commercial owner","Review only after Search Console evidence is supplied","Match visible content only","Relevant agency workflow/tool-selection mentions","P1 — supporting opportunity","Planned","Balanced best-of article in P2 editorial backlog; evaluation criteria and disclosure required."
"best CRM for creative agencies","Best / BOFU","Commercial Investigation","/blog/best-crm-for-creative-agencies","Primary","Mapped to future content","Keep as documented future-content gap; do not create without distinct intent evidence.","Link naturally to mapped commercial owner","Review only after Search Console evidence is supplied","Match visible content only","Relevant agency workflow/tool-selection mentions","P1 — supporting opportunity","Planned","Balanced best-of article in P2 editorial backlog; evaluation criteria and disclosure required."
"best client management software for agencies","Best / BOFU","Commercial Investigation","/blog/best-client-management-software-for-agencies","Primary","Mapped to future content","Keep as documented future-content gap; do not create without distinct intent evidence.","Link naturally to mapped commercial owner","Review only after Search Console evidence is supplied","Match visible content only","Relevant agency workflow/tool-selection mentions","P1 — supporting opportunity","Planned","Balanced best-of article in P2 editorial backlog; evaluation criteria and disclosure required."
"best client portal software","Best / BOFU","Commercial Investigation","/blog/best-client-portal-software","Primary","Mapped to future content","Keep as documented future-content gap; do not create without distinct intent evidence.","Link naturally to mapped commercial owner","Review only after Search Console evidence is supplied","Match visible content only","Relevant agency workflow/tool-selection mentions","P1 — supporting opportunity","Planned","Balanced best-of article in P2 editorial backlog; evaluation criteria and disclosure required."
"best invoicing software for agencies","Best / BOFU","Commercial Investigation","/blog/best-invoicing-software-for-agencies","Primary","Mapped to future content","Keep as documented future-content gap; do not create without distinct intent evidence.","Link naturally to mapped commercial owner","Review only after Search Console evidence is supplied","Match visible content only","Relevant agency workflow/tool-selection mentions","P1 — supporting opportunity","Planned","Balanced best-of article in P2 editorial backlog; evaluation criteria and disclosure required."
"best marketing agency software","Best / BOFU","Commercial Investigation","/blog/best-marketing-agency-software","Primary","Mapped to future content","Keep as documented future-content gap; do not create without distinct intent evidence.","Link naturally to mapped commercial owner","Review only after Search Console evidence is supplied","Match visible content only","Relevant agency workflow/tool-selection mentions","P1 — supporting opportunity","Planned","Balanced best-of article in P2 editorial backlog; evaluation criteria and disclosure required."
"best digital agency software","Best / BOFU","Commercial Investigation","/blog/best-digital-agency-software","Primary","Mapped to future content","Keep as documented future-content gap; do not create without distinct intent evidence.","Link naturally to mapped commercial owner","Review only after Search Console evidence is supplied","Match visible content only","Relevant agency workflow/tool-selection mentions","P1 — supporting opportunity","Planned","Balanced best-of article in P2 editorial backlog; evaluation criteria and disclosure required."
"best creative agency software","Best / BOFU","Commercial Investigation","/blog/best-creative-agency-software","Primary","Mapped to future content","Keep as documented future-content gap; do not create without distinct intent evidence.","Link naturally to mapped commercial owner","Review only after Search Console evidence is supplied","Match visible content only","Relevant agency workflow/tool-selection mentions","P1 — supporting opportunity","Planned","Balanced best-of article in P2 editorial backlog; evaluation criteria and disclosure required."
"best software for small agencies","Best / BOFU","Commercial Investigation","/blog/best-software-for-small-agencies","Primary","Mapped to future content","Keep as documented future-content gap; do not create without distinct intent evidence.","Link naturally to mapped commercial owner","Review only after Search Console evidence is supplied","Match visible content only","Relevant agency workflow/tool-selection mentions","P1 — supporting opportunity","Planned","Balanced best-of article in P2 editorial backlog; evaluation criteria and disclosure required."
"best freelancer management software","Best / BOFU","Commercial Investigation","/blog/best-freelancer-management-software","Primary","Mapped to future content","Keep as documented future-content gap; do not create without distinct intent evidence.","Link naturally to mapped commercial owner","Review only after Search Console evidence is supplied","Match visible content only","Relevant agency workflow/tool-selection mentions","P1 — supporting opportunity","Planned","Balanced best-of article in P2 editorial backlog; evaluation criteria and disclosure required."
"best client management software for freelancers","Best / BOFU","Commercial Investigation","/blog/best-client-management-software-for-freelancers","Primary","Mapped to future content","Keep as documented future-content gap; do not create without distinct intent evidence.","Link naturally to mapped commercial owner","Review only after Search Console evidence is supplied","Match visible content only","Relevant agency workflow/tool-selection mentions","P1 — supporting opportunity","Planned","Balanced best-of article in P2 editorial backlog; evaluation criteria and disclosure required."
"best project management software for freelancers","Best / BOFU","Commercial Investigation","/blog/best-project-management-software-for-freelancers","Primary","Mapped to future content","Keep as documented future-content gap; do not create without distinct intent evidence.","Link naturally to mapped commercial owner","Review only after Search Console evidence is supplied","Match visible content only","Relevant agency workflow/tool-selection mentions","P1 — supporting opportunity","Planned","Balanced best-of article in P2 editorial backlog; evaluation criteria and disclosure required."
"ClickUp alternative","Competitor Alternatives - ClickUp","Commercial Investigation","/compare/clickup","Secondary","Mapped to existing page","Strengthen the mapped canonical page; link to its parent commercial hub without competing for the head term.","Link naturally to mapped commercial owner","Review only after Search Console evidence is supplied","Match visible content only","Relevant agency workflow/tool-selection mentions","P1 — BOFU comparison","Planned","Existing factual comparison page; alternative terms consolidate here to avoid duplicate intent."
"ClickUp alternatives","Competitor Alternatives - ClickUp","Commercial Investigation","/compare/clickup","Secondary","Mapped to existing page","Strengthen the mapped canonical page; link to its parent commercial hub without competing for the head term.","Link naturally to mapped commercial owner","Review only after Search Console evidence is supplied","Match visible content only","Relevant agency workflow/tool-selection mentions","P1 — BOFU comparison","Planned","Existing factual comparison page; alternative terms consolidate here to avoid duplicate intent."
"best ClickUp alternative","Competitor Alternatives - ClickUp","Commercial Investigation","/compare/clickup","Secondary","Mapped to existing page","Strengthen the mapped canonical page; link to its parent commercial hub without competing for the head term.","Link naturally to mapped commercial owner","Review only after Search Console evidence is supplied","Match visible content only","Relevant agency workflow/tool-selection mentions","P1 — BOFU comparison","Planned","Existing factual comparison page; alternative terms consolidate here to avoid duplicate intent."
"ClickUp alternative for agencies","Competitor Alternatives - ClickUp","Commercial Investigation","/compare/clickup","Secondary","Mapped to existing page","Strengthen the mapped canonical page; link to its parent commercial hub without competing for the head term.","Link naturally to mapped commercial owner","Review only after Search Console evidence is supplied","Match visible content only","Relevant agency workflow/tool-selection mentions","P1 — BOFU comparison","Planned","Existing factual comparison page; alternative terms consolidate here to avoid duplicate intent."
"ClickUp alternative for marketing agencies","Competitor Alternatives - ClickUp","Commercial Investigation","/compare/clickup","Secondary","Mapped to existing page","Strengthen the mapped canonical page; link to its parent commercial hub without competing for the head term.","Link naturally to mapped commercial owner","Review only after Search Console evidence is supplied","Match visible content only","Relevant agency workflow/tool-selection mentions","P1 — BOFU comparison","Planned","Existing factual comparison page; alternative terms consolidate here to avoid duplicate intent."
"ClickUp alternative for client management","Competitor Alternatives - ClickUp","Commercial Investigation","/compare/clickup","Secondary","Mapped to existing page","Strengthen the mapped canonical page; link to its parent commercial hub without competing for the head term.","Link naturally to mapped commercial owner","Review only after Search Console evidence is supplied","Match visible content only","Relevant agency workflow/tool-selection mentions","P1 — BOFU comparison","Planned","Existing factual comparison page; alternative terms consolidate here to avoid duplicate intent."
"ClickUp alternative with client portal","Competitor Alternatives - ClickUp","Commercial Investigation","/compare/clickup","Secondary","Mapped to existing page","Strengthen the mapped canonical page; link to its parent commercial hub without competing for the head term.","Link naturally to mapped commercial owner","Review only after Search Console evidence is supplied","Match visible content only","Relevant agency workflow/tool-selection mentions","P1 — BOFU comparison","Planned","Existing factual comparison page; alternative terms consolidate here to avoid duplicate intent."
"ClickUp alternative with invoicing","Competitor Alternatives - ClickUp","Commercial Investigation","/compare/clickup","Secondary","Mapped to existing page","Strengthen the mapped canonical page; link to its parent commercial hub without competing for the head term.","Link naturally to mapped commercial owner","Review only after Search Console evidence is supplied","Match visible content only","Relevant agency workflow/tool-selection mentions","P1 — BOFU comparison","Planned","Existing factual comparison page; alternative terms consolidate here to avoid duplicate intent."
"ClickUp vs agency management software","Competitor Alternatives - ClickUp","Commercial Investigation","/compare/clickup","Secondary","Mapped to existing page","Strengthen the mapped canonical page; link to its parent commercial hub without competing for the head term.","Link naturally to mapped commercial owner","Review only after Search Console evidence is supplied","Match visible content only","Relevant agency workflow/tool-selection mentions","P1 — BOFU comparison","Planned","Existing factual comparison page; alternative terms consolidate here to avoid duplicate intent."
"ClickUp for agencies","Competitor Alternatives - ClickUp","Commercial Investigation","/compare/clickup","Secondary","Mapped to existing page","Strengthen the mapped canonical page; link to its parent commercial hub without competing for the head term.","Link naturally to mapped commercial owner","Review only after Search Console evidence is supplied","Match visible content only","Relevant agency workflow/tool-selection mentions","P1 — BOFU comparison","Planned","Existing factual comparison page; alternative terms consolidate here to avoid duplicate intent."
"ClickUp agency alternative","Competitor Alternatives - ClickUp","Commercial Investigation","/compare/clickup","Secondary","Mapped to existing page","Strengthen the mapped canonical page; link to its parent commercial hub without competing for the head term.","Link naturally to mapped commercial owner","Review only after Search Console evidence is supplied","Match visible content only","Relevant agency workflow/tool-selection mentions","P1 — BOFU comparison","Planned","Existing factual comparison page; alternative terms consolidate here to avoid duplicate intent."
"Asana alternative","Competitor Alternatives - Asana","Commercial Investigation","/compare/asana","Secondary","Mapped to existing page","Strengthen the mapped canonical page; link to its parent commercial hub without competing for the head term.","Link naturally to mapped commercial owner","Review only after Search Console evidence is supplied","Match visible content only","Relevant agency workflow/tool-selection mentions","P1 — BOFU comparison","Planned","Existing factual comparison page; alternative terms consolidate here to avoid duplicate intent."
"Asana alternatives","Competitor Alternatives - Asana","Commercial Investigation","/compare/asana","Secondary","Mapped to existing page","Strengthen the mapped canonical page; link to its parent commercial hub without competing for the head term.","Link naturally to mapped commercial owner","Review only after Search Console evidence is supplied","Match visible content only","Relevant agency workflow/tool-selection mentions","P1 — BOFU comparison","Planned","Existing factual comparison page; alternative terms consolidate here to avoid duplicate intent."
"Asana alternative for agencies","Competitor Alternatives - Asana","Commercial Investigation","/compare/asana","Secondary","Mapped to existing page","Strengthen the mapped canonical page; link to its parent commercial hub without competing for the head term.","Link naturally to mapped commercial owner","Review only after Search Console evidence is supplied","Match visible content only","Relevant agency workflow/tool-selection mentions","P1 — BOFU comparison","Planned","Existing factual comparison page; alternative terms consolidate here to avoid duplicate intent."
"Asana alternative for marketing agencies","Competitor Alternatives - Asana","Commercial Investigation","/compare/asana","Secondary","Mapped to existing page","Strengthen the mapped canonical page; link to its parent commercial hub without competing for the head term.","Link naturally to mapped commercial owner","Review only after Search Console evidence is supplied","Match visible content only","Relevant agency workflow/tool-selection mentions","P1 — BOFU comparison","Planned","Existing factual comparison page; alternative terms consolidate here to avoid duplicate intent."
"Asana alternative with client portal","Competitor Alternatives - Asana","Commercial Investigation","/compare/asana","Secondary","Mapped to existing page","Strengthen the mapped canonical page; link to its parent commercial hub without competing for the head term.","Link naturally to mapped commercial owner","Review only after Search Console evidence is supplied","Match visible content only","Relevant agency workflow/tool-selection mentions","P1 — BOFU comparison","Planned","Existing factual comparison page; alternative terms consolidate here to avoid duplicate intent."
"Asana alternative with invoicing","Competitor Alternatives - Asana","Commercial Investigation","/compare/asana","Secondary","Mapped to existing page","Strengthen the mapped canonical page; link to its parent commercial hub without competing for the head term.","Link naturally to mapped commercial owner","Review only after Search Console evidence is supplied","Match visible content only","Relevant agency workflow/tool-selection mentions","P1 — BOFU comparison","Planned","Existing factual comparison page; alternative terms consolidate here to avoid duplicate intent."
"Asana for agencies","Competitor Alternatives - Asana","Commercial Investigation","/compare/asana","Secondary","Mapped to existing page","Strengthen the mapped canonical page; link to its parent commercial hub without competing for the head term.","Link naturally to mapped commercial owner","Review only after Search Console evidence is supplied","Match visible content only","Relevant agency workflow/tool-selection mentions","P1 — BOFU comparison","Planned","Existing factual comparison page; alternative terms consolidate here to avoid duplicate intent."
"Asana agency alternative","Competitor Alternatives - Asana","Commercial Investigation","/compare/asana","Secondary","Mapped to existing page","Strengthen the mapped canonical page; link to its parent commercial hub without competing for the head term.","Link naturally to mapped commercial owner","Review only after Search Console evidence is supplied","Match visible content only","Relevant agency workflow/tool-selection mentions","P1 — BOFU comparison","Planned","Existing factual comparison page; alternative terms consolidate here to avoid duplicate intent."
"monday.com alternative","Competitor Alternatives - Monday","Commercial Investigation","/compare/monday","Secondary","Mapped to existing page","Strengthen the mapped canonical page; link to its parent commercial hub without competing for the head term.","Link naturally to mapped commercial owner","Review only after Search Console evidence is supplied","Match visible content only","Relevant agency workflow/tool-selection mentions","P1 — BOFU comparison","Planned","Existing factual comparison page; alternative terms consolidate here to avoid duplicate intent."
"Monday alternative for agencies","Competitor Alternatives - Monday","Commercial Investigation","/compare/monday","Secondary","Mapped to existing page","Strengthen the mapped canonical page; link to its parent commercial hub without competing for the head term.","Link naturally to mapped commercial owner","Review only after Search Console evidence is supplied","Match visible content only","Relevant agency workflow/tool-selection mentions","P1 — BOFU comparison","Planned","Existing factual comparison page; alternative terms consolidate here to avoid duplicate intent."
"monday CRM alternative","Competitor Alternatives - Monday","Commercial Investigation","/compare/monday","Secondary","Mapped to existing page","Strengthen the mapped canonical page; link to its parent commercial hub without competing for the head term.","Link naturally to mapped commercial owner","Review only after Search Console evidence is supplied","Match visible content only","Relevant agency workflow/tool-selection mentions","P1 — BOFU comparison","Planned","Existing factual comparison page; alternative terms consolidate here to avoid duplicate intent."
"Monday alternative with client portal","Competitor Alternatives - Monday","Commercial Investigation","/compare/monday","Secondary","Mapped to existing page","Strengthen the mapped canonical page; link to its parent commercial hub without competing for the head term.","Link naturally to mapped commercial owner","Review only after Search Console evidence is supplied","Match visible content only","Relevant agency workflow/tool-selection mentions","P1 — BOFU comparison","Planned","Existing factual comparison page; alternative terms consolidate here to avoid duplicate intent."
"Monday agency management alternative","Competitor Alternatives - Monday","Commercial Investigation","/compare/monday","Secondary","Mapped to existing page","Strengthen the mapped canonical page; link to its parent commercial hub without competing for the head term.","Link naturally to mapped commercial owner","Review only after Search Console evidence is supplied","Match visible content only","Relevant agency workflow/tool-selection mentions","P1 — BOFU comparison","Planned","Existing factual comparison page; alternative terms consolidate here to avoid duplicate intent."
"Monday.com for agencies","Competitor Alternatives - Monday","Commercial Investigation","/compare/monday","Secondary","Mapped to existing page","Strengthen the mapped canonical page; link to its parent commercial hub without competing for the head term.","Link naturally to mapped commercial owner","Review only after Search Console evidence is supplied","Match visible content only","Relevant agency workflow/tool-selection mentions","P1 — BOFU comparison","Planned","Existing factual comparison page; alternative terms consolidate here to avoid duplicate intent."
"Notion alternative","Competitor Alternatives - Notion","Commercial Investigation","/compare/notion","Secondary","Mapped to existing page","Strengthen the mapped canonical page; link to its parent commercial hub without competing for the head term.","Link naturally to mapped commercial owner","Review only after Search Console evidence is supplied","Match visible content only","Relevant agency workflow/tool-selection mentions","P1 — BOFU comparison","Planned","Existing factual comparison page; alternative terms consolidate here to avoid duplicate intent."
"Notion alternative for agencies","Competitor Alternatives - Notion","Commercial Investigation","/compare/notion","Secondary","Mapped to existing page","Strengthen the mapped canonical page; link to its parent commercial hub without competing for the head term.","Link naturally to mapped commercial owner","Review only after Search Console evidence is supplied","Match visible content only","Relevant agency workflow/tool-selection mentions","P1 — BOFU comparison","Planned","Existing factual comparison page; alternative terms consolidate here to avoid duplicate intent."
"Notion CRM alternative","Competitor Alternatives - Notion","Commercial Investigation","/compare/notion","Secondary","Mapped to existing page","Strengthen the mapped canonical page; link to its parent commercial hub without competing for the head term.","Link naturally to mapped commercial owner","Review only after Search Console evidence is supplied","Match visible content only","Relevant agency workflow/tool-selection mentions","P1 — BOFU comparison","Planned","Existing factual comparison page; alternative terms consolidate here to avoid duplicate intent."
"Notion client management alternative","Competitor Alternatives - Notion","Commercial Investigation","/compare/notion","Secondary","Mapped to existing page","Strengthen the mapped canonical page; link to its parent commercial hub without competing for the head term.","Link naturally to mapped commercial owner","Review only after Search Console evidence is supplied","Match visible content only","Relevant agency workflow/tool-selection mentions","P1 — BOFU comparison","Planned","Existing factual comparison page; alternative terms consolidate here to avoid duplicate intent."
"Notion agency management alternative","Competitor Alternatives - Notion","Commercial Investigation","/compare/notion","Secondary","Mapped to existing page","Strengthen the mapped canonical page; link to its parent commercial hub without competing for the head term.","Link naturally to mapped commercial owner","Review only after Search Console evidence is supplied","Match visible content only","Relevant agency workflow/tool-selection mentions","P1 — BOFU comparison","Planned","Existing factual comparison page; alternative terms consolidate here to avoid duplicate intent."
"Notion alternative with invoicing","Competitor Alternatives - Notion","Commercial Investigation","/compare/notion","Secondary","Mapped to existing page","Strengthen the mapped canonical page; link to its parent commercial hub without competing for the head term.","Link naturally to mapped commercial owner","Review only after Search Console evidence is supplied","Match visible content only","Relevant agency workflow/tool-selection mentions","P1 — BOFU comparison","Planned","Existing factual comparison page; alternative terms consolidate here to avoid duplicate intent."
"Notion alternative with client portal","Competitor Alternatives - Notion","Commercial Investigation","/compare/notion","Secondary","Mapped to existing page","Strengthen the mapped canonical page; link to its parent commercial hub without competing for the head term.","Link naturally to mapped commercial owner","Review only after Search Console evidence is supplied","Match visible content only","Relevant agency workflow/tool-selection mentions","P1 — BOFU comparison","Planned","Existing factual comparison page; alternative terms consolidate here to avoid duplicate intent."
"HubSpot alternative","Competitor Alternatives - HubSpot","Commercial Investigation","/compare/hubspot","Secondary","Mapped to existing page","Strengthen the mapped canonical page; link to its parent commercial hub without competing for the head term.","Link naturally to mapped commercial owner","Review only after Search Console evidence is supplied","Match visible content only","Relevant agency workflow/tool-selection mentions","P1 — BOFU comparison","Planned","Existing factual comparison page; alternative terms consolidate here to avoid duplicate intent."
"HubSpot CRM alternative","Competitor Alternatives - HubSpot","Commercial Investigation","/compare/hubspot","Secondary","Mapped to existing page","Strengthen the mapped canonical page; link to its parent commercial hub without competing for the head term.","Link naturally to mapped commercial owner","Review only after Search Console evidence is supplied","Match visible content only","Relevant agency workflow/tool-selection mentions","P1 — BOFU comparison","Planned","Existing factual comparison page; alternative terms consolidate here to avoid duplicate intent."
"HubSpot alternative for agencies","Competitor Alternatives - HubSpot","Commercial Investigation","/compare/hubspot","Secondary","Mapped to existing page","Strengthen the mapped canonical page; link to its parent commercial hub without competing for the head term.","Link naturally to mapped commercial owner","Review only after Search Console evidence is supplied","Match visible content only","Relevant agency workflow/tool-selection mentions","P1 — BOFU comparison","Planned","Existing factual comparison page; alternative terms consolidate here to avoid duplicate intent."
"HubSpot alternative for small agencies","Competitor Alternatives - HubSpot","Commercial Investigation","/compare/hubspot","Secondary","Mapped to existing page","Strengthen the mapped canonical page; link to its parent commercial hub without competing for the head term.","Link naturally to mapped commercial owner","Review only after Search Console evidence is supplied","Match visible content only","Relevant agency workflow/tool-selection mentions","P1 — BOFU comparison","Planned","Existing factual comparison page; alternative terms consolidate here to avoid duplicate intent."
"cheaper HubSpot alternative","Competitor Alternatives - HubSpot","Commercial Investigation","/compare/hubspot","Secondary","Mapped to existing page","Strengthen the mapped canonical page; link to its parent commercial hub without competing for the head term.","Link naturally to mapped commercial owner","Review only after Search Console evidence is supplied","Match visible content only","Relevant agency workflow/tool-selection mentions","P1 — BOFU comparison","Planned","Existing factual comparison page; alternative terms consolidate here to avoid duplicate intent."
"simple HubSpot alternative","Competitor Alternatives - HubSpot","Commercial Investigation","/compare/hubspot","Secondary","Mapped to existing page","Strengthen the mapped canonical page; link to its parent commercial hub without competing for the head term.","Link naturally to mapped commercial owner","Review only after Search Console evidence is supplied","Match visible content only","Relevant agency workflow/tool-selection mentions","P1 — BOFU comparison","Planned","Existing factual comparison page; alternative terms consolidate here to avoid duplicate intent."
"HubSpot client management alternative","Competitor Alternatives - HubSpot","Commercial Investigation","/compare/hubspot","Secondary","Mapped to existing page","Strengthen the mapped canonical page; link to its parent commercial hub without competing for the head term.","Link naturally to mapped commercial owner","Review only after Search Console evidence is supplied","Match visible content only","Relevant agency workflow/tool-selection mentions","P1 — BOFU comparison","Planned","Existing factual comparison page; alternative terms consolidate here to avoid duplicate intent."
"HubSpot alternative with project management","Competitor Alternatives - HubSpot","Commercial Investigation","/compare/hubspot","Secondary","Mapped to existing page","Strengthen the mapped canonical page; link to its parent commercial hub without competing for the head term.","Link naturally to mapped commercial owner","Review only after Search Console evidence is supplied","Match visible content only","Relevant agency workflow/tool-selection mentions","P1 — BOFU comparison","Planned","Existing factual comparison page; alternative terms consolidate here to avoid duplicate intent."
"HubSpot alternative with client portal","Competitor Alternatives - HubSpot","Commercial Investigation","/compare/hubspot","Secondary","Mapped to existing page","Strengthen the mapped canonical page; link to its parent commercial hub without competing for the head term.","Link naturally to mapped commercial owner","Review only after Search Console evidence is supplied","Match visible content only","Relevant agency workflow/tool-selection mentions","P1 — BOFU comparison","Planned","Existing factual comparison page; alternative terms consolidate here to avoid duplicate intent."
"Zoho CRM alternative","Competitor Alternatives - Zoho CRM","Commercial Investigation","/compare/zoho-crm","Secondary","Mapped to existing page","Strengthen the mapped canonical page; link to its parent commercial hub without competing for the head term.","Link naturally to mapped commercial owner","Review only after Search Console evidence is supplied","Match visible content only","Relevant agency workflow/tool-selection mentions","P1 — BOFU comparison","Planned","Existing factual comparison page; alternative terms consolidate here to avoid duplicate intent."
"Zoho alternative for agencies","Competitor Alternatives - Zoho CRM","Commercial Investigation","/compare/zoho-crm","Secondary","Mapped to existing page","Strengthen the mapped canonical page; link to its parent commercial hub without competing for the head term.","Link naturally to mapped commercial owner","Review only after Search Console evidence is supplied","Match visible content only","Relevant agency workflow/tool-selection mentions","P1 — BOFU comparison","Planned","Existing factual comparison page; alternative terms consolidate here to avoid duplicate intent."
"simpler Zoho CRM alternative","Competitor Alternatives - Zoho CRM","Commercial Investigation","/compare/zoho-crm","Secondary","Mapped to existing page","Strengthen the mapped canonical page; link to its parent commercial hub without competing for the head term.","Link naturally to mapped commercial owner","Review only after Search Console evidence is supplied","Match visible content only","Relevant agency workflow/tool-selection mentions","P1 — BOFU comparison","Planned","Existing factual comparison page; alternative terms consolidate here to avoid duplicate intent."
"Zoho CRM alternative for small business","Competitor Alternatives - Zoho CRM","Commercial Investigation","/compare/zoho-crm","Secondary","Mapped to existing page","Strengthen the mapped canonical page; link to its parent commercial hub without competing for the head term.","Link naturally to mapped commercial owner","Review only after Search Console evidence is supplied","Match visible content only","Relevant agency workflow/tool-selection mentions","P1 — BOFU comparison","Planned","Existing factual comparison page; alternative terms consolidate here to avoid duplicate intent."
"Zoho CRM alternative with project management","Competitor Alternatives - Zoho CRM","Commercial Investigation","/compare/zoho-crm","Secondary","Mapped to existing page","Strengthen the mapped canonical page; link to its parent commercial hub without competing for the head term.","Link naturally to mapped commercial owner","Review only after Search Console evidence is supplied","Match visible content only","Relevant agency workflow/tool-selection mentions","P1 — BOFU comparison","Planned","Existing factual comparison page; alternative terms consolidate here to avoid duplicate intent."
"Zoho CRM agency alternative","Competitor Alternatives - Zoho CRM","Commercial Investigation","/compare/zoho-crm","Secondary","Mapped to existing page","Strengthen the mapped canonical page; link to its parent commercial hub without competing for the head term.","Link naturally to mapped commercial owner","Review only after Search Console evidence is supplied","Match visible content only","Relevant agency workflow/tool-selection mentions","P1 — BOFU comparison","Planned","Existing factual comparison page; alternative terms consolidate here to avoid duplicate intent."
"Teamwork alternative","Competitor Alternatives - Expansion","Commercial Investigation","/compare/teamwork","Secondary","Mapped to future content","Keep as documented future-content gap; do not create without distinct intent evidence.","Link naturally to mapped commercial owner","Review only after Search Console evidence is supplied","Match visible content only","Relevant agency workflow/tool-selection mentions","P1 — BOFU comparison","Planned","P2 comparison requires current, sourced competitor verification before publication."
"Teamwork alternatives","Competitor Alternatives - Expansion","Commercial Investigation","/compare/teamwork","Secondary","Mapped to future content","Keep as documented future-content gap; do not create without distinct intent evidence.","Link naturally to mapped commercial owner","Review only after Search Console evidence is supplied","Match visible content only","Relevant agency workflow/tool-selection mentions","P1 — BOFU comparison","Planned","P2 comparison requires current, sourced competitor verification before publication."
"Teamwork alternative for agencies","Competitor Alternatives - Expansion","Commercial Investigation","/compare/teamwork","Secondary","Mapped to future content","Keep as documented future-content gap; do not create without distinct intent evidence.","Link naturally to mapped commercial owner","Review only after Search Console evidence is supplied","Match visible content only","Relevant agency workflow/tool-selection mentions","P1 — BOFU comparison","Planned","P2 comparison requires current, sourced competitor verification before publication."
"Productive.io alternative","Competitor Alternatives - Expansion","Commercial Investigation","/compare/productive","Secondary","Mapped to future content","Keep as documented future-content gap; do not create without distinct intent evidence.","Link naturally to mapped commercial owner","Review only after Search Console evidence is supplied","Match visible content only","Relevant agency workflow/tool-selection mentions","P1 — BOFU comparison","Planned","P2 comparison requires current, sourced competitor verification before publication."
"Productive alternative for agencies","Competitor Alternatives - Expansion","Commercial Investigation","/compare/productive","Secondary","Mapped to future content","Keep as documented future-content gap; do not create without distinct intent evidence.","Link naturally to mapped commercial owner","Review only after Search Console evidence is supplied","Match visible content only","Relevant agency workflow/tool-selection mentions","P1 — BOFU comparison","Planned","P2 comparison requires current, sourced competitor verification before publication."
"Scoro alternative","Competitor Alternatives - Expansion","Commercial Investigation","/compare/scoro","Secondary","Mapped to future content","Keep as documented future-content gap; do not create without distinct intent evidence.","Link naturally to mapped commercial owner","Review only after Search Console evidence is supplied","Match visible content only","Relevant agency workflow/tool-selection mentions","P1 — BOFU comparison","Planned","P2 comparison requires current, sourced competitor verification before publication."
"Scoro alternatives","Competitor Alternatives - Expansion","Commercial Investigation","/compare/scoro","Secondary","Mapped to future content","Keep as documented future-content gap; do not create without distinct intent evidence.","Link naturally to mapped commercial owner","Review only after Search Console evidence is supplied","Match visible content only","Relevant agency workflow/tool-selection mentions","P1 — BOFU comparison","Planned","P2 comparison requires current, sourced competitor verification before publication."
"cheaper Scoro alternative","Competitor Alternatives - Expansion","Commercial Investigation","/compare/scoro","Secondary","Mapped to future content","Keep as documented future-content gap; do not create without distinct intent evidence.","Link naturally to mapped commercial owner","Review only after Search Console evidence is supplied","Match visible content only","Relevant agency workflow/tool-selection mentions","P1 — BOFU comparison","Planned","P2 comparison requires current, sourced competitor verification before publication."
"Accelo alternative","Competitor Alternatives - Expansion","Commercial Investigation","/compare/accelo","Secondary","Mapped to future content","Keep as documented future-content gap; do not create without distinct intent evidence.","Link naturally to mapped commercial owner","Review only after Search Console evidence is supplied","Match visible content only","Relevant agency workflow/tool-selection mentions","P1 — BOFU comparison","Planned","P2 comparison requires current, sourced competitor verification before publication."
"Accelo alternatives","Competitor Alternatives - Expansion","Commercial Investigation","/compare/accelo","Secondary","Mapped to future content","Keep as documented future-content gap; do not create without distinct intent evidence.","Link naturally to mapped commercial owner","Review only after Search Console evidence is supplied","Match visible content only","Relevant agency workflow/tool-selection mentions","P1 — BOFU comparison","Planned","P2 comparison requires current, sourced competitor verification before publication."
"Workamajig alternative","Competitor Alternatives - Expansion","Commercial Investigation","/compare","Secondary","Mapped to existing page","Strengthen the mapped canonical page; link to its parent commercial hub without competing for the head term.","Link naturally to mapped commercial owner","Review only after Search Console evidence is supplied","Match visible content only","Relevant agency workflow/tool-selection mentions","P1 — supporting opportunity","Planned","Comparison hub owns broad evaluation intent."
"Function Point alternative","Competitor Alternatives - Expansion","Commercial Investigation","/compare","Secondary","Mapped to existing page","Strengthen the mapped canonical page; link to its parent commercial hub without competing for the head term.","Link naturally to mapped commercial owner","Review only after Search Console evidence is supplied","Match visible content only","Relevant agency workflow/tool-selection mentions","P1 — supporting opportunity","Planned","Comparison hub owns broad evaluation intent."
"Kantata alternative","Competitor Alternatives - Expansion","Commercial Investigation","/compare","Secondary","Mapped to existing page","Strengthen the mapped canonical page; link to its parent commercial hub without competing for the head term.","Link naturally to mapped commercial owner","Review only after Search Console evidence is supplied","Match visible content only","Relevant agency workflow/tool-selection mentions","P1 — supporting opportunity","Planned","Comparison hub owns broad evaluation intent."
"SuiteDash alternative","Competitor Alternatives - Expansion","Commercial Investigation","/compare/suitedash","Secondary","Mapped to future content","Keep as documented future-content gap; do not create without distinct intent evidence.","Link naturally to mapped commercial owner","Review only after Search Console evidence is supplied","Match visible content only","Relevant agency workflow/tool-selection mentions","P1 — BOFU comparison","Planned","P2 comparison requires current, sourced competitor verification before publication."
"SuiteDash alternatives","Competitor Alternatives - Expansion","Commercial Investigation","/compare/suitedash","Secondary","Mapped to future content","Keep as documented future-content gap; do not create without distinct intent evidence.","Link naturally to mapped commercial owner","Review only after Search Console evidence is supplied","Match visible content only","Relevant agency workflow/tool-selection mentions","P1 — BOFU comparison","Planned","P2 comparison requires current, sourced competitor verification before publication."
"SuiteDash alternative for agencies","Competitor Alternatives - Expansion","Commercial Investigation","/compare/suitedash","Secondary","Mapped to future content","Keep as documented future-content gap; do not create without distinct intent evidence.","Link naturally to mapped commercial owner","Review only after Search Console evidence is supplied","Match visible content only","Relevant agency workflow/tool-selection mentions","P1 — BOFU comparison","Planned","P2 comparison requires current, sourced competitor verification before publication."
"ManyRequests alternative","Competitor Alternatives - Expansion","Commercial Investigation","/compare/manyrequests","Secondary","Mapped to future content","Keep as documented future-content gap; do not create without distinct intent evidence.","Link naturally to mapped commercial owner","Review only after Search Console evidence is supplied","Match visible content only","Relevant agency workflow/tool-selection mentions","P1 — BOFU comparison","Planned","P2 comparison requires current, sourced competitor verification before publication."
"ManyRequests alternatives","Competitor Alternatives - Expansion","Commercial Investigation","/compare/manyrequests","Secondary","Mapped to future content","Keep as documented future-content gap; do not create without distinct intent evidence.","Link naturally to mapped commercial owner","Review only after Search Console evidence is supplied","Match visible content only","Relevant agency workflow/tool-selection mentions","P1 — BOFU comparison","Planned","P2 comparison requires current, sourced competitor verification before publication."
"Kitchen.co alternative","Competitor Alternatives - Expansion","Commercial Investigation","/compare","Secondary","Mapped to existing page","Strengthen the mapped canonical page; link to its parent commercial hub without competing for the head term.","Link naturally to mapped commercial owner","Review only after Search Console evidence is supplied","Match visible content only","Relevant agency workflow/tool-selection mentions","P1 — supporting opportunity","Planned","Comparison hub owns broad evaluation intent."
"ClientVenue alternative","Competitor Alternatives - Expansion","Commercial Investigation","/compare","Secondary","Mapped to existing page","Strengthen the mapped canonical page; link to its parent commercial hub without competing for the head term.","Link naturally to mapped commercial owner","Review only after Search Console evidence is supplied","Match visible content only","Relevant agency workflow/tool-selection mentions","P1 — supporting opportunity","Planned","Comparison hub owns broad evaluation intent."
"AgencyPro alternative","Competitor Alternatives - Expansion","Commercial Investigation","/compare","Secondary","Mapped to existing page","Strengthen the mapped canonical page; link to its parent commercial hub without competing for the head term.","Link naturally to mapped commercial owner","Review only after Search Console evidence is supplied","Match visible content only","Relevant agency workflow/tool-selection mentions","P1 — supporting opportunity","Planned","Comparison hub owns broad evaluation intent."
"Agency Handy alternative","Competitor Alternatives - Expansion","Commercial Investigation","/compare","Secondary","Mapped to existing page","Strengthen the mapped canonical page; link to its parent commercial hub without competing for the head term.","Link naturally to mapped commercial owner","Review only after Search Console evidence is supplied","Match visible content only","Relevant agency workflow/tool-selection mentions","P1 — supporting opportunity","Planned","Comparison hub owns broad evaluation intent."
"Plutio alternative","Competitor Alternatives - Expansion","Commercial Investigation","/compare/plutio","Secondary","Mapped to future content","Keep as documented future-content gap; do not create without distinct intent evidence.","Link naturally to mapped commercial owner","Review only after Search Console evidence is supplied","Match visible content only","Relevant agency workflow/tool-selection mentions","P1 — BOFU comparison","Planned","P2 comparison requires current, sourced competitor verification before publication."
"Plutio alternatives","Competitor Alternatives - Expansion","Commercial Investigation","/compare/plutio","Secondary","Mapped to future content","Keep as documented future-content gap; do not create without distinct intent evidence.","Link naturally to mapped commercial owner","Review only after Search Console evidence is supplied","Match visible content only","Relevant agency workflow/tool-selection mentions","P1 — BOFU comparison","Planned","P2 comparison requires current, sourced competitor verification before publication."
"HoneyBook alternative","Competitor Alternatives - Expansion","Commercial Investigation","/compare/honeybook","Secondary","Mapped to future content","Keep as documented future-content gap; do not create without distinct intent evidence.","Link naturally to mapped commercial owner","Review only after Search Console evidence is supplied","Match visible content only","Relevant agency workflow/tool-selection mentions","P1 — BOFU comparison","Planned","P2 comparison requires current, sourced competitor verification before publication."
"HoneyBook alternative for agencies","Competitor Alternatives - Expansion","Commercial Investigation","/compare/honeybook","Secondary","Mapped to future content","Keep as documented future-content gap; do not create without distinct intent evidence.","Link naturally to mapped commercial owner","Review only after Search Console evidence is supplied","Match visible content only","Relevant agency workflow/tool-selection mentions","P1 — BOFU comparison","Planned","P2 comparison requires current, sourced competitor verification before publication."
"Dubsado alternative","Competitor Alternatives - Expansion","Commercial Investigation","/compare/dubsado","Secondary","Mapped to future content","Keep as documented future-content gap; do not create without distinct intent evidence.","Link naturally to mapped commercial owner","Review only after Search Console evidence is supplied","Match visible content only","Relevant agency workflow/tool-selection mentions","P1 — BOFU comparison","Planned","P2 comparison requires current, sourced competitor verification before publication."
"Bonsai alternative","Competitor Alternatives - Expansion","Commercial Investigation","/compare/bonsai","Secondary","Mapped to future content","Keep as documented future-content gap; do not create without distinct intent evidence.","Link naturally to mapped commercial owner","Review only after Search Console evidence is supplied","Match visible content only","Relevant agency workflow/tool-selection mentions","P1 — BOFU comparison","Planned","P2 comparison requires current, sourced competitor verification before publication."
"Clientjoy alternative","Competitor Alternatives - Expansion","Commercial Investigation","/compare/clientjoy","Secondary","Mapped to future content","Keep as documented future-content gap; do not create without distinct intent evidence.","Link naturally to mapped commercial owner","Review only after Search Console evidence is supplied","Match visible content only","Relevant agency workflow/tool-selection mentions","P1 — BOFU comparison","Planned","P2 comparison requires current, sourced competitor verification before publication."
"Flowlu alternative","Competitor Alternatives - Expansion","Commercial Investigation","/compare","Secondary","Mapped to existing page","Strengthen the mapped canonical page; link to its parent commercial hub without competing for the head term.","Link naturally to mapped commercial owner","Review only after Search Console evidence is supplied","Match visible content only","Relevant agency workflow/tool-selection mentions","P1 — supporting opportunity","Planned","Comparison hub owns broad evaluation intent."
"Copilot client portal alternative","Competitor Alternatives - Expansion","Commercial Investigation","/compare","Secondary","Mapped to existing page","Strengthen the mapped canonical page; link to its parent commercial hub without competing for the head term.","Link naturally to mapped commercial owner","Review only after Search Console evidence is supplied","Match visible content only","Relevant agency workflow/tool-selection mentions","P1 — supporting opportunity","Planned","Comparison hub owns broad evaluation intent."
"Moxo alternative","Competitor Alternatives - Expansion","Commercial Investigation","/compare","Secondary","Mapped to existing page","Strengthen the mapped canonical page; link to its parent commercial hub without competing for the head term.","Link naturally to mapped commercial owner","Review only after Search Console evidence is supplied","Match visible content only","Relevant agency workflow/tool-selection mentions","P1 — supporting opportunity","Planned","Comparison hub owns broad evaluation intent."
"Sarion vs ClickUp","Sarion Comparisons","Transactional / Commercial Investigation","/compare/clickup","Secondary","Mapped to existing page","Strengthen the mapped canonical page; link to its parent commercial hub without competing for the head term.","Link naturally to mapped commercial owner","Review only after Search Console evidence is supplied","Match visible content only","Relevant agency workflow/tool-selection mentions","P1 — BOFU comparison","Planned","Existing factual comparison page; alternative terms consolidate here to avoid duplicate intent."
"Sarion vs Asana","Sarion Comparisons","Transactional / Commercial Investigation","/compare/asana","Secondary","Mapped to existing page","Strengthen the mapped canonical page; link to its parent commercial hub without competing for the head term.","Link naturally to mapped commercial owner","Review only after Search Console evidence is supplied","Match visible content only","Relevant agency workflow/tool-selection mentions","P1 — BOFU comparison","Planned","Existing factual comparison page; alternative terms consolidate here to avoid duplicate intent."
"Sarion vs Monday","Sarion Comparisons","Transactional / Commercial Investigation","/compare/monday","Secondary","Mapped to existing page","Strengthen the mapped canonical page; link to its parent commercial hub without competing for the head term.","Link naturally to mapped commercial owner","Review only after Search Console evidence is supplied","Match visible content only","Relevant agency workflow/tool-selection mentions","P1 — BOFU comparison","Planned","Existing factual comparison page; alternative terms consolidate here to avoid duplicate intent."
"Sarion vs Notion","Sarion Comparisons","Transactional / Commercial Investigation","/compare/notion","Secondary","Mapped to existing page","Strengthen the mapped canonical page; link to its parent commercial hub without competing for the head term.","Link naturally to mapped commercial owner","Review only after Search Console evidence is supplied","Match visible content only","Relevant agency workflow/tool-selection mentions","P1 — BOFU comparison","Planned","Existing factual comparison page; alternative terms consolidate here to avoid duplicate intent."
"Sarion vs HubSpot","Sarion Comparisons","Transactional / Commercial Investigation","/compare/hubspot","Secondary","Mapped to existing page","Strengthen the mapped canonical page; link to its parent commercial hub without competing for the head term.","Link naturally to mapped commercial owner","Review only after Search Console evidence is supplied","Match visible content only","Relevant agency workflow/tool-selection mentions","P1 — BOFU comparison","Planned","Existing factual comparison page; alternative terms consolidate here to avoid duplicate intent."
"Sarion vs Zoho CRM","Sarion Comparisons","Transactional / Commercial Investigation","/compare/zoho-crm","Secondary","Mapped to existing page","Strengthen the mapped canonical page; link to its parent commercial hub without competing for the head term.","Link naturally to mapped commercial owner","Review only after Search Console evidence is supplied","Match visible content only","Relevant agency workflow/tool-selection mentions","P1 — BOFU comparison","Planned","Existing factual comparison page; alternative terms consolidate here to avoid duplicate intent."
"Sarion vs Teamwork","Sarion Comparisons","Transactional / Commercial Investigation","/compare/teamwork","Secondary","Mapped to future content","Keep as documented future-content gap; do not create without distinct intent evidence.","Link naturally to mapped commercial owner","Review only after Search Console evidence is supplied","Match visible content only","Relevant agency workflow/tool-selection mentions","P1 — BOFU comparison","Planned","P2 comparison requires current, sourced competitor verification before publication."
"Sarion vs Productive","Sarion Comparisons","Transactional / Commercial Investigation","/compare/productive","Secondary","Mapped to future content","Keep as documented future-content gap; do not create without distinct intent evidence.","Link naturally to mapped commercial owner","Review only after Search Console evidence is supplied","Match visible content only","Relevant agency workflow/tool-selection mentions","P1 — BOFU comparison","Planned","P2 comparison requires current, sourced competitor verification before publication."
"Sarion vs Scoro","Sarion Comparisons","Transactional / Commercial Investigation","/compare/scoro","Secondary","Mapped to future content","Keep as documented future-content gap; do not create without distinct intent evidence.","Link naturally to mapped commercial owner","Review only after Search Console evidence is supplied","Match visible content only","Relevant agency workflow/tool-selection mentions","P1 — BOFU comparison","Planned","P2 comparison requires current, sourced competitor verification before publication."
"Sarion vs Accelo","Sarion Comparisons","Transactional / Commercial Investigation","/compare/accelo","Secondary","Mapped to future content","Keep as documented future-content gap; do not create without distinct intent evidence.","Link naturally to mapped commercial owner","Review only after Search Console evidence is supplied","Match visible content only","Relevant agency workflow/tool-selection mentions","P1 — BOFU comparison","Planned","P2 comparison requires current, sourced competitor verification before publication."
"Sarion vs SuiteDash","Sarion Comparisons","Transactional / Commercial Investigation","/compare/suitedash","Secondary","Mapped to future content","Keep as documented future-content gap; do not create without distinct intent evidence.","Link naturally to mapped commercial owner","Review only after Search Console evidence is supplied","Match visible content only","Relevant agency workflow/tool-selection mentions","P1 — BOFU comparison","Planned","P2 comparison requires current, sourced competitor verification before publication."
"Sarion vs ManyRequests","Sarion Comparisons","Transactional / Commercial Investigation","/compare/manyrequests","Secondary","Mapped to future content","Keep as documented future-content gap; do not create without distinct intent evidence.","Link naturally to mapped commercial owner","Review only after Search Console evidence is supplied","Match visible content only","Relevant agency workflow/tool-selection mentions","P1 — BOFU comparison","Planned","P2 comparison requires current, sourced competitor verification before publication."
"Sarion vs HoneyBook","Sarion Comparisons","Transactional / Commercial Investigation","/compare/honeybook","Secondary","Mapped to future content","Keep as documented future-content gap; do not create without distinct intent evidence.","Link naturally to mapped commercial owner","Review only after Search Console evidence is supplied","Match visible content only","Relevant agency workflow/tool-selection mentions","P1 — BOFU comparison","Planned","P2 comparison requires current, sourced competitor verification before publication."
"Sarion vs Dubsado","Sarion Comparisons","Transactional / Commercial Investigation","/compare/dubsado","Secondary","Mapped to future content","Keep as documented future-content gap; do not create without distinct intent evidence.","Link naturally to mapped commercial owner","Review only after Search Console evidence is supplied","Match visible content only","Relevant agency workflow/tool-selection mentions","P1 — BOFU comparison","Planned","P2 comparison requires current, sourced competitor verification before publication."
"Sarion vs Bonsai","Sarion Comparisons","Transactional / Commercial Investigation","/compare/bonsai","Secondary","Mapped to future content","Keep as documented future-content gap; do not create without distinct intent evidence.","Link naturally to mapped commercial owner","Review only after Search Console evidence is supplied","Match visible content only","Relevant agency workflow/tool-selection mentions","P1 — BOFU comparison","Planned","P2 comparison requires current, sourced competitor verification before publication."
"Sarion vs Plutio","Sarion Comparisons","Transactional / Commercial Investigation","/compare/plutio","Secondary","Mapped to future content","Keep as documented future-content gap; do not create without distinct intent evidence.","Link naturally to mapped commercial owner","Review only after Search Console evidence is supplied","Match visible content only","Relevant agency workflow/tool-selection mentions","P1 — BOFU comparison","Planned","P2 comparison requires current, sourced competitor verification before publication."
"Sarion vs Clientjoy","Sarion Comparisons","Transactional / Commercial Investigation","/compare/clientjoy","Secondary","Mapped to future content","Keep as documented future-content gap; do not create without distinct intent evidence.","Link naturally to mapped commercial owner","Review only after Search Console evidence is supplied","Match visible content only","Relevant agency workflow/tool-selection mentions","P1 — BOFU comparison","Planned","P2 comparison requires current, sourced competitor verification before publication."
"replace multiple agency tools","Tool Consolidation","Commercial Investigation","/agency-operations","Secondary","Mapped to new page","Strengthen canonical owner with answer-first copy, related-hub links, FAQ and CTA alignment.","Maintain contextual links from relevant supporting pages","Review only after Search Console evidence is supplied","Visible FAQPage, WebPage and BreadcrumbList maintained","Relevant agency workflow/tool-selection mentions","P1 — commercial owner","Yes — hub optimization pass","Agency-operations and consolidation owner."
"all in one alternative to ClickUp and QuickBooks","Tool Consolidation","Commercial Investigation","/agency-operations","Secondary","Mapped to new page","Strengthen canonical owner with answer-first copy, related-hub links, FAQ and CTA alignment.","Maintain contextual links from relevant supporting pages","Review only after Search Console evidence is supplied","Visible FAQPage, WebPage and BreadcrumbList maintained","Relevant agency workflow/tool-selection mentions","P1 — commercial owner","Yes — hub optimization pass","Agency-operations and consolidation owner."
"CRM project management invoicing in one","Tool Consolidation","Commercial Investigation","/agency-operations","Secondary","Mapped to new page","Strengthen canonical owner with answer-first copy, related-hub links, FAQ and CTA alignment.","Maintain contextual links from relevant supporting pages","Review only after Search Console evidence is supplied","Visible FAQPage, WebPage and BreadcrumbList maintained","Relevant agency workflow/tool-selection mentions","P1 — commercial owner","Yes — hub optimization pass","Agency-operations and consolidation owner."
"CRM project management client portal","Tool Consolidation","Commercial Investigation","/agency-operations","Secondary","Mapped to new page","Strengthen canonical owner with answer-first copy, related-hub links, FAQ and CTA alignment.","Maintain contextual links from relevant supporting pages","Review only after Search Console evidence is supplied","Visible FAQPage, WebPage and BreadcrumbList maintained","Relevant agency workflow/tool-selection mentions","P1 — commercial owner","Yes — hub optimization pass","Agency-operations and consolidation owner."
"CRM project management invoicing platform","Tool Consolidation","Commercial Investigation","/agency-operations","Secondary","Mapped to new page","Strengthen canonical owner with answer-first copy, related-hub links, FAQ and CTA alignment.","Maintain contextual links from relevant supporting pages","Review only after Search Console evidence is supplied","Visible FAQPage, WebPage and BreadcrumbList maintained","Relevant agency workflow/tool-selection mentions","P1 — commercial owner","Yes — hub optimization pass","Agency-operations and consolidation owner."
"project management CRM invoicing software","Tool Consolidation","Commercial Investigation","/agency-operations","Secondary","Mapped to new page","Strengthen canonical owner with answer-first copy, related-hub links, FAQ and CTA alignment.","Maintain contextual links from relevant supporting pages","Review only after Search Console evidence is supplied","Visible FAQPage, WebPage and BreadcrumbList maintained","Relevant agency workflow/tool-selection mentions","P1 — commercial owner","Yes — hub optimization pass","Agency-operations and consolidation owner."
"client management project management invoicing software","Tool Consolidation","Commercial Investigation","/agency-operations","Secondary","Mapped to new page","Strengthen canonical owner with answer-first copy, related-hub links, FAQ and CTA alignment.","Maintain contextual links from relevant supporting pages","Review only after Search Console evidence is supplied","Visible FAQPage, WebPage and BreadcrumbList maintained","Relevant agency workflow/tool-selection mentions","P1 — commercial owner","Yes — hub optimization pass","Agency-operations and consolidation owner."
"CRM client portal invoicing software","Tool Consolidation","Commercial Investigation","/agency-operations","Secondary","Mapped to new page","Strengthen canonical owner with answer-first copy, related-hub links, FAQ and CTA alignment.","Maintain contextual links from relevant supporting pages","Review only after Search Console evidence is supplied","Visible FAQPage, WebPage and BreadcrumbList maintained","Relevant agency workflow/tool-selection mentions","P1 — commercial owner","Yes — hub optimization pass","Agency-operations and consolidation owner."
"all in one client management software","Tool Consolidation","Commercial Investigation","/agency-operations","Secondary","Mapped to new page","Strengthen canonical owner with answer-first copy, related-hub links, FAQ and CTA alignment.","Maintain contextual links from relevant supporting pages","Review only after Search Console evidence is supplied","Visible FAQPage, WebPage and BreadcrumbList maintained","Relevant agency workflow/tool-selection mentions","P1 — commercial owner","Yes — hub optimization pass","Agency-operations and consolidation owner."
"all in one client portal software","Tool Consolidation","Commercial Investigation","/agency-operations","Secondary","Mapped to new page","Strengthen canonical owner with answer-first copy, related-hub links, FAQ and CTA alignment.","Maintain contextual links from relevant supporting pages","Review only after Search Console evidence is supplied","Visible FAQPage, WebPage and BreadcrumbList maintained","Relevant agency workflow/tool-selection mentions","P1 — commercial owner","Yes — hub optimization pass","Agency-operations and consolidation owner."
"all in one agency platform","Tool Consolidation","Commercial Investigation","/agency-operations","Secondary","Mapped to new page","Strengthen canonical owner with answer-first copy, related-hub links, FAQ and CTA alignment.","Maintain contextual links from relevant supporting pages","Review only after Search Console evidence is supplied","Visible FAQPage, WebPage and BreadcrumbList maintained","Relevant agency workflow/tool-selection mentions","P1 — commercial owner","Yes — hub optimization pass","Agency-operations and consolidation owner."
"agency software with everything in one place","Tool Consolidation","Commercial Investigation","/agency-operations","Secondary","Mapped to new page","Strengthen canonical owner with answer-first copy, related-hub links, FAQ and CTA alignment.","Maintain contextual links from relevant supporting pages","Review only after Search Console evidence is supplied","Visible FAQPage, WebPage and BreadcrumbList maintained","Relevant agency workflow/tool-selection mentions","P1 — commercial owner","Yes — hub optimization pass","Agency-operations and consolidation owner."
"one platform for agency management","Tool Consolidation","Commercial Investigation","/agency-operations","Secondary","Mapped to new page","Strengthen canonical owner with answer-first copy, related-hub links, FAQ and CTA alignment.","Maintain contextual links from relevant supporting pages","Review only after Search Console evidence is supplied","Visible FAQPage, WebPage and BreadcrumbList maintained","Relevant agency workflow/tool-selection mentions","P1 — commercial owner","Yes — hub optimization pass","Agency-operations and consolidation owner."
"consolidate agency software","Tool Consolidation","Commercial Investigation","/agency-operations","Secondary","Mapped to new page","Strengthen canonical owner with answer-first copy, related-hub links, FAQ and CTA alignment.","Maintain contextual links from relevant supporting pages","Review only after Search Console evidence is supplied","Visible FAQPage, WebPage and BreadcrumbList maintained","Relevant agency workflow/tool-selection mentions","P1 — commercial owner","Yes — hub optimization pass","Agency-operations and consolidation owner."
"agency tool consolidation","Tool Consolidation","Commercial Investigation","/agency-operations","Secondary","Mapped to new page","Strengthen canonical owner with answer-first copy, related-hub links, FAQ and CTA alignment.","Maintain contextual links from relevant supporting pages","Review only after Search Console evidence is supplied","Visible FAQPage, WebPage and BreadcrumbList maintained","Relevant agency workflow/tool-selection mentions","P1 — commercial owner","Yes — hub optimization pass","Agency-operations and consolidation owner."
"replace agency spreadsheets","Tool Consolidation","Commercial Investigation","/agency-operations","Secondary","Mapped to new page","Strengthen canonical owner with answer-first copy, related-hub links, FAQ and CTA alignment.","Maintain contextual links from relevant supporting pages","Review only after Search Console evidence is supplied","Visible FAQPage, WebPage and BreadcrumbList maintained","Relevant agency workflow/tool-selection mentions","P1 — commercial owner","Yes — hub optimization pass","Agency-operations and consolidation owner."
"agency spreadsheet alternative","Tool Consolidation","Commercial Investigation","/agency-operations","Secondary","Mapped to new page","Strengthen canonical owner with answer-first copy, related-hub links, FAQ and CTA alignment.","Maintain contextual links from relevant supporting pages","Review only after Search Console evidence is supplied","Visible FAQPage, WebPage and BreadcrumbList maintained","Relevant agency workflow/tool-selection mentions","P1 — commercial owner","Yes — hub optimization pass","Agency-operations and consolidation owner."
"CRM spreadsheet alternative","Tool Consolidation","Commercial Investigation","/agency-operations","Secondary","Mapped to new page","Strengthen canonical owner with answer-first copy, related-hub links, FAQ and CTA alignment.","Maintain contextual links from relevant supporting pages","Review only after Search Console evidence is supplied","Visible FAQPage, WebPage and BreadcrumbList maintained","Relevant agency workflow/tool-selection mentions","P1 — commercial owner","Yes — hub optimization pass","Agency-operations and consolidation owner."
"client management spreadsheet alternative","Tool Consolidation","Commercial Investigation","/agency-operations","Secondary","Mapped to new page","Strengthen canonical owner with answer-first copy, related-hub links, FAQ and CTA alignment.","Maintain contextual links from relevant supporting pages","Review only after Search Console evidence is supplied","Visible FAQPage, WebPage and BreadcrumbList maintained","Relevant agency workflow/tool-selection mentions","P1 — commercial owner","Yes — hub optimization pass","Agency-operations and consolidation owner."
"agency management software pricing","Pricing Intent","Transactional","/pricing","Primary","Mapped to existing page","Strengthen the mapped canonical page; link to its parent commercial hub without competing for the head term.","Link naturally to mapped commercial owner","Review only after Search Console evidence is supplied","Match visible content only","Assess after impressions","P1 — supporting opportunity","Planned","Live plan source of truth; pricing must not be duplicated in generated copy."
"agency CRM pricing","Pricing Intent","Transactional","/pricing","Secondary","Mapped to existing page","Strengthen the mapped canonical page; link to its parent commercial hub without competing for the head term.","Link naturally to mapped commercial owner","Review only after Search Console evidence is supplied","Match visible content only","Assess after impressions","P1 — supporting opportunity","Planned","Live plan source of truth; pricing must not be duplicated in generated copy."
"client portal software pricing","Pricing Intent","Transactional","/pricing","Secondary","Mapped to existing page","Strengthen the mapped canonical page; link to its parent commercial hub without competing for the head term.","Link naturally to mapped commercial owner","Review only after Search Console evidence is supplied","Match visible content only","Assess after impressions","P1 — supporting opportunity","Planned","Live plan source of truth; pricing must not be duplicated in generated copy."
"agency project management software pricing","Pricing Intent","Transactional","/pricing","Secondary","Mapped to existing page","Strengthen the mapped canonical page; link to its parent commercial hub without competing for the head term.","Link naturally to mapped commercial owner","Review only after Search Console evidence is supplied","Match visible content only","Assess after impressions","P1 — supporting opportunity","Planned","Live plan source of truth; pricing must not be duplicated in generated copy."
"cheapest agency management software","Pricing Intent","Transactional","/pricing","Secondary","Mapped to existing page","Strengthen the mapped canonical page; link to its parent commercial hub without competing for the head term.","Link naturally to mapped commercial owner","Review only after Search Console evidence is supplied","Match visible content only","Assess after impressions","P1 — supporting opportunity","Planned","Live plan source of truth; pricing must not be duplicated in generated copy."
"agency software under $50","Pricing Intent","Transactional","/pricing","Secondary","Mapped to existing page","Strengthen the mapped canonical page; link to its parent commercial hub without competing for the head term.","Link naturally to mapped commercial owner","Review only after Search Console evidence is supplied","Match visible content only","Assess after impressions","P1 — supporting opportunity","Planned","Live plan source of truth; pricing must not be duplicated in generated copy."
"agency software $50 month","Pricing Intent","Transactional","/pricing","Secondary","Mapped to existing page","Strengthen the mapped canonical page; link to its parent commercial hub without competing for the head term.","Link naturally to mapped commercial owner","Review only after Search Console evidence is supplied","Match visible content only","Assess after impressions","P1 — supporting opportunity","Planned","Live plan source of truth; pricing must not be duplicated in generated copy."
"free client portal software","Pricing Intent","Transactional","/pricing","Secondary","Mapped to existing page","Strengthen the mapped canonical page; link to its parent commercial hub without competing for the head term.","Link naturally to mapped commercial owner","Review only after Search Console evidence is supplied","Match visible content only","Assess after impressions","P1 — supporting opportunity","Planned","Live plan source of truth; pricing must not be duplicated in generated copy."
"free CRM with client portal","Pricing Intent","Transactional","/pricing","Secondary","Mapped to existing page","Strengthen the mapped canonical page; link to its parent commercial hub without competing for the head term.","Link naturally to mapped commercial owner","Review only after Search Console evidence is supplied","Match visible content only","Assess after impressions","P1 — supporting opportunity","Planned","Live plan source of truth; pricing must not be duplicated in generated copy."
"free project management CRM","Pricing Intent","Transactional","/pricing","Secondary","Mapped to existing page","Strengthen the mapped canonical page; link to its parent commercial hub without competing for the head term.","Link naturally to mapped commercial owner","Review only after Search Console evidence is supplied","Match visible content only","Assess after impressions","P1 — supporting opportunity","Planned","Live plan source of truth; pricing must not be duplicated in generated copy."
"agency CRM free trial","Pricing Intent","Transactional","/pricing","Secondary","Mapped to existing page","Strengthen the mapped canonical page; link to its parent commercial hub without competing for the head term.","Link naturally to mapped commercial owner","Review only after Search Console evidence is supplied","Match visible content only","Assess after impressions","P1 — supporting opportunity","Planned","Live plan source of truth; pricing must not be duplicated in generated copy."
"client portal free trial","Pricing Intent","Transactional","/pricing","Secondary","Mapped to existing page","Strengthen the mapped canonical page; link to its parent commercial hub without competing for the head term.","Link naturally to mapped commercial owner","Review only after Search Console evidence is supplied","Match visible content only","Assess after impressions","P1 — supporting opportunity","Planned","Live plan source of truth; pricing must not be duplicated in generated copy."
"no credit card agency software","Pricing Intent","Transactional","/pricing","Secondary","Mapped to existing page","Strengthen the mapped canonical page; link to its parent commercial hub without competing for the head term.","Link naturally to mapped commercial owner","Review only after Search Console evidence is supplied","Match visible content only","Assess after impressions","P1 — supporting opportunity","Planned","Live plan source of truth; pricing must not be duplicated in generated copy."
"agency CRM no credit card","Pricing Intent","Transactional","/pricing","Secondary","Mapped to existing page","Strengthen the mapped canonical page; link to its parent commercial hub without competing for the head term.","Link naturally to mapped commercial owner","Review only after Search Console evidence is supplied","Match visible content only","Assess after impressions","P1 — supporting opportunity","Planned","Live plan source of truth; pricing must not be duplicated in generated copy."
"client portal no credit card required","Pricing Intent","Transactional","/pricing","Secondary","Mapped to existing page","Strengthen the mapped canonical page; link to its parent commercial hub without competing for the head term.","Link naturally to mapped commercial owner","Review only after Search Console evidence is supplied","Match visible content only","Assess after impressions","P1 — supporting opportunity","Planned","Live plan source of truth; pricing must not be duplicated in generated copy."
"CRM with client portal and invoicing","Feature Combinations","Commercial","/agency-crm","Secondary","Mapped to new page","Strengthen canonical owner with answer-first copy, related-hub links, FAQ and CTA alignment.","Maintain contextual links from relevant supporting pages","Review only after Search Console evidence is supplied","Visible FAQPage, WebPage and BreadcrumbList maintained","Relevant agency workflow/tool-selection mentions","P1 — commercial owner","Yes — hub optimization pass","Authoritative post-sale agency CRM hub."
"CRM with project management client portal","Feature Combinations","Commercial","/agency-crm","Secondary","Mapped to new page","Strengthen canonical owner with answer-first copy, related-hub links, FAQ and CTA alignment.","Maintain contextual links from relevant supporting pages","Review only after Search Console evidence is supplied","Visible FAQPage, WebPage and BreadcrumbList maintained","Relevant agency workflow/tool-selection mentions","P1 — commercial owner","Yes — hub optimization pass","Authoritative post-sale agency CRM hub."
"CRM invoicing project management client portal","Feature Combinations","Commercial","/agency-crm","Secondary","Mapped to new page","Strengthen canonical owner with answer-first copy, related-hub links, FAQ and CTA alignment.","Maintain contextual links from relevant supporting pages","Review only after Search Console evidence is supplied","Visible FAQPage, WebPage and BreadcrumbList maintained","Relevant agency workflow/tool-selection mentions","P1 — commercial owner","Yes — hub optimization pass","Authoritative post-sale agency CRM hub."
"project management with invoicing","Feature Combinations","Commercial","/agency-operations","Secondary","Mapped to new page","Strengthen canonical owner with answer-first copy, related-hub links, FAQ and CTA alignment.","Maintain contextual links from relevant supporting pages","Review only after Search Console evidence is supplied","Visible FAQPage, WebPage and BreadcrumbList maintained","Relevant agency workflow/tool-selection mentions","P1 — commercial owner","Yes — hub optimization pass","Combination variants consolidate under one authoritative workflow page to prevent cannibalization."
"project management with CRM","Feature Combinations","Commercial","/agency-crm","Secondary","Mapped to new page","Strengthen canonical owner with answer-first copy, related-hub links, FAQ and CTA alignment.","Maintain contextual links from relevant supporting pages","Review only after Search Console evidence is supplied","Visible FAQPage, WebPage and BreadcrumbList maintained","Relevant agency workflow/tool-selection mentions","P1 — commercial owner","Yes — hub optimization pass","Authoritative post-sale agency CRM hub."
"client management with invoicing","Feature Combinations","Commercial","/agency-operations","Secondary","Mapped to new page","Strengthen canonical owner with answer-first copy, related-hub links, FAQ and CTA alignment.","Maintain contextual links from relevant supporting pages","Review only after Search Console evidence is supplied","Visible FAQPage, WebPage and BreadcrumbList maintained","Relevant agency workflow/tool-selection mentions","P1 — commercial owner","Yes — hub optimization pass","Combination variants consolidate under one authoritative workflow page to prevent cannibalization."
"client management with project tracking","Feature Combinations","Commercial","/agency-operations","Secondary","Mapped to new page","Strengthen canonical owner with answer-first copy, related-hub links, FAQ and CTA alignment.","Maintain contextual links from relevant supporting pages","Review only after Search Console evidence is supplied","Visible FAQPage, WebPage and BreadcrumbList maintained","Relevant agency workflow/tool-selection mentions","P1 — commercial owner","Yes — hub optimization pass","Combination variants consolidate under one authoritative workflow page to prevent cannibalization."
"client management with portal","Feature Combinations","Commercial","/client-portal","Secondary","Mapped to new page","Strengthen canonical owner with answer-first copy, related-hub links, FAQ and CTA alignment.","Maintain contextual links from relevant supporting pages","Review only after Search Console evidence is supplied","Visible FAQPage, WebPage and BreadcrumbList maintained","Relevant agency workflow/tool-selection mentions","P1 — commercial owner","Yes — hub optimization pass","Combination variants consolidate under one authoritative workflow page to prevent cannibalization."
"client portal with invoice tracking","Feature Combinations","Commercial","/agency-crm","Secondary","Mapped to new page","Strengthen canonical owner with answer-first copy, related-hub links, FAQ and CTA alignment.","Maintain contextual links from relevant supporting pages","Review only after Search Console evidence is supplied","Visible FAQPage, WebPage and BreadcrumbList maintained","Relevant agency workflow/tool-selection mentions","P1 — commercial owner","Yes — hub optimization pass","Combination variants consolidate under one authoritative workflow page to prevent cannibalization."
"client portal with project updates","Feature Combinations","Commercial","/client-portal","Secondary","Mapped to new page","Strengthen canonical owner with answer-first copy, related-hub links, FAQ and CTA alignment.","Maintain contextual links from relevant supporting pages","Review only after Search Console evidence is supplied","Visible FAQPage, WebPage and BreadcrumbList maintained","Relevant agency workflow/tool-selection mentions","P1 — commercial owner","Yes — hub optimization pass","Combination variants consolidate under one authoritative workflow page to prevent cannibalization."
"agency CRM with task management","Feature Combinations","Commercial","/agency-crm","Secondary","Mapped to new page","Strengthen canonical owner with answer-first copy, related-hub links, FAQ and CTA alignment.","Maintain contextual links from relevant supporting pages","Review only after Search Console evidence is supplied","Visible FAQPage, WebPage and BreadcrumbList maintained","Relevant agency workflow/tool-selection mentions","P1 — commercial owner","Yes — hub optimization pass","Authoritative post-sale agency CRM hub."
"agency CRM with invoice tracking","Feature Combinations","Commercial","/agency-crm","Secondary","Mapped to new page","Strengthen canonical owner with answer-first copy, related-hub links, FAQ and CTA alignment.","Maintain contextual links from relevant supporting pages","Review only after Search Console evidence is supplied","Visible FAQPage, WebPage and BreadcrumbList maintained","Relevant agency workflow/tool-selection mentions","P1 — commercial owner","Yes — hub optimization pass","Authoritative post-sale agency CRM hub."
"agency CRM with client dashboard","Feature Combinations","Commercial","/agency-crm","Secondary","Mapped to new page","Strengthen canonical owner with answer-first copy, related-hub links, FAQ and CTA alignment.","Maintain contextual links from relevant supporting pages","Review only after Search Console evidence is supplied","Visible FAQPage, WebPage and BreadcrumbList maintained","Relevant agency workflow/tool-selection mentions","P1 — commercial owner","Yes — hub optimization pass","Authoritative post-sale agency CRM hub."
"all in one CRM and project management software","Feature Combinations","Commercial","/agency-crm","Secondary","Mapped to new page","Strengthen canonical owner with answer-first copy, related-hub links, FAQ and CTA alignment.","Maintain contextual links from relevant supporting pages","Review only after Search Console evidence is supplied","Visible FAQPage, WebPage and BreadcrumbList maintained","Relevant agency workflow/tool-selection mentions","P1 — commercial owner","Yes — hub optimization pass","Authoritative post-sale agency CRM hub."
"CRM PM invoicing software","Feature Combinations","Commercial","/agency-crm","Secondary","Mapped to new page","Strengthen canonical owner with answer-first copy, related-hub links, FAQ and CTA alignment.","Maintain contextual links from relevant supporting pages","Review only after Search Console evidence is supplied","Visible FAQPage, WebPage and BreadcrumbList maintained","Relevant agency workflow/tool-selection mentions","P1 — commercial owner","Yes — hub optimization pass","Authoritative post-sale agency CRM hub."
"CRM project invoice management software","Feature Combinations","Commercial","/agency-crm","Secondary","Mapped to new page","Strengthen canonical owner with answer-first copy, related-hub links, FAQ and CTA alignment.","Maintain contextual links from relevant supporting pages","Review only after Search Console evidence is supplied","Visible FAQPage, WebPage and BreadcrumbList maintained","Relevant agency workflow/tool-selection mentions","P1 — commercial owner","Yes — hub optimization pass","Authoritative post-sale agency CRM hub."
